 KINCAID          DEWPT     T       T       T        WS     WS      WS      WS      WD       WD     WD      WD   SIGWD   SIGWD   SIGWD   SIGWD  
TOWER DATA         100M    50M     30M     10M      100M   50M     30M     10M     100M     50M    30M     10M   100M     50M     30M     10M
 MM DD YY HH JDAY  (K)     (K)     (K)     (K)      (M/S)  (M/S)   (M/S)   (M/S)   (DEG)   (DEG)   (DEG)   (DEG)  (DEG)   (DEG)   (DEG)   (DEG)
  4  3 80  1  94  279.50 -999.99 -999.99  283.10    6.70 -999.99 -999.99    4.90 -999.99 -999.99 -999.99 -999.99 -999.99 -999.99 -999.99 -999.99
  4  3 80  2  94  279.10 -999.99 -999.99  283.10    5.80 -999.99 -999.99    4.50 -999.99 -999.99 -999.99 -999.99 -999.99 -999.99 -999.99 -999.99
  4  3 80  3  94  279.10 -999.99 -999.99  283.10    4.00 -999.99 -999.99    4.00 -999.99 -999.99 -999.99 -999.99 -999.99 -999.99 -999.99 -999.99
  4  3 80  4  94  279.10 -999.99 -999.99  283.90    2.70 -999.99 -999.99    2.70 -999.99 -999.99 -999.99 -999.99 -999.99 -999.99 -999.99 -999.99
  4  3 80  5  94  279.10 -999.99 -999.99  283.90    1.80 -999.99 -999.99    2.70 -999.99 -999.99 -999.99 -999.99 -999.99 -999.99 -999.99 -999.99
  4  3 80  6  94  279.50 -999.99 -999.99  283.90    1.80 -999.99 -999.99    2.20 -999.99 -999.99 -999.99 -999.99 -999.99 -999.99 -999.99 -999.99
  4  3 80  7  94  280.40 -999.99 -999.99  284.80    2.20 -999.99 -999.99    2.20 -999.99 -999.99 -999.99 -999.99 -999.99 -999.99 -999.99 -999.99
  4  3 80  8  94  281.90 -999.99 -999.99  286.40    3.60 -999.99 -999.99    2.70 -999.99 -999.99 -999.99 -999.99 -999.99 -999.99 -999.99 -999.99
  4  3 80  9  94  283.50 -999.99 -999.99  287.90    6.30 -999.99 -999.99    1.30 -999.99 -999.99 -999.99 -999.99 -999.99 -999.99 -999.99 -999.99
  4  3 80 10  94  285.10 -999.99 -999.99  290.40    8.00 -999.99 -999.99    1.80 -999.99 -999.99 -999.99 -999.99 -999.99 -999.99 -999.99 -999.99
  4  3 80 11  94  285.90 -999.99 -999.99  291.90    8.00 -999.99 -999.99    1.80 -999.99 -999.99 -999.99 -999.99 -999.99 -999.99 -999.99 -999.99
  4  3 80 12  94  286.80 -999.99 -999.99  292.80    7.20 -999.99 -999.99    2.20 -999.99 -999.99 -999.99 -999.99 -999.99 -999.99 -999.99 -999.99
  4  3 80 13  94  285.90 -999.99 -999.99  292.80 -999.99 -999.99 -999.99 -999.99 -999.99 -999.99 -999.99 -999.99 -999.99 -999.99 -999.99 -999.99
  4  3 80 14  94 -999.99 -999.99 -999.99  292.80 -999.99 -999.99 -999.99 -999.99 -999.99 -999.99 -999.99 -999.99 -999.99 -999.99 -999.99 -999.99
  4  3 80 15  94  277.90 -999.99 -999.99  292.80   13.00 -999.99 -999.99    8.90 -999.99 -999.99 -999.99 -999.99 -999.99 -999.99 -999.99 -999.99
  4  3 80 16  94  276.40 -999.99 -999.99  291.90   15.20 -999.99 -999.99    9.40 -999.99 -999.99 -999.99 -999.99 -999.99 -999.99 -999.99 -999.99
  4  3 80 17  94  275.10 -999.99 -999.99  288.80   14.30 -999.99 -999.99    8.50 -999.99 -999.99 -999.99 -999.99 -999.99 -999.99 -999.99 -999.99
  4  3 80 18  94  276.40 -999.99 -999.99  285.50   15.20 -999.99 -999.99    8.90 -999.99 -999.99 -999.99 -999.99 -999.99 -999.99 -999.99 -999.99
  4  3 80 19  94  274.80 -999.99 -999.99  284.80   13.40 -999.99 -999.99    8.50 -999.99 -999.99 -999.99 -999.99 -999.99 -999.99 -999.99 -999.99
  4  3 80 20  94  275.50 -999.99 -999.99  283.90   13.90 -999.99 -999.99    8.50 -999.99 -999.99 -999.99 -999.99 -999.99 -999.99 -999.99 -999.99
  4  3 80 21  94  275.50 -999.99 -999.99  283.90   13.90 -999.99 -999.99    7.60 -999.99 -999.99 -999.99 -999.99 -999.99 -999.99 -999.99 -999.99
  4  3 80 22  94  274.80 -999.99 -999.99  283.90   14.30 -999.99 -999.99    8.50 -999.99 -999.99 -999.99 -999.99 -999.99 -999.99 -999.99 -999.99
  4  3 80 23  94  273.90 -999.99 -999.99  282.40   15.20 -999.99 -999.99    8.00 -999.99 -999.99 -999.99 -999.99 -999.99 -999.99 -999.99 -999.99
  4  3 80 24  94  274.40 -999.99 -999.99  281.50   14.30 -999.99 -999.99    8.50 -999.99 -999.99 -999.99 -999.99 -999.99 -999.99 -999.99 -999.99
  4  4 80  1  95  273.90 -999.99 -999.99  280.80   12.10 -999.99 -999.99    6.30 -999.99 -999.99 -999.99 -999.99 -999.99 -999.99 -999.99 -999.99
  4  4 80  2  95  273.10 -999.99 -999.99  279.90   12.10 -999.99 -999.99    6.70 -999.99 -999.99 -999.99 -999.99 -999.99 -999.99 -999.99 -999.99
  4  4 80  3  95  273.10 -999.99 -999.99  279.90   10.70 -999.99 -999.99    5.80 -999.99 -999.99 -999.99 -999.99 -999.99 -999.99 -999.99 -999.99
  4  4 80  4  95  273.10 -999.99 -999.99  279.10   11.60 -999.99 -999.99    6.30 -999.99 -999.99 -999.99 -999.99 -999.99 -999.99 -999.99 -999.99
  4  4 80  5  95  273.10 -999.99 -999.99  279.10   13.00 -999.99 -999.99    7.20 -999.99 -999.99 -999.99 -999.99 -999.99 -999.99 -999.99 -999.99
  4  4 80  6  95  273.90 -999.99 -999.99  278.40   13.90 -999.99 -999.99    8.90 -999.99 -999.99 -999.99 -999.99 -999.99 -999.99 -999.99 -999.99
  4  4 80  7  95  273.10 -999.99 -999.99  278.40   14.30 -999.99 -999.99    9.40 -999.99 -999.99 -999.99 -999.99 -999.99 -999.99 -999.99 -999.99
  4  4 80  8  95  270.80 -999.99 -999.99  278.40   15.60 -999.99 -999.99    8.90 -999.99 -999.99 -999.99 -999.99 -999.99 -999.99 -999.99 -999.99
  4  4 80  9  95  271.50 -999.99 -999.99  278.40   14.80 -999.99 -999.99    8.50 -999.99 -999.99 -999.99 -999.99 -999.99 -999.99 -999.99 -999.99
  4  4 80 10  95  270.80 -999.99 -999.99  278.40   13.00 -999.99 -999.99    8.00 -999.99 -999.99 -999.99 -999.99 -999.99 -999.99 -999.99 -999.99
  4  4 80 11  95  270.80 -999.99 -999.99  279.10   12.10 -999.99 -999.99    7.20 -999.99 -999.99 -999.99 -999.99 -999.99 -999.99 -999.99 -999.99
  4  4 80 12  95  270.80 -999.99 -999.99  279.90   13.00 -999.99 -999.99    8.00 -999.99 -999.99 -999.99 -999.99 -999.99 -999.99 -999.99 -999.99
  4  4 80 13  95  270.80 -999.99 -999.99  281.50   12.50 -999.99 -999.99    8.50 -999.99 -999.99 -999.99 -999.99 -999.99 -999.99 -999.99 -999.99
  4  4 80 14  95  270.80 -999.99 -999.99  281.50   12.50 -999.99 -999.99    8.90 -999.99 -999.99 -999.99 -999.99 -999.99 -999.99 -999.99 -999.99
  4  4 80 15  95  270.80 -999.99 -999.99  282.40   11.60 -999.99 -999.99    8.00 -999.99 -999.99 -999.99 -999.99 -999.99 -999.99 -999.99 -999.99
  4  4 80 16  95  271.50 -999.99 -999.99  283.10   11.60 -999.99 -999.99    0.70 -999.99 -999.99 -999.99 -999.99 -999.99 -999.99 -999.99 -999.99
  4  4 80 17  95  271.50 -999.99 -999.99  283.90   12.50 -999.99 -999.99    6.30 -999.99 -999.99 -999.99 -999.99 -999.99 -999.99 -999.99 -999.99
  4  4 80 18  95  271.50 -999.99 -999.99  283.90    9.80 -999.99 -999.99    4.00 -999.99 -999.99 -999.99 -999.99 -999.99 -999.99 -999.99 -999.99
  4  4 80 19  95  271.50 -999.99 -999.99  283.10    8.90 -999.99 -999.99    3.10 -999.99 -999.99 -999.99 -999.99 -999.99 -999.99 -999.99 -999.99
  4  4 80 20  95  271.50 -999.99 -999.99  283.10    8.00 -999.99 -999.99    2.20 -999.99 -999.99 -999.99 -999.99 -999.99 -999.99 -999.99 -999.99
  4  4 80 21  95  270.80 -999.99 -999.99  282.40    7.60 -999.99 -999.99    2.20 -999.99 -999.99 -999.99 -999.99 -999.99 -999.99 -999.99 -999.99
  4  4 80 22  95  269.90 -999.99 -999.99  281.50    9.40 -999.99 -999.99    2.70 -999.99 -999.99 -999.99 -999.99 -999.99 -999.99 -999.99 -999.99
  4  4 80 23  95  269.90 -999.99 -999.99  281.50   10.30 -999.99 -999.99    3.10 -999.99 -999.99 -999.99 -999.99 -999.99 -999.99 -999.99 -999.99
  4  4 80 24  95  269.90 -999.99 -999.99  282.40    9.80 -999.99 -999.99    3.10 -999.99 -999.99 -999.99 -999.99 -999.99 -999.99 -999.99 -999.99
  4  5 80  1  96  269.90 -999.99 -999.99  281.50    9.40 -999.99 -999.99    2.70 -999.99 -999.99 -999.99 -999.99 -999.99 -999.99 -999.99 -999.99
  4  5 80  2  96  269.90 -999.99 -999.99  280.80    9.80 -999.99 -999.99    3.10 -999.99 -999.99 -999.99 -999.99 -999.99 -999.99 -999.99 -999.99
  4  5 80  3  96  270.40 -999.99 -999.99  279.90   10.70 -999.99 -999.99    3.60 -999.99 -999.99 -999.99 -999.99 -999.99 -999.99 -999.99 -999.99
  4  5 80  4  96  270.40 -999.99 -999.99  279.90    9.40 -999.99 -999.99    3.60 -999.99 -999.99 -999.99 -999.99 -999.99 -999.99 -999.99 -999.99
  4  5 80  5  96  269.90 -999.99 -999.99  279.10    8.90 -999.99 -999.99    4.00 -999.99 -999.99 -999.99 -999.99 -999.99 -999.99 -999.99 -999.99
  4  5 80  6  96  269.50 -999.99 -999.99  279.10    8.00 -999.99 -999.99    4.00 -999.99 -999.99 -999.99 -999.99 -999.99 -999.99 -999.99 -999.99
  4  5 80  7  96  269.90 -999.99 -999.99  278.40    8.00 -999.99 -999.99    2.70 -999.99 -999.99 -999.99 -999.99 -999.99 -999.99 -999.99 -999.99
  4  5 80  8  96  270.80 -999.99 -999.99  280.80    6.30 -999.99 -999.99    2.70 -999.99 -999.99 -999.99 -999.99 -999.99 -999.99 -999.99 -999.99
  4  5 80  9  96  271.50 -999.99 -999.99 -999.99    3.60 -999.99 -999.99 -999.99 -999.99 -999.99 -999.99 -999.99 -999.99 -999.99 -999.99 -999.99
  4  5 80 10  96  271.50 -999.99 -999.99 -999.99    3.10 -999.99 -999.99 -999.99 -999.99 -999.99 -999.99 -999.99 -999.99 -999.99 -999.99 -999.99
  4  5 80 11  96  270.80 -999.99 -999.99 -999.99    3.60 -999.99 -999.99 -999.99 -999.99 -999.99 -999.99 -999.99 -999.99 -999.99 -999.99 -999.99
  4  5 80 12  96  270.40 -999.99 -999.99 -999.99    3.10 -999.99 -999.99 -999.99 -999.99 -999.99 -999.99 -999.99 -999.99 -999.99 -999.99 -999.99
  4  5 80 13  96  270.40 -999.99 -999.99 -999.99    3.60 -999.99 -999.99 -999.99 -999.99 -999.99 -999.99 -999.99 -999.99 -999.99 -999.99 -999.99
  4  5 80 14  96  270.40 -999.99 -999.99 -999.99    4.50 -999.99 -999.99 -999.99 -999.99 -999.99 -999.99 -999.99 -999.99 -999.99 -999.99 -999.99
  4  5 80 15  96 -999.99 -999.99 -999.99 -999.99    4.90 -999.99 -999.99    3.60 -999.99 -999.99 -999.99 -999.99 -999.99 -999.99 -999.99 -999.99
  4  5 80 16  96  271.90 -999.99 -999.99  289.50    4.90 -999.99 -999.99    3.10 -999.99 -999.99 -999.99 -999.99 -999.99 -999.99 -999.99 -999.99
  4  5 80 17  96  272.40 -999.99 -999.99  290.40    4.90 -999.99 -999.99    3.10 -999.99 -999.99 -999.99 -999.99 -999.99 -999.99 -999.99 -999.99
  4  5 80 18  96  272.40 -999.99 -999.99  289.50    5.40 -999.99 -999.99    3.10 -999.99 -999.99 -999.99 -999.99 -999.99 -999.99 -999.99 -999.99
  4  5 80 19  96  272.40 -999.99 -999.99  288.80    5.80 -999.99    4.00    2.70 -999.99 -999.99 -999.99 -999.99 -999.99 -999.99 -999.99 -999.99
  4  5 80 20  96  272.40 -999.99 -999.99  286.40    7.60 -999.99    5.40    3.10 -999.99 -999.99 -999.99 -999.99 -999.99 -999.99 -999.99 -999.99
  4  5 80 21  96  271.50 -999.99 -999.99  284.80    9.40 -999.99    6.30    3.10 -999.99 -999.99 -999.99 -999.99 -999.99 -999.99 -999.99 -999.99
  4  5 80 22  96  271.50 -999.99 -999.99  283.90   10.30 -999.99    6.30    3.60 -999.99 -999.99 -999.99 -999.99 -999.99 -999.99 -999.99 -999.99
  4  5 80 23  96  271.50 -999.99 -999.99  283.90   12.50 -999.99    7.20    4.00 -999.99 -999.99 -999.99 -999.99 -999.99 -999.99 -999.99 -999.99
  4  5 80 24  96  272.40 -999.99 -999.99  283.90   13.00 -999.99    7.60    4.50 -999.99 -999.99 -999.99 -999.99 -999.99 -999.99 -999.99 -999.99
  4  6 80  1  97  272.40 -999.99 -999.99  283.10   13.00 -999.99    7.60    4.90 -999.99 -999.99 -999.99 -999.99 -999.99 -999.99 -999.99 -999.99
  4  6 80  2  97  273.10 -999.99 -999.99  283.10   12.50 -999.99    8.00    5.80 -999.99 -999.99 -999.99 -999.99 -999.99 -999.99 -999.99 -999.99
  4  6 80  3  97  273.90 -999.99 -999.99  283.10   13.00 -999.99    7.60    5.40 -999.99 -999.99 -999.99 -999.99 -999.99 -999.99 -999.99 -999.99
  4  6 80  4  97  274.80 -999.99 -999.99  283.10   12.50 -999.99    7.60    5.80 -999.99 -999.99 -999.99 -999.99 -999.99 -999.99 -999.99 -999.99
  4  6 80  5  97  273.90 -999.99 -999.99  283.10   13.00 -999.99    8.00    5.80 -999.99 -999.99 -999.99 -999.99 -999.99 -999.99 -999.99 -999.99
  4  6 80  6  97  273.10 -999.99 -999.99  283.10   13.00 -999.99    8.50    6.30 -999.99 -999.99 -999.99 -999.99 -999.99 -999.99 -999.99 -999.99
  4  6 80  7  97  273.50 -999.99 -999.99  283.10   12.50 -999.99    8.50    6.70 -999.99 -999.99 -999.99 -999.99 -999.99 -999.99 -999.99 -999.99
  4  6 80  8  97  273.90 -999.99 -999.99  283.90   12.10 -999.99    8.90    7.60 -999.99 -999.99 -999.99 -999.99 -999.99 -999.99 -999.99 -999.99
  4  6 80  9  97  274.80 -999.99 -999.99  285.50   12.10 -999.99   11.20    9.40 -999.99 -999.99 -999.99 -999.99 -999.99 -999.99 -999.99 -999.99
  4  6 80 10  97  274.40 -999.99 -999.99  286.40   13.40 -999.99   12.50   11.20 -999.99 -999.99 -999.99 -999.99 -999.99 -999.99 -999.99 -999.99
  4  6 80 11  97  274.80 -999.99 -999.99  288.80   13.90 -999.99   12.50   11.60 -999.99 -999.99 -999.99 -999.99 -999.99 -999.99 -999.99 -999.99
  4  6 80 12  97  275.50 -999.99 -999.99  289.50   13.40 -999.99   12.50   11.60 -999.99 -999.99 -999.99 -999.99 -999.99 -999.99 -999.99 -999.99
  4  6 80 13  97  275.10 -999.99 -999.99  289.50   13.40 -999.99   12.50   11.20 -999.99 -999.99 -999.99 -999.99 -999.99 -999.99 -999.99 -999.99
  4  6 80 14  97  274.80 -999.99 -999.99  290.40   13.00 -999.99   13.00   11.60 -999.99 -999.99 -999.99 -999.99 -999.99 -999.99 -999.99 -999.99
  4  6 80 15  97  274.80 -999.99 -999.99  291.10   14.30 -999.99   13.00   12.10 -999.99 -999.99 -999.99 -999.99 -999.99 -999.99 -999.99 -999.99
  4  6 80 16  97  275.50 -999.99 -999.99  290.40   14.80 -999.99   11.60   11.60 -999.99 -999.99 -999.99 -999.99 -999.99 -999.99 -999.99 -999.99
  4  6 80 17  97  275.50 -999.99 -999.99  290.40   12.10 -999.99   10.70    8.00 -999.99 -999.99 -999.99 -999.99 -999.99 -999.99 -999.99 -999.99
  4  6 80 18  97  275.90 -999.99 -999.99  287.90    9.80 -999.99    7.20    5.40 -999.99 -999.99 -999.99 -999.99 -999.99 -999.99 -999.99 -999.99
  4  6 80 19  97  276.40 -999.99 -999.99  287.10   10.30 -999.99    7.60    5.40 -999.99 -999.99 -999.99 -999.99 -999.99 -999.99 -999.99 -999.99
  4  6 80 20  97  276.40 -999.99 -999.99  287.10   11.60 -999.99    8.00    6.30 -999.99 -999.99 -999.99 -999.99 -999.99 -999.99 -999.99 -999.99
  4  6 80 21  97  275.50 -999.99 -999.99  286.40   12.50 -999.99    8.90    6.70 -999.99 -999.99 -999.99 -999.99 -999.99 -999.99 -999.99 -999.99
  4  6 80 22  97  276.80 -999.99 -999.99  285.50   11.60 -999.99    8.50    5.80 -999.99 -999.99 -999.99 -999.99 -999.99 -999.99 -999.99 -999.99
  4  6 80 23  97  276.40 -999.99 -999.99  285.50   12.10 -999.99    8.50    6.30 -999.99 -999.99 -999.99 -999.99 -999.99 -999.99 -999.99 -999.99
  4  6 80 24  97  276.40 -999.99 -999.99  284.80   12.50 -999.99    8.90    6.30 -999.99 -999.99 -999.99 -999.99 -999.99 -999.99 -999.99 -999.99
  4  7 80  1  98  276.40 -999.99 -999.99  284.80   12.10 -999.99    7.60    5.80 -999.99 -999.99 -999.99 -999.99 -999.99 -999.99 -999.99 -999.99
  4  7 80  2  98  277.90 -999.99 -999.99  284.80   13.00 -999.99   10.30    8.00 -999.99 -999.99 -999.99 -999.99 -999.99 -999.99 -999.99 -999.99
  4  7 80  3  98  279.50 -999.99 -999.99  283.90   13.40 -999.99   10.70    9.80 -999.99 -999.99 -999.99 -999.99 -999.99 -999.99 -999.99 -999.99
  4  7 80  4  98  278.80 -999.99 -999.99  283.90   10.70 -999.99    8.00    5.40 -999.99 -999.99 -999.99 -999.99 -999.99 -999.99 -999.99 -999.99
  4  7 80  5  98  278.80 -999.99 -999.99  283.10   11.20 -999.99    7.60    4.90 -999.99 -999.99 -999.99 -999.99 -999.99 -999.99 -999.99 -999.99
  4  7 80  6  98  279.50 -999.99 -999.99  283.10    9.80 -999.99    6.70    5.40 -999.99 -999.99 -999.99 -999.99 -999.99 -999.99 -999.99 -999.99
  4  7 80  7  98  280.40 -999.99 -999.99  283.90   10.30 -999.99    8.00    5.80 -999.99 -999.99 -999.99 -999.99 -999.99 -999.99 -999.99 -999.99
  4  7 80  8  98  279.50 -999.99 -999.99  284.80    8.00 -999.99    7.20    6.70 -999.99 -999.99 -999.99 -999.99 -999.99 -999.99 -999.99 -999.99
  4  7 80  9  98  280.80 -999.99 -999.99  285.50    8.90 -999.99    8.90    7.60 -999.99 -999.99 -999.99 -999.99 -999.99 -999.99 -999.99 -999.99
  4  7 80 10  98  281.90 -999.99 -999.99  287.90    9.80 -999.99    9.80    7.60 -999.99 -999.99 -999.99 -999.99 -999.99 -999.99 -999.99 -999.99
  4  7 80 11  98  283.10 -999.99 -999.99  290.40   10.30 -999.99    9.40    7.20 -999.99 -999.99 -999.99 -999.99 -999.99 -999.99 -999.99 -999.99
  4  7 80 12  98  283.90 -999.99 -999.99  291.10   10.30 -999.99    9.80    8.00 -999.99 -999.99 -999.99 -999.99 -999.99 -999.99 -999.99 -999.99
  4  7 80 13  98  284.40 -999.99 -999.99  291.90   12.10 -999.99   10.30    8.90 -999.99 -999.99 -999.99 -999.99 -999.99 -999.99 -999.99 -999.99
  4  7 80 14  98  283.50 -999.99 -999.99  293.50   12.10 -999.99   11.20    9.80 -999.99 -999.99 -999.99 -999.99 -999.99 -999.99 -999.99 -999.99
  4  7 80 15  98  282.80 -999.99 -999.99  294.40   11.60 -999.99   10.30    8.90 -999.99 -999.99 -999.99 -999.99 -999.99 -999.99 -999.99 -999.99
  4  7 80 16  98  282.80 -999.99 -999.99  294.40    9.80 -999.99    8.00    7.20 -999.99 -999.99 -999.99 -999.99 -999.99 -999.99 -999.99 -999.99
  4  7 80 17  98  285.10 -999.99 -999.99  294.40   11.20 -999.99    9.40    8.00 -999.99 -999.99 -999.99 -999.99 -999.99 -999.99 -999.99 -999.99
  4  7 80 18  98  284.80 -999.99 -999.99  293.50   13.90 -999.99   11.20    9.80 -999.99 -999.99 -999.99 -999.99 -999.99 -999.99 -999.99 -999.99
  4  7 80 19  98  284.40 -999.99 -999.99  291.90   13.40 -999.99    8.90    8.00 -999.99 -999.99 -999.99 -999.99 -999.99 -999.99 -999.99 -999.99
  4  7 80 20  98  284.40 -999.99 -999.99  290.40    9.80 -999.99    7.20    4.00 -999.99 -999.99 -999.99 -999.99 -999.99 -999.99 -999.99 -999.99
  4  7 80 21  98  284.40 -999.99 -999.99  289.50    8.90 -999.99    6.70    4.90 -999.99 -999.99 -999.99 -999.99 -999.99 -999.99 -999.99 -999.99
  4  7 80 22  98  284.40 -999.99 -999.99  288.80   10.30 -999.99    7.60    5.40 -999.99 -999.99 -999.99 -999.99 -999.99 -999.99 -999.99 -999.99
  4  7 80 23  98  284.40 -999.99 -999.99  288.80   13.40 -999.99   11.20    8.50 -999.99 -999.99 -999.99 -999.99 -999.99 -999.99 -999.99 -999.99
  4  7 80 24  98  284.40 -999.99 -999.99  288.80   15.20 -999.99   12.50   10.70 -999.99 -999.99 -999.99 -999.99 -999.99 -999.99 -999.99 -999.99
  4  8 80  1  99  281.50 -999.99 -999.99  285.50   17.00 -999.99   14.80   12.10 -999.99 -999.99 -999.99 -999.99 -999.99 -999.99 -999.99 -999.99
  4  8 80  2  99  281.10 -999.99 -999.99  285.50   14.30 -999.99   11.60    9.80 -999.99 -999.99 -999.99 -999.99 -999.99 -999.99 -999.99 -999.99
  4  8 80  3  99  281.50 -999.99 -999.99  285.50   11.20 -999.99    9.40    6.30 -999.99 -999.99 -999.99 -999.99 -999.99 -999.99 -999.99 -999.99
  4  8 80  4  99  280.80 -999.99 -999.99  283.90    6.70 -999.99    6.30    5.40 -999.99 -999.99 -999.99 -999.99 -999.99 -999.99 -999.99 -999.99
  4  8 80  5  99  280.40 -999.99 -999.99  283.90    4.50 -999.99    4.00    3.60 -999.99 -999.99 -999.99 -999.99 -999.99 -999.99 -999.99 -999.99
  4  8 80  6  99  280.40 -999.99 -999.99  283.90    2.70 -999.99    3.10    2.20 -999.99 -999.99 -999.99 -999.99 -999.99 -999.99 -999.99 -999.99
  4  8 80  7  99  280.40 -999.99 -999.99  283.10    2.20 -999.99    1.80    1.30 -999.99 -999.99 -999.99 -999.99 -999.99 -999.99 -999.99 -999.99
  4  8 80  8  99  279.90 -999.99 -999.99  283.10    4.00 -999.99    3.10    1.80 -999.99 -999.99 -999.99 -999.99 -999.99 -999.99 -999.99 -999.99
  4  8 80  9  99  280.40 -999.99 -999.99  283.90    8.90 -999.99    7.20    5.40 -999.99 -999.99 -999.99 -999.99 -999.99 -999.99 -999.99 -999.99
  4  8 80 10  99  279.50 -999.99 -999.99  284.80    8.90 -999.99    7.20    6.30 -999.99 -999.99 -999.99 -999.99 -999.99 -999.99 -999.99 -999.99
  4  8 80 11  99  279.50 -999.99 -999.99  285.50    9.80 -999.99    8.90    7.60 -999.99 -999.99 -999.99 -999.99 -999.99 -999.99 -999.99 -999.99
  4  8 80 12  99  279.50 -999.99 -999.99  286.40   12.50 -999.99   10.30    8.00 -999.99 -999.99 -999.99 -999.99 -999.99 -999.99 -999.99 -999.99
  4  8 80 13  99  278.80 -999.99 -999.99  284.80   12.10 -999.99   10.30    7.60 -999.99 -999.99 -999.99 -999.99 -999.99 -999.99 -999.99 -999.99
  4  8 80 14  99  278.80 -999.99 -999.99  283.90   13.90 -999.99   11.20    9.40 -999.99 -999.99 -999.99 -999.99 -999.99 -999.99 -999.99 -999.99
  4  8 80 15  99  278.80 -999.99 -999.99  283.90   14.80 -999.99   12.10    9.40 -999.99 -999.99 -999.99 -999.99 -999.99 -999.99 -999.99 -999.99
  4  8 80 16  99  278.40 -999.99 -999.99  283.90   14.80 -999.99   11.60    9.80 -999.99 -999.99 -999.99 -999.99 -999.99 -999.99 -999.99 -999.99
  4  8 80 17  99  277.90 -999.99 -999.99  283.10   16.10 -999.99   13.00    9.40 -999.99 -999.99 -999.99 -999.99 -999.99 -999.99 -999.99 -999.99
  4  8 80 18  99  277.90 -999.99 -999.99  282.40   15.20 -999.99   12.10    8.90 -999.99 -999.99 -999.99 -999.99 -999.99 -999.99 -999.99 -999.99
  4  8 80 19  99  277.90 -999.99 -999.99  281.50   16.10 -999.99   12.10    9.40 -999.99 -999.99 -999.99 -999.99 -999.99 -999.99 -999.99 -999.99
  4  8 80 20  99  277.10 -999.99 -999.99  281.50   16.10 -999.99   13.00    9.40 -999.99 -999.99 -999.99 -999.99 -999.99 -999.99 -999.99 -999.99
  4  8 80 21  99  276.80 -999.99 -999.99  280.80   14.30 -999.99   12.10    8.00 -999.99 -999.99 -999.99 -999.99 -999.99 -999.99 -999.99 -999.99
  4  8 80 22  99  280.40 -999.99 -999.99  280.80   13.90 -999.99   11.20    8.50 -999.99 -999.99 -999.99 -999.99 -999.99 -999.99 -999.99 -999.99
  4  8 80 23  99  275.50 -999.99 -999.99  280.80   13.40 -999.99   11.20    7.60 -999.99 -999.99 -999.99 -999.99 -999.99 -999.99 -999.99 -999.99
  4  8 80 24  99  274.80 -999.99 -999.99  279.90   15.20 -999.99   11.20    8.90 -999.99 -999.99 -999.99 -999.99 -999.99 -999.99 -999.99 -999.99
  4  9 80  1 100  274.80 -999.99 -999.99  279.90   13.90 -999.99   11.20    7.60 -999.99 -999.99 -999.99 -999.99 -999.99 -999.99 -999.99 -999.99
  4  9 80  2 100  274.80 -999.99 -999.99  279.10   12.50 -999.99   10.30    7.20 -999.99 -999.99 -999.99 -999.99 -999.99 -999.99 -999.99 -999.99
  4  9 80  3 100  274.80 -999.99 -999.99  279.10   13.00 -999.99   10.30    7.60 -999.99 -999.99 -999.99 -999.99 -999.99 -999.99 -999.99 -999.99
  4  9 80  4 100  273.90 -999.99 -999.99  278.40   13.00 -999.99   10.70    8.00 -999.99 -999.99 -999.99 -999.99 -999.99 -999.99 -999.99 -999.99
  4  9 80  5 100  273.90 -999.99 -999.99  277.50   12.10 -999.99   10.70    8.00 -999.99 -999.99 -999.99 -999.99 -999.99 -999.99 -999.99 -999.99
  4  9 80  6 100  273.90 -999.99 -999.99  277.50   12.50 -999.99   10.70    7.20 -999.99 -999.99 -999.99 -999.99 -999.99 -999.99 -999.99 -999.99
  4  9 80  7 100  273.90 -999.99 -999.99  277.50   13.40 -999.99   11.20    8.00 -999.99 -999.99 -999.99 -999.99 -999.99 -999.99 -999.99 -999.99
  4  9 80  8 100  273.90 -999.99 -999.99  277.50   14.30 -999.99   12.50    9.40 -999.99 -999.99 -999.99 -999.99 -999.99 -999.99 -999.99 -999.99
  4  9 80  9 100  273.10 -999.99 -999.99  275.90   13.40 -999.99    9.80    7.60 -999.99 -999.99 -999.99 -999.99 -999.99 -999.99 -999.99 -999.99
  4  9 80 10 100  273.10 -999.99 -999.99  275.90   10.70 -999.99    8.50    6.30 -999.99 -999.99 -999.99 -999.99 -999.99 -999.99 -999.99 -999.99
  4  9 80 11 100  273.10 -999.99 -999.99  275.10   12.10 -999.99    8.90    7.20 -999.99 -999.99 -999.99 -999.99 -999.99 -999.99 -999.99 -999.99
  4  9 80 12 100  272.80 -999.99 -999.99  275.10   10.70 -999.99    8.00    7.20 -999.99 -999.99 -999.99 -999.99 -999.99 -999.99 -999.99 -999.99
  4  9 80 13 100  273.10 -999.99 -999.99  275.90   13.40 -999.99   11.20    7.60 -999.99 -999.99 -999.99 -999.99 -999.99 -999.99 -999.99 -999.99
  4  9 80 14 100 -999.99 -999.99 -999.99  275.90    9.40 -999.99    8.00 -999.99 -999.99 -999.99 -999.99 -999.99 -999.99 -999.99 -999.99 -999.99
  4  9 80 15 100  274.80 -999.99 -999.99  276.80    8.90 -999.99    6.70    5.80 -999.99 -999.99 -999.99 -999.99 -999.99 -999.99 -999.99 -999.99
  4  9 80 16 100  275.90 -999.99 -999.99  276.80    8.90 -999.99    5.80    4.90 -999.99 -999.99 -999.99 -999.99 -999.99 -999.99 -999.99 -999.99
  4  9 80 17 100  275.50 -999.99 -999.99  276.80    9.40 -999.99    6.70    5.80 -999.99 -999.99 -999.99 -999.99 -999.99 -999.99 -999.99 -999.99
  4  9 80 18 100  275.50 -999.99 -999.99  277.50   10.70 -999.99    7.20    6.30 -999.99 -999.99 -999.99 -999.99 -999.99 -999.99 -999.99 -999.99
  4  9 80 19 100  275.90 -999.99 -999.99  277.50   11.60 -999.99    8.50    7.20 -999.99 -999.99 -999.99 -999.99 -999.99 -999.99 -999.99 -999.99
  4  9 80 20 100  275.50 -999.99 -999.99  278.40    8.90 -999.99    6.70    5.40 -999.99 -999.99 -999.99 -999.99 -999.99 -999.99 -999.99 -999.99
  4  9 80 21 100  275.50 -999.99 -999.99  278.40    7.60 -999.99    5.40    5.40 -999.99 -999.99 -999.99 -999.99 -999.99 -999.99 -999.99 -999.99
  4  9 80 22 100  275.50 -999.99 -999.99  277.50    7.60 -999.99    5.80    4.90 -999.99 -999.99 -999.99 -999.99 -999.99 -999.99 -999.99 -999.99
  4  9 80 23 100  274.80 -999.99 -999.99  276.80    8.50 -999.99    6.30    5.40 -999.99 -999.99 -999.99 -999.99 -999.99 -999.99 -999.99 -999.99
  4  9 80 24 100  273.90 -999.99 -999.99  276.80    9.40 -999.99    6.70    6.30 -999.99 -999.99 -999.99 -999.99 -999.99 -999.99 -999.99 -999.99
  4 10 80  1 101  273.90 -999.99 -999.99  276.80    7.60 -999.99    5.80    4.90 -999.99 -999.99 -999.99 -999.99 -999.99 -999.99 -999.99 -999.99
  4 10 80  2 101  273.90 -999.99 -999.99  276.80    6.30 -999.99    5.40    4.50 -999.99 -999.99 -999.99 -999.99 -999.99 -999.99 -999.99 -999.99
  4 10 80  3 101  273.10 -999.99 -999.99  276.80    6.30 -999.99    5.40    4.00 -999.99 -999.99 -999.99 -999.99 -999.99 -999.99 -999.99 -999.99
  4 10 80  4 101  273.10 -999.99 -999.99  276.80    6.70 -999.99    4.50    3.60 -999.99 -999.99 -999.99 -999.99 -999.99 -999.99 -999.99 -999.99
  4 10 80  5 101  273.10 -999.99 -999.99  276.80    7.60 -999.99    4.90    4.50 -999.99 -999.99 -999.99 -999.99 -999.99 -999.99 -999.99 -999.99
  4 10 80  6 101  273.10 -999.99 -999.99  275.90    6.70 -999.99    4.50    3.10 -999.99 -999.99 -999.99 -999.99 -999.99 -999.99 -999.99 -999.99
  4 10 80  7 101  272.80 -999.99 -999.99  275.90    7.20 -999.99    4.90    3.60 -999.99 -999.99 -999.99 -999.99 -999.99 -999.99 -999.99 -999.99
  4 10 80  8 101  272.40 -999.99 -999.99  275.90    6.30 -999.99    4.50    4.00 -999.99 -999.99 -999.99 -999.99 -999.99 -999.99 -999.99 -999.99
  4 10 80  9 101  272.40 -999.99 -999.99  275.90    4.90 -999.99    3.60    3.10 -999.99 -999.99 -999.99 -999.99 -999.99 -999.99 -999.99 -999.99
  4 10 80 10 101  272.40 -999.99 -999.99  276.80    5.40 -999.99    4.90    4.50 -999.99 -999.99 -999.99 -999.99 -999.99 -999.99 -999.99 -999.99
  4 10 80 11 101  273.50 -999.99 -999.99  278.40    6.30 -999.99    6.30    4.90 -999.99 -999.99 -999.99 -999.99 -999.99 -999.99 -999.99 -999.99
  4 10 80 12 101  274.80 -999.99 -999.99  280.80    5.80 -999.99    6.70    5.80 -999.99 -999.99 -999.99 -999.99 -999.99 -999.99 -999.99 -999.99
  4 10 80 13 101  275.10 -999.99 -999.99  282.40    7.20 -999.99    7.20    6.30 -999.99 -999.99 -999.99 -999.99 -999.99 -999.99 -999.99 -999.99
  4 10 80 14 101  274.40 -999.99 -999.99  283.90    8.00 -999.99    8.00    6.30 -999.99 -999.99 -999.99 -999.99 -999.99 -999.99 -999.99 -999.99
  4 10 80 15 101  273.90 -999.99 -999.99  284.80    7.60 -999.99    0.70    5.80 -999.99 -999.99 -999.99 -999.99 -999.99 -999.99 -999.99 -999.99
  4 10 80 16 101  273.90 -999.99 -999.99  285.50    7.20 -999.99    5.80    6.30 -999.99 -999.99 -999.99 -999.99 -999.99 -999.99 -999.99 -999.99
  4 10 80 17 101  273.10 -999.99 -999.99  286.40    6.30 -999.99    5.80    4.90 -999.99 -999.99 -999.99 -999.99 -999.99 -999.99 -999.99 -999.99
  4 10 80 18 101  273.10 -999.99 -999.99  286.40    5.80 -999.99    3.60    4.00 -999.99 -999.99 -999.99 -999.99 -999.99 -999.99 -999.99 -999.99
  4 10 80 19 101  272.80 -999.99 -999.99  284.80    3.60 -999.99    1.80    1.30 -999.99 -999.99 -999.99 -999.99 -999.99 -999.99 -999.99 -999.99
  4 10 80 20 101  272.40 -999.99 -999.99  284.80    1.30 -999.99    0.40    0.40 -999.99 -999.99 -999.99 -999.99 -999.99 -999.99 -999.99 -999.99
  4 10 80 21 101  272.40 -999.99 -999.99  283.10    1.80 -999.99    1.30    1.30 -999.99 -999.99 -999.99 -999.99 -999.99 -999.99 -999.99 -999.99
  4 10 80 22 101  272.40 -999.99 -999.99  282.40    3.60 -999.99    3.10    2.20 -999.99 -999.99 -999.99 -999.99 -999.99 -999.99 -999.99 -999.99
  4 10 80 23 101  272.80 -999.99 -999.99  281.50    4.90 -999.99    4.00    2.20 -999.99 -999.99 -999.99 -999.99 -999.99 -999.99 -999.99 -999.99
  4 10 80 24 101  275.50 -999.99 -999.99  279.90    7.60 -999.99    4.00    3.10 -999.99 -999.99 -999.99 -999.99 -999.99 -999.99 -999.99 -999.99
  4 11 80  1 102  275.90 -999.99 -999.99  279.90    4.90 -999.99    2.70    2.70 -999.99 -999.99 -999.99 -999.99 -999.99 -999.99 -999.99 -999.99
  4 11 80  2 102  275.90 -999.99 -999.99  279.90    3.60 -999.99    3.10    2.70 -999.99 -999.99 -999.99 -999.99 -999.99 -999.99 -999.99 -999.99
  4 11 80  3 102  276.80 -999.99 -999.99  279.10    4.90 -999.99    3.60    3.10 -999.99 -999.99 -999.99 -999.99 -999.99 -999.99 -999.99 -999.99
  4 11 80  4 102  277.10 -999.99 -999.99  279.10    7.60 -999.99    4.90    4.00 -999.99 -999.99 -999.99 -999.99 -999.99 -999.99 -999.99 -999.99
  4 11 80  5 102  277.10 -999.99 -999.99  278.40    9.40 -999.99    5.40    4.50 -999.99 -999.99 -999.99 -999.99 -999.99 -999.99 -999.99 -999.99
  4 11 80  6 102  276.40 -999.99 -999.99  278.40   10.70 -999.99    5.40    4.90 -999.99 -999.99 -999.99 -999.99 -999.99 -999.99 -999.99 -999.99
  4 11 80  7 102  275.90 -999.99 -999.99  278.40    8.50 -999.99    4.50    4.00 -999.99 -999.99 -999.99 -999.99 -999.99 -999.99 -999.99 -999.99
  4 11 80  8 102  275.90 -999.99 -999.99  279.10    7.60 -999.99    4.50    4.00 -999.99 -999.99 -999.99 -999.99 -999.99 -999.99 -999.99 -999.99
  4 11 80  9 102  276.40 -999.99 -999.99  279.90    8.50 -999.99    5.80    4.90 -999.99 -999.99 -999.99 -999.99 -999.99 -999.99 -999.99 -999.99
  4 11 80 10 102  276.40 -999.99 -999.99  282.40    8.90 -999.99    6.30    5.40 -999.99 -999.99 -999.99 -999.99 -999.99 -999.99 -999.99 -999.99
  4 11 80 11 102  277.10 -999.99 -999.99  283.90    7.60 -999.99    6.30    5.80 -999.99 -999.99 -999.99 -999.99 -999.99 -999.99 -999.99 -999.99
  4 11 80 12 102  277.90 -999.99 -999.99  284.80    4.00 -999.99    4.50    4.00 -999.99 -999.99 -999.99 -999.99 -999.99 -999.99 -999.99 -999.99
  4 11 80 13 102  278.40 -999.99 -999.99  285.50    5.40 -999.99    4.00    3.10 -999.99 -999.99 -999.99 -999.99 -999.99 -999.99 -999.99 -999.99
  4 11 80 14 102  278.80 -999.99 -999.99  286.40    8.00 -999.99    6.70    5.40 -999.99 -999.99 -999.99 -999.99 -999.99 -999.99 -999.99 -999.99
  4 11 80 15 102  278.80 -999.99 -999.99  285.50    7.60 -999.99    6.70    5.80 -999.99 -999.99 -999.99 -999.99 -999.99 -999.99 -999.99 -999.99
  4 11 80 16 102  278.80 -999.99 -999.99  285.50    7.60 -999.99    6.30    5.40 -999.99 -999.99 -999.99 -999.99 -999.99 -999.99 -999.99 -999.99
  4 11 80 17 102  279.50 -999.99 -999.99  284.80    8.50 -999.99    8.00    5.40 -999.99 -999.99 -999.99 -999.99 -999.99 -999.99 -999.99 -999.99
  4 11 80 18 102  280.40 -999.99 -999.99  284.80   10.70 -999.99    8.90    8.00 -999.99 -999.99 -999.99 -999.99 -999.99 -999.99 -999.99 -999.99
  4 11 80 19 102  280.40 -999.99 -999.99  284.80    9.80 -999.99    7.20    7.20 -999.99 -999.99 -999.99 -999.99 -999.99 -999.99 -999.99 -999.99
  4 11 80 20 102  278.80 -999.99 -999.99  282.40    8.00 -999.99    7.20    5.40 -999.99 -999.99 -999.99 -999.99 -999.99 -999.99 -999.99 -999.99
  4 11 80 21 102  276.40 -999.99 -999.99  278.40    7.20 -999.99    7.20    6.30 -999.99 -999.99 -999.99 -999.99 -999.99 -999.99 -999.99 -999.99
  4 11 80 22 102  275.50 -999.99 -999.99  277.50    7.60 -999.99    8.50    6.70 -999.99 -999.99 -999.99 -999.99 -999.99 -999.99 -999.99 -999.99
  4 11 80 23 102  275.10 -999.99 -999.99  276.80   11.20 -999.99    9.80    7.20 -999.99 -999.99 -999.99 -999.99 -999.99 -999.99 -999.99 -999.99
  4 11 80 24 102  275.50 -999.99 -999.99  276.80   11.20 -999.99    9.40    7.60 -999.99 -999.99 -999.99 -999.99 -999.99 -999.99 -999.99 -999.99
  4 12 80  1 103  274.80 -999.99 -999.99  276.80   11.20 -999.99    8.00 -999.99 -999.99 -999.99 -999.99 -999.99 -999.99 -999.99 -999.99 -999.99
  4 12 80  2 103  273.90 -999.99 -999.99  276.80   11.20 -999.99    8.90 -999.99 -999.99 -999.99 -999.99 -999.99 -999.99 -999.99 -999.99 -999.99
  4 12 80  3 103  273.50 -999.99 -999.99  275.90   10.30 -999.99    7.60 -999.99 -999.99 -999.99 -999.99 -999.99 -999.99 -999.99 -999.99 -999.99
  4 12 80  4 103  273.10 -999.99 -999.99  275.90    7.60 -999.99    5.40 -999.99 -999.99 -999.99 -999.99 -999.99 -999.99 -999.99 -999.99 -999.99
  4 12 80  5 103  272.80 -999.99 -999.99  275.10    7.60 -999.99    4.90    1.80 -999.99 -999.99 -999.99 -999.99 -999.99 -999.99 -999.99 -999.99
  4 12 80  6 103  272.40 -999.99 -999.99  275.10    8.50 -999.99    5.40    1.60 -999.99 -999.99 -999.99 -999.99 -999.99 -999.99 -999.99 -999.99
  4 12 80  7 103  272.40 -999.99 -999.99  275.10    8.50 -999.99    5.80    2.00 -999.99 -999.99 -999.99 -999.99 -999.99 -999.99 -999.99 -999.99
  4 12 80  8 103  271.90 -999.99 -999.99  276.80   10.30 -999.99    8.50    2.00 -999.99 -999.99 -999.99 -999.99 -999.99 -999.99 -999.99 -999.99
  4 12 80  9 103  270.40 -999.99 -999.99  278.40   10.30 -999.99    8.90    2.90 -999.99 -999.99 -999.99 -999.99 -999.99 -999.99 -999.99 -999.99
  4 12 80 10 103  269.50 -999.99 -999.99  279.10   10.70 -999.99    8.90    4.00 -999.99 -999.99 -999.99 -999.99 -999.99 -999.99 -999.99 -999.99
  4 12 80 11 103  269.90 -999.99 -999.99  279.90   10.70 -999.99    9.80    4.50 -999.99 -999.99 -999.99 -999.99 -999.99 -999.99 -999.99 -999.99
  4 12 80 12 103  270.80 -999.99 -999.99  279.90   11.20 -999.99   10.70    4.50 -999.99 -999.99 -999.99 -999.99 -999.99 -999.99 -999.99 -999.99
  4 12 80 13 103  270.80 -999.99 -999.99  279.90   11.20 -999.99   10.70    4.00 -999.99 -999.99 -999.99 -999.99 -999.99 -999.99 -999.99 -999.99
  4 12 80 14 103  270.80 -999.99 -999.99  279.90   10.30 -999.99    9.40    3.60 -999.99 -999.99 -999.99 -999.99 -999.99 -999.99 -999.99 -999.99
  4 12 80 15 103  270.80 -999.99 -999.99  279.90    8.90 -999.99    8.50    3.60 -999.99 -999.99 -999.99 -999.99 -999.99 -999.99 -999.99 -999.99
  4 12 80 16 103  270.80 -999.99 -999.99  279.90    8.00 -999.99    7.60    3.10 -999.99 -999.99 -999.99 -999.99 -999.99 -999.99 -999.99 -999.99
  4 12 80 17 103  270.80 -999.99 -999.99  280.80    7.60 -999.99    7.20    2.70 -999.99 -999.99 -999.99 -999.99 -999.99 -999.99 -999.99 -999.99
  4 12 80 18 103 -999.99 -999.99 -999.99  279.90    7.60 -999.99    6.70    1.80 -999.99 -999.99 -999.99 -999.99 -999.99 -999.99 -999.99 -999.99
  4 12 80 19 103  270.80 -999.99 -999.99  279.10 -999.99 -999.99    4.90    0.90 -999.99 -999.99 -999.99 -999.99 -999.99 -999.99 -999.99 -999.99
  4 12 80 20 103  271.50 -999.99 -999.99  279.10    4.90 -999.99    2.70    1.10 -999.99 -999.99 -999.99 -999.99 -999.99 -999.99 -999.99 -999.99
  4 12 80 21 103  271.50 -999.99 -999.99  278.40    5.80 -999.99    3.60    0.90 -999.99 -999.99 -999.99 -999.99 -999.99 -999.99 -999.99 -999.99
  4 12 80 22 103  271.50 -999.99 -999.99  278.40    7.20 -999.99    4.00    0.90 -999.99 -999.99 -999.99 -999.99 -999.99 -999.99 -999.99 -999.99
  4 12 80 23 103  271.50 -999.99 -999.99  277.50    8.50 -999.99    4.50    1.30 -999.99 -999.99 -999.99 -999.99 -999.99 -999.99 -999.99 -999.99
  4 12 80 24 103  271.50 -999.99 -999.99  277.50    7.60 -999.99    4.00    1.10 -999.99 -999.99 -999.99 -999.99 -999.99 -999.99 -999.99 -999.99
  4 13 80  1 104  271.10 -999.99 -999.99  277.50    7.20 -999.99    3.60    1.10 -999.99 -999.99 -999.99 -999.99 -999.99 -999.99 -999.99 -999.99
  4 13 80  2 104  271.10 -999.99 -999.99  277.50    4.90 -999.99    3.10    1.10 -999.99 -999.99 -999.99 -999.99 -999.99 -999.99 -999.99 -999.99
  4 13 80  3 104  270.40 -999.99 -999.99  276.80    4.50 -999.99    3.10    1.30 -999.99 -999.99 -999.99 -999.99 -999.99 -999.99 -999.99 -999.99
  4 13 80  4 104  269.90 -999.99 -999.99  275.90    2.70 -999.99    2.90    1.10 -999.99 -999.99 -999.99 -999.99 -999.99 -999.99 -999.99 -999.99
  4 13 80  5 104  269.10 -999.99 -999.99  275.10    4.00 -999.99    2.70    0.90 -999.99 -999.99 -999.99 -999.99 -999.99 -999.99 -999.99 -999.99
  4 13 80  6 104  269.10 -999.99 -999.99  275.10    3.60 -999.99    3.60    1.30 -999.99 -999.99 -999.99 -999.99 -999.99 -999.99 -999.99 -999.99
  4 13 80  7 104  269.10 -999.99 -999.99  275.90    5.40 -999.99    4.00    1.80 -999.99 -999.99 -999.99 -999.99 -999.99 -999.99 -999.99 -999.99
  4 13 80  8 104  271.10 -999.99 -999.99  276.80    3.60 -999.99    2.70    1.80 -999.99 -999.99 -999.99 -999.99 -999.99 -999.99 -999.99 -999.99
  4 13 80  9 104  270.80 -999.99 -999.99  277.50    3.60 -999.99    3.60    1.80 -999.99 -999.99 -999.99 -999.99 -999.99 -999.99 -999.99 -999.99
  4 13 80 10 104  269.90 -999.99 -999.99  279.10    3.10 -999.99    3.60    1.60 -999.99 -999.99 -999.99 -999.99 -999.99 -999.99 -999.99 -999.99
  4 13 80 11 104  268.40 -999.99 -999.99  279.90    3.60 -999.99    4.50    2.20 -999.99 -999.99 -999.99 -999.99 -999.99 -999.99 -999.99 -999.99
  4 13 80 12 104  268.40 -999.99 -999.99  280.80    4.50 -999.99    5.40    2.50 -999.99 -999.99 -999.99 -999.99 -999.99 -999.99 -999.99 -999.99
  4 13 80 13 104  268.40 -999.99 -999.99  280.80    4.90 -999.99    6.90    2.90 -999.99 -999.99 -999.99 -999.99 -999.99 -999.99 -999.99 -999.99
  4 13 80 14 104  268.80 -999.99 -999.99  280.80    6.30 -999.99    6.70    2.90 -999.99 -999.99 -999.99 -999.99 -999.99 -999.99 -999.99 -999.99
  4 13 80 15 104  269.10 -999.99 -999.99  281.50    8.00 -999.99    8.00    3.60 -999.99 -999.99 -999.99 -999.99 -999.99 -999.99 -999.99 -999.99
  4 13 80 16 104  269.90 -999.99 -999.99  280.80    9.40 -999.99    9.40    4.00 -999.99 -999.99 -999.99 -999.99 -999.99 -999.99 -999.99 -999.99
  4 13 80 17 104  270.40 -999.99 -999.99  280.80    9.80 -999.99    8.90    4.00 -999.99 -999.99 -999.99 -999.99 -999.99 -999.99 -999.99 -999.99
  4 13 80 18 104  270.40 -999.99 -999.99  280.80    9.40 -999.99    8.50    3.80 -999.99 -999.99 -999.99 -999.99 -999.99 -999.99 -999.99 -999.99
  4 13 80 19 104  270.80 -999.99 -999.99  280.40   10.30 -999.99    8.90    3.80 -999.99 -999.99 -999.99 -999.99 -999.99 -999.99 -999.99 -999.99
  4 13 80 20 104  270.80 -999.99 -999.99  279.90   12.50 -999.99    9.40    5.10 -999.99 -999.99 -999.99 -999.99 -999.99 -999.99 -999.99 -999.99
  4 13 80 21 104  270.80 -999.99 -999.99  279.10   15.20 -999.99   10.30    5.80 -999.99 -999.99 -999.99 -999.99 -999.99 -999.99 -999.99 -999.99
  4 13 80 22 104  270.80 -999.99 -999.99  277.50   15.20 -999.99   12.50    5.80 -999.99 -999.99 -999.99 -999.99 -999.99 -999.99 -999.99 -999.99
  4 13 80 23 104  269.90 -999.99 -999.99  275.90   14.30 -999.99   13.00    5.80 -999.99 -999.99 -999.99 -999.99 -999.99 -999.99 -999.99 -999.99
  4 13 80 24 104  271.50 -999.99 -999.99  272.80   13.40 -999.99   13.40    4.90 -999.99 -999.99 -999.99 -999.99 -999.99 -999.99 -999.99 -999.99
  4 14 80  1 105  271.50 -999.99 -999.99  272.80   14.80 -999.99   10.70    4.50   20.70 -999.99 -999.99  356.30 -999.99 -999.99 -999.99 -999.99
  4 14 80  2 105  269.10 -999.99 -999.99  272.80   16.50 -999.99 -999.99    4.90   18.00 -999.99 -999.99  350.90 -999.99 -999.99 -999.99 -999.99
  4 14 80  3 105  270.80 -999.99 -999.99  273.50   16.50 -999.99 -999.99    5.10   18.00 -999.99 -999.99  356.30 -999.99 -999.99 -999.99 -999.99
  4 14 80  4 105  273.50 -999.99 -999.99  274.40   15.20 -999.99   13.40 -999.99   15.30 -999.99 -999.99  345.50 -999.99 -999.99 -999.99 -999.99
  4 14 80  5 105  272.80 -999.99 -999.99  274.40   12.50 -999.99   11.20    5.60   12.60 -999.99 -999.99  340.10 -999.99 -999.99 -999.99 -999.99
  4 14 80  6 105  272.40 -999.99 -999.99  273.50    7.20 -999.99   12.10    5.60    7.20 -999.99 -999.99  329.30 -999.99 -999.99 -999.99 -999.99
  4 14 80  7 105  272.40 -999.99 -999.99  273.50    6.70 -999.99   10.30    4.70  359.00 -999.99 -999.99  323.90 -999.99 -999.99 -999.99 -999.99
  4 14 80  8 105  272.40 -999.99 -999.99  273.50    6.70 -999.99    8.50    3.80  350.90 -999.99 -999.99  323.90 -999.99 -999.99 -999.99 -999.99
  4 14 80  9 105  272.40 -999.99 -999.99  273.50    6.30 -999.99    7.20    3.60  345.50 -999.99 -999.99  307.70 -999.99 -999.99 -999.99 -999.99
  4 14 80 10 105  271.90 -999.99 -999.99  273.50    5.40 -999.99    8.90    3.80  340.10 -999.99 -999.99  302.30 -999.99 -999.99 -999.99 -999.99
  4 14 80 11 105  271.50 -999.99 -999.99  273.50   10.70 -999.99   11.60    4.50  329.30 -999.99 -999.99  286.10 -999.99 -999.99 -999.99 -999.99
  4 14 80 12 105  271.50 -999.99 -999.99  273.50   10.30 -999.99   12.50    4.90  323.90 -999.99 -999.99  280.70 -999.99 -999.99 -999.99 -999.99
  4 14 80 13 105  271.50 -999.99 -999.99  273.50   10.70 -999.99   11.20    4.50  313.10 -999.99 -999.99  275.30 -999.99 -999.99 -999.99 -999.99
  4 14 80 14 105  271.50 -999.99 -999.99  272.80    9.80 -999.99   10.30    4.00  302.30 -999.99 -999.99  253.80 -999.99 -999.99 -999.99 -999.99
  4 14 80 15 105  271.10 -999.99 -999.99  272.80   10.70 -999.99   10.30    4.00  294.20 -999.99 -999.99  243.00 -999.99 -999.99 -999.99 -999.99
  4 14 80 16 105  271.10 -999.99 -999.99  272.80   10.70 -999.99    9.80    4.00  286.10 -999.99 -999.99  237.60 -999.99 -999.99 -999.99 -999.99
  4 14 80 17 105  271.10 -999.99 -999.99  272.80   10.30 -999.99    8.90    3.80  275.30 -999.99 -999.99  232.20 -999.99 -999.99 -999.99 -999.99
  4 14 80 18 105  271.10 -999.99 -999.99  272.80    9.80 -999.99    7.60    3.10  275.30 -999.99 -999.99  226.80 -999.99 -999.99 -999.99 -999.99
  4 14 80 19 105  271.10 -999.99 -999.99  272.80    8.90 -999.99    7.20    3.10  272.60 -999.99 -999.99  226.80 -999.99 -999.99 -999.99 -999.99
  4 14 80 20 105  271.50 -999.99 -999.99  272.80    8.90 -999.99    6.70    3.10  275.30 -999.99 -999.99  237.60 -999.99 -999.99 -999.99 -999.99
  4 14 80 21 105  271.50 -999.99 -999.99  272.80    8.90 -999.99    6.70    3.10  278.00 -999.99 -999.99  232.20 -999.99 -999.99 -999.99 -999.99
  4 14 80 22 105  271.50 -999.99 -999.99  272.80    8.50 -999.99    6.70    3.10  280.70 -999.99 -999.99  237.60 -999.99 -999.99 -999.99 -999.99
  4 14 80 23 105  271.50 -999.99 -999.99  272.80    7.60 -999.99    6.30    2.70  278.00 -999.99 -999.99  237.60 -999.99 -999.99 -999.99 -999.99
  4 14 80 24 105  271.50 -999.99 -999.99  272.80    7.20 -999.99    5.40    2.20  278.00 -999.99 -999.99  237.60 -999.99 -999.99 -999.99 -999.99
  4 15 80  1 106  271.50 -999.99 -999.99  273.50 -999.99 -999.99    4.50    2.50  275.30 -999.99 -999.99  226.80 -999.99 -999.99 -999.99 -999.99
  4 15 80  2 106  272.40 -999.99 -999.99  272.80 -999.99 -999.99    4.50    2.00  275.30 -999.99 -999.99  226.80 -999.99 -999.99 -999.99 -999.99
  4 15 80  3 106  272.40 -999.99 -999.99  273.50 -999.99 -999.99    5.80    2.50  286.10 -999.99 -999.99  237.60 -999.99 -999.99 -999.99 -999.99
  4 15 80  4 106  272.40 -999.99 -999.99  273.50 -999.99 -999.99    5.80    2.70  294.20 -999.99 -999.99  248.40 -999.99 -999.99 -999.99 -999.99
  4 15 80  5 106  272.40 -999.99 -999.99  273.50 -999.99 -999.99    5.80    2.50  288.80 -999.99 -999.99  248.40 -999.99 -999.99 -999.99 -999.99
  4 15 80  6 106  272.40 -999.99 -999.99  273.50 -999.99 -999.99    4.90    2.00  286.10 -999.99 -999.99  243.00 -999.99 -999.99 -999.99 -999.99
  4 15 80  7 106  271.90 -999.99 -999.99  273.50 -999.99 -999.99    7.20    3.10  288.80 -999.99 -999.99  243.00 -999.99 -999.99 -999.99 -999.99
  4 15 80  8 106  271.90 -999.99 -999.99  274.40 -999.99 -999.99    6.70    2.50  288.80 -999.99 -999.99  243.00 -999.99 -999.99 -999.99 -999.99
  4 15 80  9 106  271.90 -999.99 -999.99  275.10 -999.99 -999.99    5.40    2.20  280.70 -999.99 -999.99  237.60 -999.99 -999.99 -999.99 -999.99
  4 15 80 10 106  272.40 -999.99 -999.99  276.80 -999.99 -999.99    4.50    2.00  269.90 -999.99 -999.99  232.20 -999.99 -999.99 -999.99 -999.99
  4 15 80 11 106  272.80 -999.99 -999.99  277.50 -999.99 -999.99    4.50    2.20  269.90 -999.99 -999.99  216.00 -999.99 -999.99 -999.99 -999.99
  4 15 80 12 106  273.10 -999.99 -999.99  279.10 -999.99 -999.99    5.80    2.50  269.90 -999.99 -999.99  226.80 -999.99 -999.99 -999.99 -999.99
  4 15 80 13 106  273.90 -999.99 -999.99  279.90 -999.99 -999.99    6.30    2.50  280.70 -999.99 -999.99  248.40 -999.99 -999.99 -999.99 -999.99
  4 15 80 14 106  274.40 -999.99 -999.99  280.80 -999.99 -999.99    8.00    3.10  291.50 -999.99 -999.99  296.90 -999.99 -999.99 -999.99 -999.99
  4 15 80 15 106  274.40 -999.99 -999.99  282.40 -999.99 -999.99    9.80    3.80  302.30 -999.99 -999.99  307.70 -999.99 -999.99 -999.99 -999.99
  4 15 80 16 106  273.90 -999.99 -999.99  283.10 -999.99 -999.99    8.90 -999.99  315.80 -999.99 -999.99  323.90 -999.99 -999.99 -999.99 -999.99
  4 15 80 17 106 -999.99 -999.99 -999.99  282.40 -999.99 -999.99   10.30 -999.99  329.30 -999.99 -999.99  340.10 -999.99 -999.99 -999.99 -999.99
  4 15 80 18 106  273.90 -999.99 -999.99  282.40 -999.99 -999.99    5.80    2.50  332.00 -999.99 -999.99  318.50 -999.99 -999.99 -999.99 -999.99
  4 15 80 19 106  273.90 -999.99 -999.99  281.50 -999.99 -999.99    4.00    1.80  315.80 -999.99 -999.99  291.50 -999.99 -999.99 -999.99 -999.99
  4 15 80 20 106  273.10 -999.99 -999.99  280.80 -999.99 -999.99    4.00    1.30  318.50 -999.99 -999.99  286.10 -999.99 -999.99 -999.99 -999.99
  4 15 80 21 106  272.40 -999.99 -999.99  279.90 -999.99 -999.99    4.00    0.70  332.00 -999.99 -999.99 -999.99 -999.99 -999.99 -999.99 -999.99
  4 15 80 22 106  272.40 -999.99 -999.99  279.10 -999.99 -999.99    2.70    1.30  307.70 -999.99 -999.99  221.40 -999.99 -999.99 -999.99 -999.99
  4 15 80 23 106  271.90 -999.99 -999.99  278.40 -999.99 -999.99    2.70    1.10  302.30 -999.99 -999.99  259.20 -999.99 -999.99 -999.99 -999.99
  4 15 80 24 106  272.40 -999.99 -999.99  279.10 -999.99 -999.99    2.70    0.90  310.40 -999.99 -999.99  280.70 -999.99 -999.99 -999.99 -999.99
  4 16 80  1 107  272.40 -999.99 -999.99  278.40 -999.99 -999.99    3.60    0.70  313.10 -999.99 -999.99  296.90 -999.99 -999.99 -999.99 -999.99
  4 16 80  2 107  272.40 -999.99 -999.99  277.50 -999.99 -999.99    1.80    0.40  334.70 -999.99 -999.99  329.30 -999.99 -999.99 -999.99 -999.99
  4 16 80  3 107  271.90 -999.99 -999.99  276.80 -999.99 -999.99    1.80    0.40  356.30 -999.99 -999.99  264.50 -999.99 -999.99 -999.99 -999.99
  4 16 80  4 107  271.50 -999.99 -999.99  275.90 -999.99 -999.99    1.80    0.40   23.40 -999.99 -999.99  248.40 -999.99 -999.99 -999.99 -999.99
  4 16 80  5 107  271.50 -999.99 -999.99  275.90 -999.99 -999.99    1.80    1.10  356.30 -999.99 -999.99  259.20 -999.99 -999.99 -999.99 -999.99
  4 16 80  6 107  271.50 -999.99 -999.99  275.90 -999.99 -999.99    0.90    2.20   44.99 -999.99 -999.99  237.60 -999.99 -999.99 -999.99 -999.99
  4 16 80  7 107  271.90 -999.99 -999.99  275.10 -999.99 -999.99    0.40    2.20   66.59 -999.99 -999.99  140.40 -999.99 -999.99 -999.99 -999.99
  4 16 80  8 107  271.50 -999.99 -999.99  277.50 -999.99 -999.99    0.90    2.20  126.00 -999.99 -999.99  145.80 -999.99 -999.99 -999.99 -999.99
  4 16 80  9 107  272.80 -999.99 -999.99  280.80 -999.99 -999.99    1.30    0.70  151.20 -999.99 -999.99  189.00 -999.99 -999.99 -999.99 -999.99
  4 16 80 10 107  273.50 -999.99 -999.99  282.40 -999.99 -999.99    2.20    1.10  151.20 -999.99 -999.99  172.80 -999.99 -999.99 -999.99 -999.99
  4 16 80 11 107  272.40 -999.99 -999.99  283.90 -999.99 -999.99    2.20    1.10  140.40 -999.99 -999.99  167.40 -999.99 -999.99 -999.99 -999.99
  4 16 80 12 107  272.40 -999.99 -999.99  284.80 -999.99 -999.99    2.70    1.30  145.80 -999.99 -999.99  183.60 -999.99 -999.99 -999.99 -999.99
  4 16 80 13 107  272.40 -999.99 -999.99  285.50 -999.99 -999.99    2.70    1.60  156.60 -999.99 -999.99  172.80 -999.99 -999.99 -999.99 -999.99
  4 16 80 14 107  272.40 -999.99 -999.99  285.50 -999.99 -999.99    3.60    1.60  140.40 -999.99 -999.99  172.80 -999.99 -999.99 -999.99 -999.99
  4 16 80 15 107  273.10 -999.99 -999.99  286.40 -999.99 -999.99    4.00    1.80  145.80 -999.99 -999.99  178.20 -999.99 -999.99 -999.99 -999.99
  4 16 80 16 107  273.10 -999.99 -999.99  287.10 -999.99 -999.99    4.50    2.00  140.40 -999.99 -999.99  172.80 -999.99 -999.99 -999.99 -999.99
  4 16 80 17 107  272.80 -999.99 -999.99  287.10 -999.99 -999.99    4.90    2.00  129.60 -999.99 -999.99  145.80 -999.99 -999.99 -999.99 -999.99
  4 16 80 18 107  273.10 -999.99 -999.99  287.10 -999.99 -999.99    5.80    2.00  137.70 -999.99 -999.99  167.40 -999.99 -999.99 -999.99 -999.99
  4 16 80 19 107  273.90 -999.99 -999.99  285.50 -999.99 -999.99    4.50    1.60  129.60 -999.99 -999.99  140.40 -999.99 -999.99 -999.99 -999.99
  4 16 80 20 107  273.90 -999.99 -999.99  284.80 -999.99 -999.99    4.90    1.60  124.20 -999.99 -999.99  124.20 -999.99 -999.99 -999.99 -999.99
  4 16 80 21 107  273.90 -999.99 -999.99  282.40 -999.99 -999.99    5.40    1.60  121.50 -999.99 -999.99  124.20 -999.99 -999.99 -999.99 -999.99
  4 16 80 22 107  273.90 -999.99 -999.99  281.50 -999.99 -999.99    5.80    2.00  118.80 -999.99 -999.99  124.20 -999.99 -999.99 -999.99 -999.99
  4 16 80 23 107  274.80 -999.99 -999.99  280.80 -999.99 -999.99    5.80    2.00  116.10 -999.99 -999.99  124.20 -999.99 -999.99 -999.99 -999.99
  4 16 80 24 107  273.90 -999.99 -999.99  280.80 -999.99 -999.99    5.80    2.00  113.40 -999.99 -999.99  118.80 -999.99 -999.99 -999.99 -999.99
  4 17 80  1 108  273.10 -999.99 -999.99  279.90 -999.99 -999.99    6.70    2.50  113.40 -999.99 -999.99  124.20 -999.99 -999.99 -999.99 -999.99
  4 17 80  2 108  272.80 -999.99 -999.99  279.90 -999.99 -999.99    6.30    2.20  118.80 -999.99 -999.99  129.60 -999.99 -999.99 -999.99 -999.99
  4 17 80  3 108  272.40 -999.99 -999.99  279.10 -999.99 -999.99    7.20    3.10  116.10 -999.99 -999.99  129.60 -999.99 -999.99 -999.99 -999.99
  4 17 80  4 108  271.90 -999.99 -999.99  279.10 -999.99 -999.99    6.70    2.90  121.50 -999.99 -999.99  129.60 -999.99 -999.99 -999.99 -999.99
  4 17 80  5 108  271.50 -999.99 -999.99  279.10 -999.99 -999.99    6.70    2.70  121.50 -999.99 -999.99  129.60 -999.99 -999.99 -999.99 -999.99
  4 17 80  6 108  271.50 -999.99 -999.99  278.40 -999.99 -999.99    5.80    2.00  118.80 -999.99 -999.99  129.60 -999.99 -999.99 -999.99 -999.99
  4 17 80  7 108  271.50 -999.99 -999.99  279.10 -999.99 -999.99    5.40    1.80  121.50 -999.99 -999.99  135.00 -999.99 -999.99 -999.99 -999.99
  4 17 80  8 108  271.50 -999.99 -999.99  279.90 -999.99 -999.99    6.30    2.70  118.80 -999.99 -999.99  135.00 -999.99 -999.99 -999.99 -999.99
  4 17 80  9 108  272.40 -999.99 -999.99  280.80 -999.99 -999.99    6.30    2.70  121.50 -999.99 -999.99  140.40 -999.99 -999.99 -999.99 -999.99
  4 17 80 10 108  273.10 -999.99 -999.99  282.40 -999.99 -999.99    6.30    2.70  121.50 -999.99 -999.99  126.00 -999.99 -999.99 -999.99 -999.99
  4 17 80 11 108  273.90 -999.99 -999.99  283.90 -999.99 -999.99    5.80    2.70  129.60 -999.99 -999.99  136.80 -999.99 -999.99 -999.99 -999.99
  4 17 80 12 108  273.90 -999.99 -999.99  284.80 -999.99 -999.99    3.60    1.60  135.00 -999.99 -999.99  156.60 -999.99 -999.99 -999.99 -999.99
  4 17 80 13 108  273.90 -999.99 -999.99  285.50 -999.99 -999.99    3.10    1.80  118.80 -999.99 -999.99  140.40 -999.99 -999.99 -999.99 -999.99
  4 17 80 14 108  274.80 -999.99 -999.99  286.40 -999.99 -999.99    4.00    2.50   97.18 -999.99 -999.99  118.80 -999.99 -999.99 -999.99 -999.99
  4 17 80 15 108  275.50 -999.99 -999.99  287.10 -999.99 -999.99    5.40    2.70   80.98 -999.99 -999.99   91.78 -999.99 -999.99 -999.99 -999.99
  4 17 80 16 108  275.10 -999.99 -999.99  287.10 -999.99 -999.99    5.80    3.10   75.59 -999.99 -999.99   91.78 -999.99 -999.99 -999.99 -999.99
  4 17 80 17 108  274.80 -999.99 -999.99  287.10 -999.99 -999.99    5.40    2.70   75.59 -999.99 -999.99   91.78 -999.99 -999.99 -999.99 -999.99
  4 17 80 18 108  275.50 -999.99 -999.99  286.40 -999.99 -999.99    4.90    2.00   83.68 -999.99 -999.99   91.78 -999.99 -999.99 -999.99 -999.99
  4 17 80 19 108  275.10 -999.99 -999.99  285.50 -999.99 -999.99    4.00    1.60   97.18 -999.99 -999.99  108.00 -999.99 -999.99 -999.99 -999.99
  4 17 80 20 108  275.10 -999.99 -999.99  285.50 -999.99 -999.99    5.80    2.20   80.98 -999.99 -999.99   86.38 -999.99 -999.99 -999.99 -999.99
  4 17 80 21 108  275.50 -999.99 -999.99  247.10 -999.99 -999.99    5.40    2.20   80.98 -999.99 -999.99  108.00 -999.99 -999.99 -999.99 -999.99
  4 17 80 22 108  275.90 -999.99 -999.99  283.90 -999.99 -999.99    5.80    2.20   72.89 -999.99 -999.99   91.78 -999.99 -999.99 -999.99 -999.99
  4 17 80 23 108  274.40 -999.99 -999.99  283.90 -999.99 -999.99    6.30    2.50   78.29 -999.99 -999.99   91.78 -999.99 -999.99 -999.99 -999.99
  4 17 80 24 108  275.50 -999.99 -999.99  283.10 -999.99 -999.99    4.90    1.80   97.18 -999.99 -999.99  113.40 -999.99 -999.99 -999.99 -999.99
  4 18 80  1 109  275.50 -999.99 -999.99  283.10    1.80 -999.99    1.30    0.70 -999.99 -999.99 -999.99  318.50 -999.99 -999.99 -999.99 -999.99
  4 18 80  2 109  275.10 -999.99 -999.99  283.10    2.20 -999.99    2.20    0.90   77.39 -999.99 -999.99   71.99 -999.99 -999.99 -999.99 -999.99
  4 18 80  3 109  275.50 -999.99 -999.99  282.40    3.10 -999.99    4.00    1.30   39.59 -999.99 -999.99   39.59 -999.99 -999.99 -999.99 -999.99
  4 18 80  4 109  275.50 -999.99 -999.99  281.50    4.90 -999.99    3.10    1.60   66.59 -999.99 -999.99   66.59 -999.99 -999.99 -999.99 -999.99
  4 18 80  5 109  275.90 -999.99 -999.99  280.80    4.50 -999.99    2.20    0.70   93.58 -999.99 -999.99  115.20 -999.99 -999.99 -999.99 -999.99
  4 18 80  6 109  275.10 -999.99 -999.99  280.80    4.90 -999.99    2.20    0.90   93.58 -999.99 -999.99   61.19 -999.99 -999.99 -999.99 -999.99
  4 18 80  7 109  273.10 -999.99 -999.99  281.50    5.60 -999.99    3.10    1.60   77.39 -999.99 -999.99   55.79 -999.99 -999.99 -999.99 -999.99
  4 18 80  8 109  274.80 -999.99 -999.99  283.10    4.00 -999.99    3.10    1.80   71.99 -999.99 -999.99   88.18 -999.99 -999.99 -999.99 -999.99
  4 18 80  9 109  276.40 -999.99 -999.99  285.50    3.10 -999.99    3.10    2.20   61.19 -999.99 -999.99   82.78 -999.99 -999.99 -999.99 -999.99
  4 18 80 10 109  275.90 -999.99 -999.99  286.40    2.70 -999.99    2.70    2.00   77.39 -999.99 -999.99   93.58 -999.99 -999.99 -999.99 -999.99
  4 18 80 11 109  275.10 -999.99 -999.99  287.90    3.10 -999.99    2.70    1.60   77.39 -999.99 -999.99   98.98 -999.99 -999.99 -999.99 -999.99
  4 18 80 12 109  274.80 -999.99 -999.99  288.80    3.10 -999.99    2.20    0.70   71.99 -999.99 -999.99   98.98 -999.99 -999.99 -999.99 -999.99
  4 18 80 13 109  275.50 -999.99 -999.99  290.40    3.10 -999.99    2.20    0.70   71.99 -999.99 -999.99  109.80 -999.99 -999.99 -999.99 -999.99
  4 18 80 14 109  275.50 -999.99 -999.99  291.10    2.70 -999.99    2.20    0.70   61.19 -999.99 -999.99  115.20 -999.99 -999.99 -999.99 -999.99
  4 18 80 15 109  275.50 -999.99 -999.99  291.90    2.70 -999.99    2.20    1.10   71.99 -999.99 -999.99   82.78 -999.99 -999.99 -999.99 -999.99
  4 18 80 16 109  274.80 -999.99 -999.99  291.90    2.20 -999.99    2.20    1.10   55.79 -999.99 -999.99   61.19 -999.99 -999.99 -999.99 -999.99
  4 18 80 17 109  273.90 -999.99 -999.99  291.90    1.80 -999.99    1.80    0.90   61.19 -999.99 -999.99   93.58 -999.99 -999.99 -999.99 -999.99
  4 18 80 18 109  273.10 -999.99 -999.99  291.90    2.70 -999.99    2.20    1.10   28.79 -999.99 -999.99   44.99 -999.99 -999.99 -999.99 -999.99
  4 18 80 19 109  272.80 -999.99 -999.99  291.10    1.80 -999.99    1.80    0.70   50.39 -999.99 -999.99   77.39 -999.99 -999.99 -999.99 -999.99
  4 18 80 20 109  272.40 -999.99 -999.99  290.40    1.80 -999.99    1.30    0.40   88.18 -999.99 -999.99   98.98 -999.99 -999.99 -999.99 -999.99
  4 18 80 21 109  273.10 -999.99 -999.99  289.50    1.80 -999.99    1.80    0.40  109.80 -999.99 -999.99  136.80 -999.99 -999.99 -999.99 -999.99
  4 18 80 22 109  273.10 -999.99 -999.99  288.80    2.20 -999.99    1.30    0.20  126.00 -999.99 -999.99  126.00 -999.99 -999.99 -999.99 -999.99
  4 18 80 23 109  273.90 -999.99 -999.99  287.10    3.10 -999.99    1.30    0.20  126.00 -999.99 -999.99  142.20 -999.99 -999.99 -999.99 -999.99
  4 18 80 24 109  273.50 -999.99 -999.99  286.40    4.50 -999.99    2.20    0.40  126.00 -999.99 -999.99  153.00 -999.99 -999.99 -999.99 -999.99
  4 19 80  1 110  273.10 -999.99 -999.99  285.50    5.40 -999.99    2.70    0.70  144.90 -999.99 -999.99  194.40 -999.99 -999.99 -999.99 -999.99
  4 19 80  2 110  273.10 -999.99 -999.99  284.80    4.90 -999.99    2.70    0.70  155.70 -999.99 -999.99  216.00 -999.99 -999.99 -999.99 -999.99
  4 19 80  3 110  273.50 -999.99 -999.99  284.80    5.80 -999.99    1.80    0.70  155.70 -999.99 -999.99  243.00 -999.99 -999.99 -999.99 -999.99
  4 19 80  4 110  273.90 -999.99 -999.99  284.80    6.30 -999.99    2.20    0.40  147.60 -999.99 -999.99  253.80 -999.99 -999.99 -999.99 -999.99
  4 19 80  5 110  273.90 -999.99 -999.99  283.90    5.60 -999.99    1.80 -999.99  153.00 -999.99 -999.99  253.80 -999.99 -999.99 -999.99 -999.99
  4 19 80  6 110  273.90 -999.99 -999.99  282.40    5.80 -999.99    1.30    0.40  161.10 -999.99 -999.99  156.60 -999.99 -999.99 -999.99 -999.99
  4 19 80  7 110  273.90 -999.99 -999.99  282.40    6.50 -999.99    1.80    0.40  166.50 -999.99 -999.99  178.20 -999.99 -999.99 -999.99 -999.99
  4 19 80  8 110  273.90 -999.99 -999.99  285.50    5.80 -999.99    2.20    0.90  183.60 -999.99 -999.99  205.20 -999.99 -999.99 -999.99 -999.99
  4 19 80  9 110  276.80 -999.99 -999.99  288.80    4.70 -999.99    3.60    1.10  197.10 -999.99 -999.99  221.40 -999.99 -999.99 -999.99 -999.99
  4 19 80 10 110  276.40 -999.99 -999.99  290.40    4.90 -999.99    4.50    1.80  210.60 -999.99 -999.99  232.20 -999.99 -999.99 -999.99 -999.99
  4 19 80 11 110  275.10 -999.99 -999.99  291.90    4.00 -999.99    4.00    1.80  224.10 -999.99 -999.99  253.80 -999.99 -999.99 -999.99 -999.99
  4 19 80 12 110  275.50 -999.99 -999.99  291.90    4.00 -999.99    4.00    2.00  229.50 -999.99 -999.99  253.80 -999.99 -999.99 -999.99 -999.99
  4 19 80 13 110  276.40 -999.99 -999.99  292.80    4.00 -999.99    4.00    2.20  237.60 -999.99 -999.99  253.80 -999.99 -999.99 -999.99 -999.99
  4 19 80 14 110  276.40 -999.99 -999.99  293.50    3.60 -999.99    3.60    2.20  243.00 -999.99 -999.99  269.90 -999.99 -999.99 -999.99 -999.99
  4 19 80 15 110  275.50 -999.99 -999.99  294.40    3.60 -999.99    4.00    1.80  232.20 -999.99 -999.99  248.40 -999.99 -999.99 -999.99 -999.99
  4 19 80 16 110  276.40 -999.99 -999.99  294.40    3.60 -999.99    4.50    2.00  226.80 -999.99 -999.99  243.00 -999.99 -999.99 -999.99 -999.99
  4 19 80 17 110  277.10 -999.99 -999.99  294.40    4.90 -999.99    5.40    2.20  210.60 -999.99 -999.99  232.20 -999.99 -999.99 -999.99 -999.99
  4 19 80 18 110  277.10 -999.99 -999.99  294.40    5.80 -999.99    5.40    2.00  207.90 -999.99 -999.99  226.80 -999.99 -999.99 -999.99 -999.99
  4 19 80 19 110  277.10 -999.99 -999.99  292.80    6.30 -999.99    4.00    1.60  205.20 -999.99 -999.99  216.00 -999.99 -999.99 -999.99 -999.99
  4 19 80 20 110  277.10 -999.99 -999.99  290.40    6.70 -999.99    5.40    1.10  199.80 -999.99 -999.99  205.20 -999.99 -999.99 -999.99 -999.99
  4 19 80 21 110  277.10 -999.99 -999.99  289.50    8.50 -999.99    5.40    1.30  194.40 -999.99 -999.99  199.80 -999.99 -999.99 -999.99 -999.99
  4 19 80 22 110  277.10 -999.99 -999.99  287.90    9.40 -999.99    4.90    1.30  199.80 -999.99 -999.99  221.40 -999.99 -999.99 -999.99 -999.99
  4 19 80 23 110  277.10 -999.99 -999.99  286.40    8.90 -999.99    5.40    1.10  202.50 -999.99 -999.99  216.00 -999.99 -999.99 -999.99 -999.99
  4 19 80 24 110  276.40 -999.99 -999.99  285.50   10.10 -999.99    5.40    1.10  199.80 -999.99 -999.99  216.00 -999.99 -999.99 -999.99 -999.99
  4 20 80  1 111  275.50 -999.99 -999.99  285.50   11.60 -999.99    6.30    1.30  199.80 -999.99 -999.99  221.40 -999.99 -999.99 -999.99 -999.99
  4 20 80  2 111  274.80 -999.99 -999.99  284.80   12.30 -999.99    6.30    1.80  199.80 -999.99 -999.99  216.00 -999.99 -999.99 -999.99 -999.99
  4 20 80  3 111  275.10 -999.99 -999.99  284.80   11.60 -999.99    6.30    1.80  207.90 -999.99 -999.99  226.80 -999.99 -999.99 -999.99 -999.99
  4 20 80  4 111  276.40 -999.99 -999.99  283.90    4.90 -999.99    4.50    0.90  226.80 -999.99 -999.99  248.40 -999.99 -999.99 -999.99 -999.99
  4 20 80  5 111  277.50 -999.99 -999.99  283.10    7.80 -999.99    4.50    1.10  243.00 -999.99 -999.99  243.00 -999.99 -999.99 -999.99 -999.99
  4 20 80  6 111  278.80 -999.99 -999.99  283.10    7.60 -999.99    4.50    0.90  251.10 -999.99 -999.99  237.60 -999.99 -999.99 -999.99 -999.99
  4 20 80  7 111  278.80 -999.99 -999.99  283.90    8.00 -999.99    3.60    0.90  251.10 -999.99 -999.99  243.00 -999.99 -999.99 -999.99 -999.99
  4 20 80  8 111  279.50 -999.99 -999.99  287.10    6.90 -999.99    4.00    1.30  251.10 -999.99 -999.99  253.80 -999.99 -999.99 -999.99 -999.99
  4 20 80  9 111  280.40 -999.99 -999.99  291.10    6.30 -999.99    5.40    2.20  259.20 -999.99 -999.99  269.90 -999.99 -999.99 -999.99 -999.99
  4 20 80 10 111  280.40 -999.99 -999.99  293.50    5.40 -999.99    4.90    1.80  264.50 -999.99 -999.99  286.10 -999.99 -999.99 -999.99 -999.99
  4 20 80 11 111  280.80 -999.99 -999.99  295.10    4.50 -999.99    4.90    2.00  253.80 -999.99 -999.99  286.10 -999.99 -999.99 -999.99 -999.99
  4 20 80 12 111  280.40 -999.99 -999.99  296.80    4.90 -999.99    5.40    2.70  243.00 -999.99 -999.99  269.90 -999.99 -999.99 -999.99 -999.99
  4 20 80 13 111  279.90 -999.99 -999.99  297.50    5.40 -999.99    5.80    2.90  248.40 -999.99 -999.99  280.70 -999.99 -999.99 -999.99 -999.99
  4 20 80 14 111  279.50 -999.99 -999.99  298.40    5.80 -999.99    5.80    2.70  280.70 -999.99 -999.99  302.30 -999.99 -999.99 -999.99 -999.99
  4 20 80 15 111  278.80 -999.99 -999.99  298.40    5.80 -999.99    6.30    2.90  302.30 -999.99 -999.99  318.50 -999.99 -999.99 -999.99 -999.99
  4 20 80 16 111  278.80 -999.99 -999.99  298.40    6.30 -999.99    6.30    2.50  307.70 -999.99 -999.99  313.10 -999.99 -999.99 -999.99 -999.99
  4 20 80 17 111  278.40 -999.99 -999.99  298.40    5.40 -999.99    5.80    2.50  313.10 -999.99 -999.99  329.30 -999.99 -999.99 -999.99 -999.99
  4 20 80 18 111  277.10 -999.99 -999.99  296.80    4.00 -999.99    5.40    1.80  323.90 -999.99 -999.99  345.50 -999.99 -999.99 -999.99 -999.99
  4 20 80 19 111  276.40 -999.99 -999.99  295.10    5.40 -999.99    4.50    1.80    1.80 -999.99 -999.99   18.00 -999.99 -999.99 -999.99 -999.99
  4 20 80 20 111  275.50 -999.99 -999.99  293.50    7.60 -999.99    3.60    1.30   12.60 -999.99 -999.99   18.00 -999.99 -999.99 -999.99 -999.99
  4 20 80 21 111  276.40 -999.99 -999.99  292.80    7.20 -999.99    3.60    1.10   23.40 -999.99 -999.99   39.59 -999.99 -999.99 -999.99 -999.99
  4 20 80 22 111  276.40 -999.99 -999.99  291.90    6.70 -999.99    2.70    0.70   34.19 -999.99 -999.99   34.19 -999.99 -999.99 -999.99 -999.99
  4 20 80 23 111  276.40 -999.99 -999.99  291.90    5.40 -999.99    2.20    0.20   47.69 -999.99 -999.99  334.70 -999.99 -999.99 -999.99 -999.99
  4 20 80 24 111  277.10 -999.99 -999.99  290.40    6.70 -999.99    3.60    0.70   77.39 -999.99 -999.99   75.59 -999.99 -999.99 -999.99 -999.99
  4 21 80  1 112  278.60  290.10  290.10  288.90    7.80    5.91    5.00    3.10   85.88   88.09   84.78   74.29    2.95    1.87    4.78    9.05
  4 21 80  2 112  278.40  288.70  288.20  287.50    6.96    4.60    3.66    2.36   86.02   80.20   75.82   61.34    3.42    4.19    6.20    9.13
  4 21 80  3 112  277.10  288.50  287.70  286.90    6.71    4.68    3.60    2.50   93.40   82.46   71.04   53.12    1.38    2.95    3.68    3.82
  4 21 80  4 112  276.60  287.20  286.80  286.10    5.94    3.58    2.74    1.78   84.27   76.52   62.53   43.74    2.51    3.46    2.89    4.37
  4 21 80  5 112  275.20  287.10  286.30  285.80    6.40    4.18    3.24    2.31   82.15   73.88   67.45   51.60    2.61    3.84    3.47    8.64
  4 21 80  6 112  274.30  287.40  285.90  285.30    6.81    4.56    3.26    2.04   89.40   76.81   70.07   61.65    3.39    3.54    4.55    4.43
  4 21 80  7 112  275.20  288.20  285.60  285.40    6.52    4.17    3.00    2.22   98.43   81.28   76.63   70.74    4.56    3.21    5.68    6.70
  4 21 80  8 112  276.40  288.70  286.10  286.40    4.92    3.13    2.85    2.56  104.30   90.77   84.24   76.12    3.20    7.23    4.54    3.63
  4 21 80  9 112  277.90  288.80  288.10  288.70    3.67    2.51    2.52    2.52  109.30   97.25   92.15   82.73    3.49    5.72    6.71    9.01
  4 21 80 10 112  278.90  291.20  291.50  292.20    2.99    2.72    2.70    2.62   99.48   98.34   96.78   91.90    6.36    6.55    7.02    9.27
  4 21 80 11 112  277.80  293.70  294.20  294.90    2.88    2.85    2.77    2.65   97.14   93.07   90.63   83.52   10.90   11.90   13.68   14.51
  4 21 80 12 112  277.30  295.20  295.70  296.30    2.70    2.59    2.50    2.34  114.60  115.60  117.20  107.60   15.49   20.21   20.21   20.27
  4 21 80 13 112  277.40  295.90  296.60  297.10    2.40    2.16    2.14    1.95 -999.99 -999.99 -999.99 -999.99   22.53   22.04   27.04   30.16
  4 21 80 14 112  277.00  296.80  297.30  298.00    2.53    2.43    2.40    2.14  132.00  134.60  140.00  132.50   28.10   32.56   35.67   37.03
  4 21 80 15 112  277.00  297.50  298.00  298.60    2.70    2.58    2.50    2.19  134.40  131.80  129.60  125.00   14.74   21.46   25.21   25.36
  4 21 80 16 112  276.90  297.90  298.40  299.00    3.64    3.54    3.36    2.83  142.80  142.70  142.00  133.70   11.26   13.29   15.85   19.21
  4 21 80 17 112  277.00  298.10  298.50  299.00    3.71    3.59    3.52    2.94  157.10  157.70  157.70  151.20   12.80   14.67   17.10   17.55
  4 21 80 18 112  276.40  298.00  298.40  298.50    4.22    4.22    4.12    3.60  177.40  178.50  178.70  172.50    6.39    8.11    8.43    8.02
  4 21 80 19 112  277.40  297.70  298.00  296.90    4.91    4.63    4.23    2.91  170.80  170.30  169.30  161.70    3.10    3.51    3.38    4.91
  4 21 80 20 112  278.60  297.40  297.10  294.30    7.23    6.52    5.61    3.33  183.10  182.70  179.80  164.90    1.96    4.08    4.38    2.90
  4 21 80 21 112  278.70  296.80  296.40  292.00    8.06    7.79    6.39    3.25  192.40  192.70  188.50  176.20    4.21    3.21    1.83    5.68
  4 21 80 22 112  278.80  296.20  295.40  290.80    9.03    8.24    5.97    2.96  197.50  201.00  202.70  202.40    1.74    2.47    6.27   10.82
  4 21 80 23 112  276.70  296.50  294.80  289.90   10.16    8.59    5.53    2.48  200.80  204.00  208.90  207.80    1.64    1.19    1.42    4.08
  4 21 80 24 112  277.30  295.80  292.80  288.90   11.13    7.81    5.10    2.47  205.40  204.90  205.90  200.10    1.30    1.49    2.54    6.20
  4 22 80  1 113  277.40  294.40  291.50  288.20   11.58    8.02    5.41    2.71  209.50  207.70  205.90  199.80    4.00    1.79    2.89    4.33
  4 22 80  2 113  278.00  293.90  290.30  287.30   11.06    6.77    4.63    2.43  215.70  204.00  197.70  181.90    1.15    3.29    5.44   11.00
  4 22 80  3 113  278.10  293.60  291.00  286.40    9.64    7.43    5.57    2.84  219.90  200.80  191.20  183.90    1.39    1.19    2.48    4.09
  4 22 80  4 113  278.10  293.00  290.80  285.80    8.39    7.05    5.37    2.16  214.80  189.00  177.60  175.50    2.72    5.02    3.37    5.19
  4 22 80  5 113  278.20  292.00  289.60  285.30    7.67    7.35    4.56    1.23  207.90  179.40  172.30  179.70    3.42    3.16    3.64    8.60
  4 22 80  6 113  278.70  291.70  289.90  286.10    7.25    7.20    4.96    2.21  223.70  196.20  188.20  196.90    3.49    5.32    4.50    4.99
  4 22 80  7 113  279.00  292.20  289.20  287.60    6.50    5.98    4.24    2.52  239.20  206.80  203.00  201.80    4.30    1.61    3.04    3.15
  4 22 80  8 113  279.90  291.60  290.70  291.00    6.31    4.88    4.30    3.22  227.30  212.50  211.40  204.20    5.82    3.70    4.58    3.95
  4 22 80  9 113 -999.99 -999.99 -999.99 -999.99 -999.99 -999.99 -999.99 -999.99 -999.99 -999.99 -999.99 -999.99    1.08    0.81    1.73    2.68
  4 22 80 10 113 -999.99 -999.99 -999.99 -999.99 -999.99 -999.99 -999.99 -999.99 -999.99 -999.99 -999.99 -999.99 -999.99 -999.99 -999.99 -999.99
  4 22 80 11 113 -999.99 -999.99 -999.99 -999.99 -999.99 -999.99 -999.99 -999.99 -999.99 -999.99 -999.99 -999.99 -999.99 -999.99 -999.99 -999.99
  4 22 80 12 113  278.60  300.30  300.90  301.80    9.65    8.97    8.64    7.14  258.40  258.10  259.40  253.20    8.52    7.65    8.25    9.14
  4 22 80 13 113  276.90  300.60  301.20  302.20   12.06   11.26   10.61    8.67  250.40  251.00  252.20  245.30    4.64    4.88    4.14    3.89
  4 22 80 14 113  275.80  301.10  301.70  302.70   13.34   12.44   11.73    9.27  253.40  253.70  255.90  248.00    3.56    3.61    3.88    4.34
  4 22 80 15 113  276.30  301.30  301.90  302.80   13.93   12.83   12.18    9.79  251.90  252.70  254.50  247.00    6.94    7.00    6.09    6.42
  4 22 80 16 113  276.70  301.40  301.90  302.60   14.11   13.04   12.17    9.50  256.60  257.10  258.50  250.30    3.25    3.15    3.03    3.85
  4 22 80 17 113  277.20  301.40  301.80  302.20   12.97   11.54   10.85    8.48  259.70  260.20  261.40  253.70    3.15    3.40    2.96    3.26
  4 22 80 18 113  276.90  300.90  301.20  301.30   11.50    9.79    9.21    7.38  263.80  264.10  264.10  256.20    2.05    2.02    1.57    2.50
  4 22 80 19 113  277.00  300.00  300.00  299.90   10.53    7.85    6.92    5.63  268.40  268.20  268.70  259.40    2.31    2.76    1.93    1.72
  4 22 80 20 113  277.60  299.20  298.40  297.30   11.00    7.46    6.31    4.54  269.90  267.20  266.50  253.30    1.11    1.21    2.05    2.92
  4 22 80 21 113  277.60  298.50  296.90  294.70   12.60    8.41    6.67    4.01  266.90  262.30  259.40  246.60    1.63    2.04    2.24    2.01
  4 22 80 22 113  277.10  297.70  295.40  293.50   13.97    9.05    6.98    4.20  261.10  254.70  254.40  245.00    2.01    2.19    1.47    2.08
  4 22 80 23 113  277.70  296.20  294.40  293.00   13.32    8.80    6.89    4.28  258.90  254.30  254.80  246.00    0.72    1.81    2.03    3.01
  4 22 80 24 113  278.20  295.30  293.40  292.00   12.99    7.81    5.98    3.68  259.90  255.50  254.50  243.70    0.85    1.02    1.22    3.22
  4 23 80  1 114  278.40  294.80  292.60  291.30   13.38    8.16    6.29    3.78  259.90  254.20  254.40  244.70    1.56    0.85    1.06    2.24
  4 23 80  2 114  278.70  294.30  292.10  291.10   13.65    8.83    6.99    4.42  261.90  255.20  256.50  249.10    1.42    1.48    1.43    2.85
  4 23 80  3 114  279.10  293.40  291.90  290.90   12.69    8.51    7.00    4.48  266.20  261.50  260.50  249.30    2.62    3.67    3.58    1.72
  4 23 80  4 114  279.40  292.60  292.40  292.20   10.50    6.74    5.82    4.62  276.40  275.10  275.10  265.90    2.93    4.78    5.24    7.73
  4 23 80  5 114  279.60  291.70  291.20  290.90   11.68    7.81    6.33    4.73  288.50  287.50  286.40  280.00    5.78    7.02    9.35   10.71
  4 23 80  6 114  279.80  291.00  290.30  289.80   10.51    7.94    5.97    4.04  311.10  304.50  301.10  291.00    8.92    6.86    5.72    5.93
  4 23 80  7 114  277.30  288.70  289.10  289.30   10.91   10.15    9.34    8.02   37.82   35.97   33.36   23.61   29.55   32.78   34.77   34.94
  4 23 80  8 114  273.70  286.70  287.20  287.90   11.30   10.58    9.86    8.72   57.11   55.99   55.05   44.46    3.31    3.72    4.89    4.99
  4 23 80  9 114  273.60  286.40  287.00  287.80   10.66   10.11    9.49    8.50   50.62   50.80   50.84   42.13    4.62    6.06    7.12    7.28
  4 23 80 10 114  274.00  286.80  287.50  288.40    9.01    8.63    8.17    7.25   49.72   49.35   49.16   39.28    3.80    4.90    5.18    5.40
  4 23 80 11 114  274.30  287.60  288.20  289.10    7.60    7.35    7.08    6.31   43.74   43.61   43.76   34.07    6.36    5.64    5.48    6.07
  4 23 80 12 114  274.60  288.50  289.10  289.90    6.31    6.17    5.99    5.48   36.14   36.57   35.75   26.22    8.05    8.72    9.62   10.23
  4 23 80 13 114  274.60  289.10  289.80  290.70    6.00    5.84    5.61    5.13   36.25   35.81   35.17   24.99    6.81    7.17    7.98    9.90
  4 23 80 14 114 -999.99 -999.99 -999.99 -999.99 -999.99 -999.99 -999.99 -999.99 -999.99 -999.99 -999.99 -999.99 -999.99 -999.99 -999.99 -999.99
  4 23 80 15 114  274.50  290.80  291.30  292.00    4.35    4.16    4.01    3.58   28.85   29.33   28.97   21.53   14.07   17.12   19.65   19.78
  4 23 80 16 114  274.20  291.30  291.90  292.50    3.35    3.28    3.12    2.86   17.13   17.22   15.22    4.78    4.19    7.24    9.96   12.02
  4 23 80 17 114  273.50  291.70  292.20  292.70    3.31    3.40    3.47    3.13   10.33   11.11    9.55  358.80   12.27   12.69   13.79   12.97
  4 23 80 18 114  273.20  291.60  292.10  292.40    3.37    3.35    3.29    2.90   19.43   21.52   21.82   14.03   13.65   13.78   14.28   14.00
  4 23 80 19 114  273.30  291.30  291.70  291.70    3.03    2.98    2.85    2.22   37.45   39.08   38.58   26.42    8.32    5.74    5.34    5.41
  4 23 80 20 114  273.40  291.00  291.40  290.90    3.25    2.86    2.67    2.13   36.64   37.88   37.43   22.73    3.55    4.08    4.26    7.26
  4 23 80 21 114  273.60  290.40  290.50  289.60    5.02    4.68    4.06    2.41   12.36    8.87    4.02  349.30    7.11    8.18    7.99    5.60
  4 23 80 22 114 -999.99 -999.99 -999.99 -999.99 -999.99 -999.99 -999.99 -999.99 -999.99 -999.99 -999.99 -999.99 -999.99 -999.99 -999.99 -999.99
  4 23 80 23 114 -999.99 -999.99 -999.99 -999.99 -999.99 -999.99 -999.99 -999.99 -999.99 -999.99 -999.99 -999.99 -999.99 -999.99 -999.99 -999.99
  4 23 80 24 114 -999.99 -999.99 -999.99 -999.99 -999.99 -999.99 -999.99 -999.99 -999.99 -999.99 -999.99 -999.99 -999.99 -999.99 -999.99 -999.99
  4 24 80  1 115  270.90  285.00  284.70  283.70    4.59    3.42    2.36    1.21  157.50  161.50  172.90  198.80    7.39    9.29    9.88   16.01
  4 24 80  2 115  271.20  284.60  284.30  283.70    3.83    2.19    1.41    0.81  171.20  182.20  195.10  223.20    8.35   12.41   11.60   17.44
  4 24 80  3 115  271.70  284.30  284.00  283.30    2.81    1.48    1.21    1.05  203.30  225.20  261.90  216.00   12.09   68.82   76.95   76.67
  4 24 80  4 115  272.40  283.90  283.70  282.50    3.38    2.29    1.58    0.89  264.50  279.50  278.50  262.60   31.28   25.06   29.71   49.72
  4 24 80  5 115  271.90  283.90  282.90  280.90    4.39    3.43    2.67    1.99  293.00  282.30  266.70  229.20   20.90   15.67   19.36   32.62
  4 24 80  6 115  270.20  283.80  282.40  281.30    6.97    5.94    4.36    3.04  328.90  313.50  301.10  286.90    3.51    4.93    3.33    3.62
  4 24 80  7 115  271.10  282.30  281.90  281.80    7.27    6.34    5.07    3.96  328.10  316.00  311.40  301.50    4.90    3.93    4.78    6.41
  4 24 80  8 115 -999.99 -999.99 -999.99 -999.99 -999.99 -999.99 -999.99 -999.99 -999.99 -999.99 -999.99 -999.99 -999.99 -999.99 -999.99 -999.99
  4 24 80  9 115  273.40  279.90  280.40  281.40    7.11    8.41    8.47    7.47    2.74    3.73    1.71  354.40    6.66    7.03    7.87    8.43
  4 24 80 10 115  273.40  280.10  280.70  281.70    9.50    9.85    9.30    8.23   13.97   13.48   11.94    4.24    4.86    5.18    5.77    5.85
  4 24 80 11 115  272.90  280.10  280.80  281.70    7.98    8.31    8.02    7.15   15.17   16.15   16.31    6.48    6.24    5.67    6.05    5.93
  4 24 80 12 115  272.40  280.20  280.80  281.70    8.06    8.84    8.71    7.68    7.94    8.26    8.29  359.80    4.34    3.58    4.11    5.07
  4 24 80 13 115  271.30  279.40  280.00  281.00    7.48    8.60    8.74    7.68  356.10  359.30  358.40  350.50    8.23    6.51    7.21    7.31
  4 24 80 14 115  270.20  280.00  280.60  281.40    6.22    6.94    7.38    6.74  353.00  358.60  357.30  350.80    7.56    6.45    7.17    7.18
  4 24 80 15 115  269.20  280.70  281.30  282.10    6.07    6.54    6.49    5.58    1.09    4.93    4.15  355.50   13.86    9.45    9.44   10.12
  4 24 80 16 115  268.90  281.20  281.70  282.50    6.42    6.59    6.31    5.61   14.02   13.90   12.83    4.37    6.37    6.74    7.13    7.57
  4 24 80 17 115  268.30  281.60  282.20  282.80    5.71    5.94    5.71    5.02   11.54   12.00   12.12    2.66    8.46    8.35    8.56    7.66
  4 24 80 18 115  267.70  281.60  282.20  282.70    6.30    6.17    5.98    5.25   30.14   28.48   28.11   19.06    6.55    6.81    6.65    6.55
  4 24 80 19 115  267.70  281.10  281.60  282.00    5.83    5.60    5.31    4.50   33.23   31.05   30.90   21.50    6.03    6.59    6.78    6.22
  4 24 80 20 115  268.30  280.70  281.20  281.30    5.58    5.02    4.58    3.64   34.90   30.89   29.52   18.10    3.23    2.59    3.06    3.30
  4 24 80 21 115  268.70  280.20  280.50  280.70    6.06    5.27    4.72    3.61   47.32   43.10   41.45   31.00    7.53    6.63    6.14    6.57
  4 24 80 22 115  268.30  279.60  279.80  280.00    6.36    4.91    4.18    3.48   64.04   61.26   61.12   52.79    2.14    1.48    2.01    3.02
  4 24 80 23 115  268.10  279.30  279.20  279.20    5.57    4.17    3.53    2.90   75.74   72.12   69.71   61.13    4.39    4.89    4.40    6.27
  4 24 80 24 115  267.90  278.70  278.60  278.10    5.25    3.76    2.78    1.84   87.70   88.59   92.03   94.70    9.97   13.57   19.48   34.66
  4 25 80  1 116  267.80  278.40  278.30  277.60    4.73    3.43    2.61    1.44   91.64   90.94   92.56   94.83    3.65    8.39   10.71   19.22
  4 25 80  2 116  267.80  277.70  277.50  276.70    4.71    2.96    2.24    1.00  107.50  113.10  120.80  136.90    7.02    9.13    9.45   16.14
  4 25 80  3 116  268.00  277.40  277.20  276.60    3.60    2.55    1.82    0.99  132.10  144.20  159.60  180.90   10.45   12.56   14.44   14.15
  4 25 80  4 116  268.00  277.20  277.20  276.00    3.62    2.99    2.37    1.09  146.50  155.50  151.10  158.00    5.57    9.94    2.43   12.56
  4 25 80  5 116  268.20  277.10  277.10  275.80    3.29    2.75    1.97    1.09  131.40  142.80  142.70  112.50    5.33    7.04    6.24   13.22
  4 25 80  6 116  268.00  277.00  276.90  275.60    3.66    2.88    2.12    1.20  141.90  157.70  165.10  153.50   11.25   17.08   21.64   34.84
  4 25 80  7 116  268.10  276.70  276.70  276.50    4.53    3.59    3.01    2.16  151.50  158.90  163.70  157.30    4.28   10.52   16.17   17.43
  4 25 80  8 116  269.30  277.40  277.90  278.50    4.04    4.04    3.94    3.38  156.80  155.90  155.70  150.50    4.24    5.48    6.06    7.27
  4 25 80  9 116  269.70  278.70  279.30  280.10    3.15    3.04    2.94    2.52  151.20  152.10  153.80  147.90    3.84    5.67    7.29    9.31
  4 25 80 10 116  270.50  280.20  280.80  281.40    2.05    1.91    1.87    1.70  158.90  170.00  170.70  164.00   10.69   23.09   28.71   28.10
  4 25 80 11 116  271.00  281.70  282.20  282.90    1.63    1.76    1.81    1.69  123.80  130.80  131.60  123.50   52.57   60.75   64.58   65.88
  4 25 80 12 116  271.60  283.00  283.60  284.20    2.26    2.22    2.15    1.97   56.87   49.08   45.86   29.21   47.11   59.17   65.37   70.49
  4 25 80 13 116  272.00  284.00  284.60  285.20    2.28    2.38    2.33    2.11   52.08   53.66   53.27   45.73   12.42   14.81   15.91   27.52
  4 25 80 14 116  272.30  284.80  285.40  286.20    3.25    3.26    3.25    3.03   52.63   54.82   57.98   53.40   20.39   22.98   22.65   32.17
  4 25 80 15 116  272.60  285.50  286.10  286.60    2.41    2.36    2.31    2.14   29.11   27.40   33.67   20.05   35.22   47.36   55.78   65.40
  4 25 80 16 116  272.50  286.20  286.80  287.30 -999.99 -999.99 -999.99 -999.99   41.59   40.02   41.47   34.00   33.53   31.72   32.16   40.79
  4 25 80 17 116  272.60  286.60  287.20  287.70    2.77    2.64    2.52    2.25   31.28   26.75   25.72   15.50   11.02   21.18   26.15   29.04
  4 25 80 18 116  272.40  286.70  287.10  287.60    3.53    3.38    3.25    2.88   47.69   46.35   45.63   35.97   11.19   11.62   11.83   13.45
  4 25 80 19 116  272.60  286.20  286.70  286.90    4.00    3.72    3.48    2.89   73.23   69.94   69.41   58.89   29.08   29.74   28.82   28.09
  4 25 80 20 116  272.30  285.70  286.00  285.80    4.89    3.98    3.31    2.40   96.76   94.53   92.94   82.46    4.81    3.85    4.24    4.66
  4 25 80 21 116  272.60  284.50  284.80  284.80    7.10    5.83    5.11    4.03   88.93   84.27   82.93   71.22    8.70    8.40    7.46    6.56
  4 25 80 22 116  272.80  282.70  283.10  283.30    8.36    7.46    6.77    5.75   82.16   78.64   78.43   69.03    2.65    2.92    2.89    2.76
  4 25 80 23 116  272.80  281.60  282.10  282.50    7.72    6.70    6.07    5.22   71.17   67.70   67.76   58.68    3.95    4.74    4.71    4.44
  4 25 80 24 116  272.50  280.70  281.20  281.50    8.04    6.84    6.14    5.20   68.91   65.48   65.60   56.31    1.37    1.10    1.23    2.48
  4 26 80  1 117  272.20  279.50  280.00  280.40    9.21    8.01    7.30    6.25   65.60   63.88   63.98   55.03    1.85    2.20    1.98    2.40
  4 26 80  2 117  272.10  278.70  279.20  279.60    7.09    6.05    5.52    4.96   68.31   66.00   65.98   57.68    1.51    1.36    1.83    2.33
  4 26 80  3 117  271.90  278.40  278.90  279.20    6.43    5.49    5.03    4.54   71.34   69.41   69.24   62.14    3.69    4.08    4.19    5.28
  4 26 80  4 117  271.70  277.90  278.40  278.80    7.18    6.10    5.57    4.82   66.90   65.19   65.31   56.36    2.12    2.18    2.52    2.69
  4 26 80  5 117  271.50  277.50  278.00  278.40    7.92    6.68    6.21    5.51   62.47   60.69   61.06   52.86    1.62    2.26    2.41    2.75
  4 26 80  6 117  271.70  277.20  277.60  278.20    7.01    6.18    5.74    4.89   56.10   50.55   48.86   40.12    4.03    6.27    7.15    7.90
  4 26 80  7 117  271.60  277.30  277.80  278.40    6.83    6.44    6.14    5.32   54.14   47.88   46.98   36.66    1.84    2.02    2.80    3.21
  4 26 80  8 117  270.70  278.00  278.60  279.30    7.49    7.34    7.06    6.10   47.07   44.19   44.06   34.76    2.85    3.62    4.17    4.58
  4 26 80  9 117  270.90  279.20  279.90  280.70    7.20    6.89    6.63    5.83   43.35   40.86   41.09   30.67    3.47    3.91    4.45    5.42
  4 26 80 10 117  271.70  281.20  281.80  282.70    7.19    6.94    6.76    6.02   43.87   41.77   41.81   31.74    4.48    3.92    3.75    4.45
  4 26 80 11 117  272.20  283.00  283.70  284.50    6.48    6.30    6.19    5.55   53.90   53.44   53.59   45.46    9.76   10.36   11.17   11.87
  4 26 80 12 117  271.90  284.50  285.20  286.10    6.17    5.84    5.67    5.20   55.35   54.45   53.60   43.80    7.89    7.65    8.59    8.48
  4 26 80 13 117  271.10  285.90  286.60  287.50    7.03    6.65    6.37    5.71   48.31   47.53   48.39   37.18    5.45    6.90    7.03    8.54
  4 26 80 14 117  271.50  287.00  287.70  288.70    8.53    8.22    7.89    7.05   41.50   39.05   39.11   30.26    5.82    5.89    5.88    6.17
  4 26 80 15 117  273.80  287.20  287.90  288.90    9.90    9.54    9.12    7.90   37.42   35.80   36.45   27.21    4.29    5.30    5.92    6.33
  4 26 80 16 117  274.60  287.40  288.10  289.00   10.59   10.16    9.72    8.37   34.74   33.25   32.94   23.79    4.40    5.24    5.76    6.05
  4 26 80 17 117  274.40  287.10  287.80  288.50   11.02   10.45    9.98    8.61   34.75   33.26   33.67   24.76    5.55    6.25    6.65    5.98
  4 26 80 18 117  274.40  286.60  287.20  287.70   11.28   10.87   10.18    8.85   33.99   31.43   32.09   23.40    6.13    6.71    7.69    8.02
  4 26 80 19 117  274.60  285.50  286.10  286.40   11.13   10.55    9.95    8.58   28.88   25.62   25.43   15.88    2.47    2.20    1.98    2.15
  4 26 80 20 117  275.10  284.10  284.60  284.90   11.17   10.43    9.77    8.31   25.82   23.39   22.49   13.15    1.55    2.10    2.55    2.36
  4 26 80 21 117  275.20  282.50  283.00  283.30   11.38   10.50    9.84    8.24   25.72   23.59   23.18   14.05    1.70    2.28    2.66    2.11
  4 26 80 22 117  275.20  281.30  281.70  282.00    9.17    8.30    7.66    6.44   21.11   19.08   18.44    9.42    3.85    5.09    5.45    5.65
  4 26 80 23 117  275.00  280.60  281.00  281.40    8.93    7.83    6.95    5.59   18.94   15.43   14.43    5.54    1.96    2.13    3.16    1.61
  4 26 80 24 117  274.70  279.60  280.10  280.40    8.31    7.46    6.84    5.61   34.68   31.51   31.56   21.20    3.65    4.05    4.50    4.11
  4 27 80  1 118  274.60  279.10  279.40  279.70    7.14    6.21    5.63    4.53   23.06   20.50   19.42   10.25    5.14    4.49    4.19    4.28
  4 27 80  2 118  274.80  278.70  279.10  279.40    7.22    6.32    5.68    4.63   16.09   11.99   10.31    0.97    1.96    2.75    2.90    2.32
  4 27 80  3 118  275.00  278.60  278.80  279.20    7.65    6.40    5.66    4.27   14.48    5.11    0.48  350.00    1.09    1.15    1.67    2.03
  4 27 80  4 118  275.10  278.50  278.50  278.90    7.75    6.19    5.29    3.95   11.15    0.63  355.50  345.20    3.41    2.78    2.77    3.58
  4 27 80  5 118  275.40  279.00  278.60  278.90    5.45    4.38    4.06    3.44  359.60  352.70  349.30  338.70    5.63    3.20    3.39    5.26
  4 27 80  6 118  276.20  279.80  280.00  280.30    4.71    4.29    4.39    3.76  353.20  350.50  348.30  338.50    1.42    2.41    2.97    5.02
  4 27 80  7 118  276.70  280.40  280.90  281.40    4.48    5.97    6.20    5.27  355.40  359.00  358.00  350.50    2.72    2.16    1.94    2.11
  4 27 80  8 118  276.80  280.80  281.40  281.80    5.42    7.91    7.87    6.75    1.86    3.69    2.95  354.60    7.09    3.34    3.58    3.07
  4 27 80  9 118  277.00  281.70  282.20  283.00    5.39    7.09    7.19    6.14  357.00    1.15    0.35  352.30   10.08    3.97    4.07    3.62
  4 27 80 10 118  276.80  282.90  283.50  284.20    5.11    6.11    6.50    5.58  343.70  355.20  354.00  346.40    9.58    5.11    5.40    5.07
  4 27 80 11 118  276.20  283.70  284.20  285.00    5.64    6.51    6.85    5.94  332.10  352.50  351.20  340.70   11.78    5.93    5.93    8.99
  4 27 80 12 118  276.10  284.10  284.70  285.30    4.77    5.04    5.35    4.70  320.80  348.60  346.80  309.00    9.02    5.70    6.72    8.18
  4 27 80 13 118  276.60  284.80  285.40  286.00    5.56    5.43    5.48    4.66  311.70  342.50  340.40  302.50    5.20    3.85    3.99    4.94
  4 27 80 14 118  277.30  285.10  285.70  286.30    7.77    7.25    6.85    5.67  302.70  333.20  331.90  296.80   10.95    7.04    7.10    5.38
  4 27 80 15 118  277.50  285.20  285.80  286.50    8.20    7.53    7.07    5.71  302.20  335.50  334.30  302.30   15.15    2.75    2.78    3.73
  4 27 80 16 118  277.90  285.50  286.00  286.50    7.47    7.03    6.59    5.33  310.80  333.80  332.50  303.10   12.78    2.95    3.06    3.64
  4 27 80 17 118  278.30  285.20  285.60  286.00    2.84    4.01    4.02    3.37  333.30    0.01    0.58  327.40   14.21    7.38    8.41    6.77
  4 27 80 18 118  278.50  285.70  286.10  286.50    1.60    1.81    1.83    1.67  342.00    1.48    5.28  339.00    7.73    4.49    4.73    9.07
  4 27 80 19 118  278.40  285.30  285.70  285.90    2.82    2.82    2.65    2.30   43.11   53.06   57.12   25.42   48.21   40.40   40.00   35.79
  4 27 80 20 118  279.30  282.30  282.80  283.20    6.98    6.29    5.85    5.18   66.44   65.28   65.92   25.86    6.67    6.70    6.71    6.88
  4 27 80 21 118  279.10  281.70  282.10  282.50    5.83    4.93    4.51    3.94   67.72   66.31   67.63   29.46    4.40    3.02    2.79    4.15
  4 27 80 22 118  277.90  281.40  281.80  281.90    3.54    2.98    2.66    2.19   54.54   56.21   58.44   22.79    3.16    6.48    8.48   11.40
  4 27 80 23 118  277.70  281.00  281.40  281.50    3.03    2.87    2.69    2.09   32.82   26.43   24.67  347.40   13.76   15.85   16.15   12.95
  4 27 80 24 118  277.60  280.60  280.90  281.00    4.59    3.91    3.46    2.51   29.63   29.34   27.66  351.10    6.95   13.15   15.14   14.33
  4 28 80  1 119  277.10  280.40  280.60  280.40    4.17    3.47    3.11    2.21   34.97   37.80   34.35  352.00    0.81    1.29    1.95    2.86
  4 28 80  2 119  277.10  280.00  280.10  279.80    5.02    4.49    4.15    2.89   29.33   29.07   24.34  347.30    4.54    5.20    4.37    3.72
  4 28 80  3 119  276.40  279.30  279.60  279.60    5.77    5.02    4.62    3.41   20.10   20.97   19.53  346.80    2.84    2.77    2.67    3.26
  4 28 80  4 119  275.90  279.30  279.50  279.50    5.33    4.41    3.78    2.81   12.68   12.38    9.78  339.30    3.53    6.15    8.50    9.27
  4 28 80  5 119  275.60  279.20  279.10  279.20    4.48    3.45    3.09    2.60    4.10  356.20  348.90  318.80    3.91    5.12    6.13    9.00
  4 28 80  6 119  275.40  279.40  279.50  279.90    3.93    4.10    3.64    2.97    0.36    1.59  358.30  333.90   20.39    4.39    5.00    5.84
  4 28 80  7 119  276.20  278.90  279.30  279.80    3.09    3.27    3.31    2.82    0.78  354.80  351.20  335.10    5.55    3.20    2.71    5.44
  4 28 80  8 119  276.20  279.20  279.60  280.20    4.02    5.16    5.19    4.56    4.49    3.37    2.81  354.70    4.86    3.46    4.67    4.98
  4 28 80  9 119  276.10  279.50  280.00  280.60    3.86    4.97    5.31    4.63  354.90  356.80  356.20  349.90    6.97    6.11    6.91    6.27
  4 28 80 10 119  276.10  280.30  280.90  281.50    5.77    5.56    5.40    4.65  330.60  338.90  338.30  332.00   10.47    6.36    7.05    7.69
  4 28 80 11 119  276.30  281.40  282.00  282.60    6.27    5.78    5.53    4.69  315.80  335.80  335.50  330.10    5.03    5.33    5.57    6.19
  4 28 80 12 119  276.40  282.30  282.90  283.60    5.95    6.27    6.25    5.34  339.10  348.40  347.90  341.70   26.44   16.34   16.48   16.87
  4 28 80 13 119  275.60  283.20  283.80  284.40    5.95    6.01    6.09    5.17  330.80  345.30  344.10  338.70   14.20    7.56    7.68    7.82
  4 28 80 14 119  275.10  283.80  284.30  285.10    7.88    7.38    7.18    5.94  328.60  337.10  336.10  330.40   10.30    5.17    5.54    6.28
  4 28 80 15 119  275.60  284.10  284.60  285.00    8.45    7.96    7.40    5.77  322.70  333.50  333.00  327.10    7.11    4.24    4.01    4.22
  4 28 80 16 119  276.00  284.20  284.70  285.00    5.44    5.69    5.47    4.44  340.30  346.20  345.80  338.60   16.02   13.35   12.95   13.47
  4 28 80 17 119  277.40  282.80  283.30  283.60    5.49    6.10    5.66    4.69    8.78    8.36    8.08    1.92    4.51    4.52    5.16    5.27
  4 28 80 18 119  278.10  282.10  282.50  283.00    6.56    5.39    5.02    4.15  311.80  335.50  333.50  327.30   20.78    9.18    9.65   10.32
  4 28 80 19 119  278.40  282.10  282.60  283.00    5.56    5.57    5.38    4.30  315.10  344.90  343.90  338.40   31.29   10.68   11.03   10.69
  4 28 80 20 119  278.40  281.50  281.90  282.40    4.96    5.64    6.18    5.03  335.50  354.40  353.60  346.70    6.87    2.24    2.21    3.31
  4 28 80 21 119  278.70  281.20  281.70  282.30    4.48    4.59    4.82    4.10  317.20  348.80  347.10  341.50   16.55    2.25    3.17    2.77
  4 28 80 22 119  278.70  281.20  281.70  282.20    5.40    5.44    5.49    4.74  255.40  347.70  345.60  339.80   78.97    6.59    6.85    6.78
  4 28 80 23 119  278.00  280.80  281.20  281.80    5.65    7.22    7.10    5.85  354.00    0.55  359.60  352.50    8.53    2.93    3.50    2.86
  4 28 80 24 119 -999.99 -999.99 -999.99 -999.99 -999.99 -999.99 -999.99 -999.99 -999.99 -999.99 -999.99 -999.99    6.29    2.90    2.19    3.17
  4 29 80  1 120  277.00  280.20  280.40  280.60    4.75    4.98    4.78    3.76  348.90  352.50  348.80  340.60   14.58    6.71    8.51    8.94
  4 29 80  2 120  277.20  280.00  279.90  279.80    4.86    5.36    4.70    3.49  312.70  341.20  337.90  330.20    8.38    3.65    4.39    4.60
  4 29 80  3 120  277.20  279.90  279.70  279.50    5.64    5.22    4.30    3.02  312.50  337.20  334.30  327.40   13.39    5.40    5.51    6.07
  4 29 80  4 120  277.70  280.00  280.00  279.40    7.00    5.52    4.26    2.72  301.90  326.60  321.00  312.40    9.64    3.93    5.31    6.50
  4 29 80  5 120  277.90  280.30  280.00  279.90    6.74    5.57    4.42    3.17  288.70  311.60  304.70  296.60    7.75    7.86    7.01    8.02
  4 29 80  6 120  277.70  279.90  279.40  279.70    7.53    5.89    4.77    3.63  286.20  307.90  304.70  297.60   13.34   11.15   11.36   13.61
  4 29 80  7 120  278.00  280.20  280.20  280.60    7.03    5.18    4.37    3.38  302.90  314.30  312.90  304.70   21.17    6.73    7.08    7.72
  4 29 80  8 120  278.40  280.10  280.60  281.00    6.22    4.81    4.37    3.83  272.60  302.00  301.50  294.90   41.86    2.59    3.00    2.98
  4 29 80  9 120  278.90  280.70  281.30  281.70    6.34    5.74    5.30    4.18  343.10  314.70  314.00  308.40   46.17    3.14    2.93    3.53
  4 29 80 10 120  279.10  281.50  282.00  282.50    5.34    5.06    5.08    4.34  337.60  338.10  337.00  323.30    7.98    8.40    9.10    7.53
  4 29 80 11 120  278.90  282.10  282.70  283.20    4.31    3.99    3.94    3.32  336.20  339.30  339.20  334.50    4.64    4.52    5.51    7.52
  4 29 80 12 120  279.00  282.40  283.10  283.50    5.20    4.88    4.51    3.64  321.90  325.30  325.60  320.20    9.66    9.57    8.63    8.44
  4 29 80 13 120  279.20  283.30  283.90  284.40    5.77    5.75    5.41    4.35  318.30  320.50  320.60  314.10    4.92    6.47    6.53    6.10
  4 29 80 14 120  279.20  283.20  283.80  284.20    6.03    5.82    5.33    4.27  313.70  316.30  316.90  311.10    3.56    3.94    3.87    4.07
  4 29 80 15 120  279.50  283.00  283.70  284.00    5.24    4.99    4.68    3.95  309.10  310.10  310.60  303.30    2.76    2.50    2.74    3.50
  4 29 80 16 120  280.10  282.40  283.00  283.50    4.94    4.67    4.30    3.49  312.00  313.40  314.60  309.40    3.70    3.87    3.57    4.26
  4 29 80 17 120  280.30  282.50  283.10  283.50    4.23    3.99    3.82    3.13  312.10  312.60  312.80  307.70    3.44    4.57    5.82    6.47
  4 29 80 18 120  280.30  282.90  283.50  283.90    4.25    4.06    3.83    3.20  314.70  315.30  315.20  309.10    5.54    6.65    6.51    7.54
  4 29 80 19 120  280.20  282.70  283.10  283.70    2.99    2.65    2.49    2.14  324.00  322.10  320.30  315.00    4.52    7.52    8.03    8.41
  4 29 80 20 120  279.80  283.10  283.30  283.60    3.70    2.71    2.24    1.69  332.70  331.30  328.40  322.60    5.94    6.43    6.72    7.83
  4 29 80 21 120  279.60  283.10  283.40  283.60    2.39    2.21    2.01    1.63    3.23  356.10  353.50  348.90    9.49    6.71    7.25    8.92
  4 29 80 22 120  279.80  283.00  283.30  283.40    1.81    2.10    1.98    1.48  345.40  336.20  328.60  317.50    6.44    7.49    7.97    9.63
  4 29 80 23 120  280.00  282.90  283.20  283.40    2.59    2.17    1.82    1.44  328.10  309.70  300.80  289.50    8.44    9.27    8.71    8.92
  4 29 80 24 120  279.90  282.80  283.10  283.20    2.71    2.89    2.52    1.95  330.20  313.90  306.60  294.80    9.74    9.48    9.30   13.03
  4 30 80  1 121  279.60  282.90  283.00  283.20    2.42    2.80    2.56    1.93  349.40  335.00  328.80  319.50   11.16    9.34    8.95    9.26
  4 30 80  2 121  279.70  282.80  282.90  283.00    1.86    2.50    2.31    1.73  349.20  336.50  327.90  315.80    9.96    7.47    7.51    8.57
  4 30 80  3 121  279.20  283.00  282.90  283.00    1.36    2.09    2.13    1.62  344.30  343.60  334.10  323.30    9.97    6.21    5.71    6.67
  4 30 80  4 121  279.30  282.70  282.80  282.90    2.46    3.08    2.86    2.18  346.20  343.70  339.50  332.10   18.06   22.98   21.85   23.50
  4 30 80  5 121  279.20  282.50  282.60  282.60    2.35    2.99    2.53    1.87  344.80  331.90  325.30  315.30    6.62    9.25   11.88   11.53
  4 30 80  6 121  279.20  282.50  282.60  282.60    3.08    2.74    2.49    1.77  338.10  327.60  319.50  309.90    5.80    6.90    6.49    5.25
  4 30 80  7 121  279.40  282.40  282.40  282.70    1.50    1.60    1.42    1.12  352.40  333.20  324.30  315.30    8.17    9.22    7.89    7.95
  4 30 80  8 121  279.60  282.60  282.80  283.10    2.11    1.63    1.54    1.33   22.75    1.33  352.90  344.40   10.31   11.49   11.50   11.03
  4 30 80  9 121  280.30  282.90  283.40  283.80    0.91    1.05    1.08    0.93    2.52    6.98    6.76  359.80   43.14   36.04   35.62   35.48
  4 30 80 10 121  280.10  284.10  284.60  284.90    1.05    1.10    1.14    1.04  140.60  165.40  167.00  162.60   55.14   63.44   56.76   61.30
  4 30 80 11 121 -999.99 -999.99 -999.99 -999.99 -999.99 -999.99 -999.99 -999.99 -999.99 -999.99 -999.99 -999.99   11.20   18.55   22.35   31.01
  4 30 80 12 121  280.00  284.70  285.10  285.60    1.06    1.11    1.14    1.10  345.70  352.80  354.70  353.60    8.36   45.19   40.33   36.76
  4 30 80 13 121  280.00  284.80  285.30  285.60    1.39    1.39    1.41    1.33  324.60  324.00  324.50  317.90   10.78   15.77   17.54   23.95
  4 30 80 14 121  279.90  285.20  285.80  286.10    1.50    1.48    1.51    1.45  359.70  355.00  358.30  352.70   24.77   27.78   31.81   33.49
  4 30 80 15 121  280.00  285.90  286.40  286.70    1.17    1.19    1.25    1.15   27.02   39.06   42.61   46.68   38.59   36.36   42.47   55.26
  4 30 80 16 121  280.40  285.60  286.10  286.40    4.58    4.46    4.30    3.67   34.66   34.65   33.57   23.97   17.28   15.99   15.44   14.90
  4 30 80 17 121  280.10  285.30  285.80  286.10    3.85    3.82    3.76    3.50   61.72   64.86   66.51   58.88    3.91    5.19    6.86    8.87
  4 30 80 18 121  280.10  285.10  285.60  286.00    2.94    2.88    2.81    2.61   67.42   70.96   73.36   66.72    3.02    4.22    5.16    6.01
  4 30 80 19 121  280.50  285.00  285.50  285.70    2.56    2.46    2.42    2.17   58.47   57.25   55.56   44.79    2.40    5.04    7.06    9.08
  4 30 80 20 121  280.40  285.00  285.40  285.50    1.87    1.84    1.60    1.05   51.97   40.29   39.79   45.12    6.87    5.24    7.85   50.45
  4 30 80 21 121  280.50  284.90  285.20  285.40    0.84    0.52    0.37    0.45  111.50  357.60  300.50  233.20   69.57   26.29   72.58   31.55
  4 30 80 22 121  280.10  285.00  285.20  285.10    0.91    0.61    0.65    0.55  177.10  311.80  294.00  264.20   63.26   19.23   28.84   28.64
  4 30 80 23 121  279.90  285.00  285.20  284.50    1.39    1.40    1.60    1.05    1.84  338.10  325.30  303.40    6.83    9.09    5.34    7.32
  4 30 80 24 121  279.80  284.80  284.80  283.80    1.83    2.81    2.78    1.80  353.50  339.20  331.70  323.90    5.12    5.69    5.87   10.76
  5  1 80  1 122  279.60  284.70  284.30  282.90    1.93    2.78    2.94    1.58  358.30  345.00  324.50  302.40    5.64    6.93    4.80    6.40
  5  1 80  2 122  279.40  284.50  284.20  282.00    1.91    2.66    3.01    1.61  356.80  343.20  329.60  302.60    7.54    3.83    3.64    8.53
  5  1 80  3 122  279.60  283.90  283.90  281.90    3.84    3.80    3.39    1.91   10.12  353.30  339.40  324.00   10.62   12.41   11.52   13.85
  5  1 80  4 122  279.70  282.60  282.80  282.20    3.92    3.56    2.97    1.63   29.89   15.79    5.40  347.80   12.23    7.54    9.27    5.10
  5  1 80  5 122  279.80  282.60  282.00  281.80    3.74    3.07    2.88    2.12   64.95   38.00   27.96    9.33   11.46   12.84   10.25    4.81
  5  1 80  6 122  279.20  283.40  281.60  281.00    3.66    2.81    2.02    1.64   91.85   75.34   56.77   18.65    3.23    7.46    6.74    7.21
  5  1 80  7 122  278.60  282.30  280.90  280.70    3.42    2.25    1.67    1.25   99.50   89.65   86.11   75.61    9.94   23.13   34.05   41.47
  5  1 80  8 122  278.50  282.40  282.00  282.10    2.76    1.64    1.58    1.45  109.70  128.80  133.10  128.00    7.53   22.06   24.02   23.20
  5  1 80  9 122  279.80  284.20  284.70  285.10    1.63    1.56    1.49    1.37  108.80  115.30  116.40  116.40   16.92   18.70   21.46   24.83
  5  1 80 10 122 -999.99 -999.99 -999.99 -999.99 -999.99 -999.99 -999.99 -999.99 -999.99 -999.99 -999.99 -999.99   14.23   13.63   12.71    4.64
  5  1 80 11 122 -999.99 -999.99 -999.99 -999.99 -999.99 -999.99 -999.99 -999.99 -999.99 -999.99 -999.99 -999.99   21.74   21.10   21.73   24.75
  5  1 80 12 122  278.50  286.50  287.00  287.50    2.01    2.05    2.09    1.85    6.94   16.31   17.14    8.16   17.46   21.75   25.71   29.94
  5  1 80 13 122  278.50  287.00  287.50  288.20    2.69    2.72    2.75    2.53  358.40  357.20  356.90  351.50   16.65   18.64   18.67   19.48
  5  1 80 14 122  278.50  287.80  288.40  289.00    2.56    2.52    2.48    2.24    0.49    7.51    8.05    5.59   13.67   21.47   22.77   32.39
  5  1 80 15 122  278.60  288.70  289.30  289.90    3.08    2.98    2.95    2.57    7.42    8.88    8.14    1.53   13.90   17.58   19.29   19.01
  5  1 80 16 122  278.60  289.70  290.20  290.80    3.94    4.08    4.02    3.48   14.93   15.98   15.93    7.47   15.29   15.41   16.36   16.56
  5  1 80 17 122  278.20  290.30  290.80  291.30    4.04    3.98    3.85    3.44   20.89   20.86   18.84   10.61    8.61    7.26    8.21    7.59
  5  1 80 18 122  278.10  290.50  291.00  291.60    3.77    3.67    3.49    2.99   33.45   33.67   33.32   24.55   11.97   10.94   11.67   12.03
  5  1 80 19 122  277.90  290.40  290.80  291.10    3.96    3.78    3.43    2.75   46.73   45.76   44.49   35.59    3.69    3.73    3.71    4.33
  5  1 80 20 122  277.80  290.20  290.50  290.10    3.16    2.68    2.24    1.42   66.92   63.30   64.01   60.21   14.20   12.31   13.28   20.20
  5  1 80 21 122  278.30  289.60  289.80  288.50    2.42    2.23    1.94    0.89  132.70  136.80  133.10  146.60   14.92   18.86   23.32   28.54
  5  1 80 22 122  278.70  288.70  288.50  287.90    3.31    2.63    1.84    0.94  170.00  178.40  178.80  203.30   14.49   21.71   23.30   18.07
  5  1 80 23 122  278.40  288.90  288.70  287.80    2.06    2.03    1.93    0.95  171.80  204.00  213.80  195.70    6.33    3.83    2.61   13.93
  5  1 80 24 122  278.40  288.40  288.20  286.90    2.15    2.65    2.51    1.41  198.90  218.00  224.10  208.00   15.88    5.30    8.57   11.27
  5  2 80  1 123  278.50  288.10  287.90  286.00    2.41    2.95    2.88    1.47  200.70  212.90  219.90  206.70    6.97    5.46    5.51   17.71
  5  2 80  2 123  278.50  288.10  288.10  286.20    2.50    3.09    3.30    2.15  229.70  238.60  245.40  238.20   17.74   12.21   10.56    5.83
  5  2 80  3 123  278.50  287.70  287.40  285.50    3.10    3.66    3.58    2.12  240.00  248.00  251.70  237.70    7.97    6.13    5.24    4.48
  5  2 80  4 123  278.40  287.60  287.30  284.70    3.97    4.49    3.78    1.60  245.80  245.00  246.00  234.90    2.14    4.84    5.31    3.64
  5  2 80  5 123  278.40  288.10  287.50  285.10    3.56    4.21    3.21    1.41  245.30  249.90  247.80  230.60    2.84    3.24    4.77    6.82
  5  2 80  6 123  278.20  287.70  287.00  285.20    3.26    2.98    2.14    0.97  255.20  264.90  261.20  211.20    9.10   10.46   12.58   33.11
  5  2 80  7 123  278.10  287.10  285.80  284.90    3.23    1.88    1.30    1.16  263.80  228.40  183.80  136.90    7.08   24.99   31.78   25.36
  5  2 80  8 123  278.40  287.10  285.90  285.70    2.66    1.14    1.00    0.76  279.70  234.10  193.40  166.80    4.67   40.93   43.88   34.13
  5  2 80  9 123  279.40  287.70  287.70  288.00    1.11    0.59    0.68    0.62  317.20  198.00  178.30  169.80   56.30   84.45   47.20   37.87
  5  2 80 10 123  279.50  289.40  290.00  290.50    2.31    2.23    2.15    1.90  230.20  230.00  231.60  223.70   22.27   29.44   25.72   24.10
  5  2 80 11 123  279.40  290.50  291.10  291.60    2.12    2.04    2.09    1.79  245.10  248.00  251.20  242.40   53.14   59.68   62.03   61.41
  5  2 80 12 123  279.40  291.30  291.80  292.40    1.76    1.93    1.94    1.81  291.90  297.70  297.80  281.70   45.73   54.50   52.43   48.92
  5  2 80 13 123  279.10  291.70  292.20  292.80    1.60    1.77    1.74    1.50  331.90  328.30  330.80  328.90   18.54   17.91   16.92   21.31
  5  2 80 14 123  278.90  292.10  292.60  293.10    1.73    1.58    1.62    1.45   51.73   39.41   42.94   38.34   60.37   60.48   57.27   53.37
  5  2 80 15 123  278.90  292.70  293.30  293.80    2.31    2.32    2.22    2.11   61.57   53.83   49.74   33.34   63.57   73.18   80.51   86.08
  5  2 80 16 123  278.70  293.20  293.80  294.20    2.18    2.09    2.07    1.86   48.46   51.91   53.15   47.11   32.86   32.72   31.62   38.08
  5  2 80 17 123  278.40  293.30  293.80  294.20    2.68    2.62    2.54    2.28   39.31   39.90   41.20   33.72   26.09   47.37   46.26   44.69
  5  2 80 18 123  278.40  293.30  293.70  294.10    2.50    2.45    2.38    2.19   65.21   64.84   64.53   55.27   25.04   28.10   28.80   29.81
  5  2 80 19 123  278.30  293.00  293.50  293.50    1.97    1.96    1.92    1.42  102.50  108.70  111.20  106.10   15.98   16.54   14.75   14.58
  5  2 80 20 123  278.20  292.60  293.00  291.90    2.17    2.16    1.92    0.97  119.80  126.70  129.20  110.20    3.55    4.96    8.30   25.61
  5  2 80 21 123  278.40  292.20  292.20  290.80    2.03    1.87    1.55    0.84  140.90  147.80  164.80  198.10   18.15   20.12   22.69   35.01
  5  2 80 22 123  278.90  291.60  291.40  290.20    2.77    2.22    1.57    0.87  214.60  223.80  224.30  226.20   16.64   29.13   37.93   58.19
  5  2 80 23 123  279.00  291.30  290.80  289.50    2.64    2.05    1.62    0.90  251.50  261.60  278.40  292.30    6.67    5.73   14.80   23.86
  5  2 80 24 123  279.00  290.90  290.80  287.80    3.90    3.51    2.71    1.60  251.60  258.70  255.70  197.90    3.66    3.46   13.72   62.60
  5  3 80  1 124  278.80  290.80  290.40  287.50    5.01    3.96    3.26    1.77  260.90  267.50  270.80  245.40    5.61    3.62    3.61   12.30
  5  3 80  2 124  278.80  290.50  290.10  288.70    4.94    4.52    4.44    3.44  273.60  278.80  284.20  287.70    3.23    4.85    4.78    3.82
  5  3 80  3 124  278.60  290.40  289.80  287.50    6.66    5.66    4.89    2.95  283.50  296.20  300.20  296.40    2.53    3.99    4.46    1.57
  5  3 80  4 124  279.00  290.40  289.30  286.30    7.10    6.03    3.82    2.24  295.60  304.00  312.00  303.40    4.62    1.59    1.23    1.90
  5  3 80  5 124  279.50  289.70  288.00  285.60    6.44    5.16    3.77    2.06  319.20  324.00  323.00  307.20   10.82    8.17    5.16    4.46
  5  3 80  6 124  277.00  287.60  286.30  285.30    3.41    3.42    2.41    1.31  358.40   15.11   10.12  344.10    7.41    7.92    9.20    4.33
  5  3 80  7 124  277.00  288.60  287.50  286.60    5.71    3.87    2.51    1.42   13.77   22.41   12.73  348.20    4.97    2.35    4.29    7.06
  5  3 80  8 124  278.10  289.30  289.50  289.90    3.94    3.05    2.79    2.47   15.72   15.71   12.43    1.33    3.79    4.68    5.90    8.18
  5  3 80  9 124  278.90  290.30  291.00  291.40    4.13    4.11    3.98    3.62   19.77   20.63   20.10   10.28    9.05    9.41    9.55   10.83
  5  3 80 10 124  279.10  291.40  292.00  292.60    5.49    5.31    5.13    4.65   24.45   23.62   23.12   15.26    7.43    7.79    8.21    8.40
  5  3 80 11 124  278.70  292.80  293.50  294.10    6.42    6.15    5.89    5.30   33.93   34.79   34.55   24.27    6.13    7.20    8.15    8.42
  5  3 80 12 124  278.10  293.70  294.30  295.10    6.15    5.87    5.69    5.15   48.70   52.10   53.53   46.42    9.40   10.71   12.46   13.96
  5  3 80 13 124  278.30  294.60  295.20  296.00    6.30    5.81    5.58    5.04   60.20   62.13   63.46   54.81   11.65   12.44   14.07   15.76
  5  3 80 14 124  277.40  295.40  296.00  296.80    7.12    6.83    6.64    5.96   63.61   64.46   65.48   56.73    9.01   10.00   11.16   11.07
  5  3 80 15 124  276.70  295.90  296.40  297.10    7.17    6.89    6.58    5.99   68.27   69.80   70.72   60.89    9.09   10.74   11.11   11.89
  5  3 80 16 124  276.50  296.30  296.80  297.60    6.51    6.09    5.78    5.20   73.24   75.34   76.59   68.21    7.22    8.19    8.45    8.19
  5  3 80 17 124  276.70  296.30  296.80  297.40    6.41    6.13    5.86    5.20   66.73   66.64   67.94   59.42    9.37   10.77   10.86   11.83
  5  3 80 18 124  277.20  296.00  296.50  296.80    4.99    4.71    4.45    3.80   40.21   40.64   41.62   32.89   13.41   13.47   13.63   14.38
  5  3 80 19 124  277.30  295.60  295.90  296.00    5.76    5.33    4.83    3.95   52.86   53.98   53.90   44.10   24.26   28.39   31.52   33.88
  5  3 80 20 124  276.90  295.00  295.10  294.40    6.13    5.19    4.43    2.91   93.52   99.11  102.50   98.10   20.88   20.95   20.18   19.31
  5  3 80 21 124  278.50  293.50  293.20  291.50    5.01    4.00    2.96    1.21  124.40  136.30  148.40  166.80    5.35    5.62   12.11   34.09
  5  3 80 22 124  278.30  293.70  293.40  291.30    2.07    2.58    2.47    1.56  135.80  161.40  178.90  212.60   12.95    5.36    3.48    7.40
  5  3 80 23 124  277.90  293.80  293.60  290.70    1.99    1.66    1.73    1.15  136.80  157.60  191.70  239.20    5.13    6.67   21.71   30.55
  5  3 80 24 124  277.90  293.50  292.90  289.50    0.67    0.86    2.12    2.09   11.60  299.40  298.40  311.30   46.55   31.26    6.72    3.53
  5  4 80  1 125  278.00  293.20  292.20  289.10    1.35    2.41    3.17    1.81  330.40  309.50  317.50  321.00    8.53    7.45    9.02    6.93
  5  4 80  2 125  278.10  292.90  292.00  288.60    1.86    2.52    2.46    0.88  319.90  323.50  340.90  341.40    6.76    8.40   16.65   22.28
  5  4 80  3 125  277.60  292.70  291.20  287.30    2.33    2.26    1.59    0.87  318.20  345.70    2.04  259.60    2.41    8.06   10.64   76.67
  5  4 80  4 125  277.50  292.40  291.10  287.60    2.86    2.28    2.55    1.00  323.50  350.80    2.99  321.30    3.28    5.39    4.90   28.30
  5  4 80  5 125  277.50  291.50  290.00  286.80    3.56    2.52    1.69    1.52  325.90  358.10  354.60  302.80    2.62    5.23   13.22    8.68
  5  4 80  6 125  277.60  291.50  290.10  286.40    4.24    2.30    1.85    1.22  320.00  347.40  344.90  304.20    3.95    5.08    6.62    6.44
  5  4 80  7 125  277.60  291.80  290.20  288.30    4.88    2.93    1.65    1.04  323.40  332.90  339.40  325.50    5.40    3.18    3.71   21.19
  5  4 80  8 125  277.70  291.90  291.30  291.60    4.56    2.34    1.99    1.70  330.50  337.00  337.10  336.00    1.38    3.20    2.92    8.01
  5  4 80  9 125  278.30  293.60  294.10  294.60    3.00    2.75    2.81    2.54  339.80  343.00  342.30  336.80    3.86    3.57    4.40    4.86
  5  4 80 10 125  278.00  295.40  296.00  296.60    2.83    2.84    2.86    2.50  335.10  336.20  337.00  332.80    5.51    8.14   12.00   13.34
  5  4 80 11 125  276.30  296.60  297.10  297.60    2.76    2.68    2.55    2.30  350.00  353.50  355.50  350.70   14.82   14.49   15.61   16.55
  5  4 80 12 125  275.50  297.50  298.10  298.70    2.49    2.44    2.46    2.20    6.86   11.14    8.52    3.95   19.22   29.89   29.69   31.14
  5  4 80 13 125  274.40  298.40  298.90  299.40    1.95    2.19    2.20    1.98   94.79   85.15   82.65   80.54   81.55   70.50   69.67   71.15
  5  4 80 14 125  274.00  298.10  298.70  299.10    1.65    1.72    1.65    1.42  331.30  320.00  324.10  333.30   54.94   44.18   41.82   36.67
  5  4 80 15 125  274.50  298.60  299.10  299.60    1.90    1.96    1.94    1.68  270.60  269.90  272.50  270.60   40.12   33.56   34.72   30.13
  5  4 80 16 125  274.40  299.00  299.50  299.90    1.91    2.20    2.30    2.13  299.30  296.40  293.70  283.40   36.02   27.62   25.38   25.13
  5  4 80 17 125  273.80  299.20  299.70  300.20    1.61    1.66    1.68    1.42  187.00  207.20  208.20  201.20   65.86   62.09   62.19   70.01
  5  4 80 18 125  274.00  299.10  299.60  299.80    2.00    1.94    1.82    1.41  140.80  138.50  138.10  136.70   17.15   30.96   44.27   57.14
  5  4 80 19 125  274.20  298.50  298.70  298.80    3.70    2.93    2.37    1.47  216.40  212.50  211.80  205.20   38.08   42.14   44.17   41.06
  5  4 80 20 125  274.40  297.90  297.90  297.00    6.80    5.98    5.05    3.50  258.60  260.30  260.80  250.90    9.75   11.15   10.75   11.06
  5  4 80 21 125  274.40  297.50  296.90  295.10    6.74    6.05    4.85    3.44  268.20  269.30  269.30  253.30    1.68    2.38    2.76    4.58
  5  4 80 22 125  274.90  297.30  296.60  293.40    6.81    6.27    5.43    3.83  269.30  267.70  266.40  247.40    1.49    1.89    3.14    2.72
  5  4 80 23 125  275.00  296.90  296.40  293.90    7.42    6.03    4.87    3.34  273.70  271.90  272.60  259.60    2.12    1.24    2.87    6.40
  5  4 80 24 125  275.30  296.40  295.00  292.30    8.22    6.70    5.33    3.65  270.30  268.40  266.70  249.50    2.08    1.99    5.64    7.55
  5  5 80  1 126  275.70  296.10  294.30  291.10   10.04    6.47    5.44    3.85  282.90  277.40  271.00  247.60    1.42    3.63    3.63    3.95
  5  5 80  2 126  275.90  294.90  292.60  289.30   10.10    6.64    5.47    3.47  282.60  274.00  266.50  240.70    3.33    2.43    4.62    6.64
  5  5 80  3 126  276.00  294.10  291.60  290.10   11.78    6.39    4.82    3.33  291.20  281.60  277.80  261.50    1.20    1.65    2.47    7.35
  5  5 80  4 126  276.50  293.00  290.60  287.40   10.05    4.99    3.73    2.00  289.50  280.90  269.30  234.70    0.93    1.81    4.17    8.87
  5  5 80  5 126  276.80  292.70  290.30  286.50    9.08    5.24    4.39    2.46  289.40  274.00  259.40  229.70    1.93    5.01    6.28    2.78
  5  5 80  6 126  277.00  292.40  290.10  286.40    9.68    6.23    5.23    2.97  287.00  271.80  259.30  233.60    2.06    5.74    8.45    6.59
  5  5 80  7 126  276.90  292.30  290.10  288.40    8.86    5.97    4.73    3.08  286.20  269.00  257.30  238.20    1.27    2.16    2.90    3.88
  5  5 80  8 126  277.70  293.20  292.80  292.90    4.82    3.83    3.58    2.88  282.40  269.00  263.30  252.20    2.13    3.60    5.86    7.68
  5  5 80  9 126  277.80  295.70  296.20  296.70    4.45    4.27    4.20    3.58  263.40  261.70  261.80  255.30    5.63    2.99    2.88    2.79
  5  5 80 10 126  276.20  297.80  298.50  299.20    6.28    5.94    5.75    4.73  253.50  255.50  257.60  251.10    6.67    6.24    5.70    5.76
  5  5 80 11 126  275.80  298.50  299.10  299.90    6.73    6.21    5.92    4.88  260.00  260.90  263.60  256.00    5.53    6.76    6.25    6.92
  5  5 80 12 126  275.50  299.00  299.70  300.40    8.19    7.38    7.04    5.82  269.80  270.30  273.00  267.20    6.18    7.43    8.03    9.77
  5  5 80 13 126  276.10  299.10  299.80  300.60    8.87    8.19    7.73    6.55  272.10  273.30  274.80  267.50    8.80   10.44   11.30   11.49
  5  5 80 14 126  276.50  299.60  300.20  301.00    8.44    7.61    7.17    5.99  272.50  273.70  275.40  268.90    6.40    6.90    6.61    8.99
  5  5 80 15 126  275.90  299.90  300.60  301.10    8.53    7.74    7.13    5.86  280.40  283.20  284.80  277.20   11.43   12.12   13.25   14.19
  5  5 80 16 126  275.50  300.30  300.90  301.30    8.54    7.90    7.21    5.87  292.70  295.50  297.80  291.20   14.72   14.46   13.99   12.42
  5  5 80 17 126  276.60  299.00  299.10  299.30    8.32    7.10    6.43    4.87  260.80  262.70  265.40  260.00   16.77   17.02   17.05   15.68
  5  5 80 18 126  277.20  298.50  298.30  298.30    8.60    7.12    6.17    4.47  262.00  260.00  262.10  256.10   16.12   16.07   14.53   12.38
  5  5 80 19 126  276.50  297.40  297.60  297.40    6.84    5.88    5.26    3.85  286.60  279.70  277.50  266.30   21.71   24.78   24.90   26.23
  5  5 80 20 126  277.60  295.60  295.30  295.00    7.08    5.57    4.36    2.78  244.50  232.30  231.00  225.00    4.20   13.68   16.03   14.81
  5  5 80 21 126  278.10  294.30  293.60  293.00    4.67    3.21    3.15    2.66  257.10  219.30  200.50  183.60   12.63   13.65   15.83   20.08
  5  5 80 22 126  278.10  294.10  293.90  292.70    4.84    3.27    3.00    2.22  279.20  258.40  244.40  217.80    6.02   18.64   22.23   24.68
  5  5 80 23 126  277.70  294.10  293.60  292.40    6.80    4.76    4.19    2.86  275.70  259.90  251.60  234.90    6.34    8.26    6.98    6.25
  5  5 80 24 126  277.20  294.50  292.80  290.60    9.75    6.71    5.39    3.39  270.30  257.30  249.30  231.90   25.09   19.85   12.18    5.15
  5  6 80  1 127  279.70  291.60  291.50  291.40    8.74    6.72    5.81    4.18  243.10  249.30  253.70  250.00    8.33    9.38    9.01    9.24
  5  6 80  2 127  279.50  291.60  291.20  290.80    8.23    6.19    5.19    3.84  263.10  262.90  264.30  255.20    8.46    5.90    4.62    4.06
  5  6 80  3 127  277.90  291.40  290.50  290.10    7.88    6.57    5.25    3.92  307.50  291.60  286.00  277.40   12.28    9.00    8.31   11.07
  5  6 80  4 127  276.90  289.20  289.20  288.50    6.53    6.26    5.52    4.04  339.00  331.30  323.60  313.80   10.13   14.41   17.26   17.61
  5  6 80  5 127  274.90  287.20  286.90  287.10    3.77    4.27    4.03    3.13  353.00  345.60  341.40  333.70    3.84    5.42    6.95    8.60
  5  6 80  6 127  274.20  287.20  286.50  285.80    5.05    5.40    4.33    2.86  340.00  328.50  322.40  311.40   10.50   10.75    9.60    6.91
  5  6 80  7 127  274.00  286.70  286.60  287.00    6.40    5.01    4.53    3.75  338.10  336.20  334.00  326.30    4.46    8.49   10.82   11.34
  5  6 80  8 127  274.10  288.00  288.50  289.10    5.09    4.70    4.52    3.89  333.80  337.70  337.90  333.50    5.54    4.57    5.27    5.70
  5  6 80  9 127  274.70  289.60  290.30  291.00    5.75    5.67    5.43    4.63  322.10  326.50  326.20  319.70    3.54    4.51    5.16    5.97
  5  6 80 10 127  275.60  291.00  291.70  292.60    6.40    6.19    5.91    4.93  320.40  323.50  323.40  316.10    4.94    4.76    4.71    6.62
  5  6 80 11 127  273.20  292.10  292.80  293.70    7.47    7.04    6.76    5.62  327.80  330.40  330.30  325.50    4.64    5.09    5.56    6.17
  5  6 80 12 127  270.90  293.20  293.90  294.90    7.46    7.13    6.83    5.68  324.50  327.60  328.00  321.80    7.56    8.39    8.31    8.36
  5  6 80 13 127  270.10  294.00  294.60  295.50    7.22    6.76    6.51    5.46  326.90  330.60  331.00  325.80    7.93   10.12   11.32   12.47
  5  6 80 14 127  270.00  295.10  295.80  296.70    8.20    7.67    7.07    5.81  309.20  312.50  313.10  307.10    8.63    9.25    9.38   10.27
  5  6 80 15 127  269.90  295.90  296.60  297.30    9.07    8.61    8.07    6.83  299.00  301.20  301.60  295.00    7.73    8.30    8.85    9.32
  5  6 80 16 127  270.10  296.50  297.20  297.80    8.43    7.68    7.19    6.19  287.50  291.60  294.30  288.40   10.84   10.94   10.41   10.69
  5  6 80 17 127  270.50  296.80  297.40  298.10    8.41    7.11    6.59    5.71  272.10  274.00  276.10  270.20    7.73    8.17    8.77    8.62
  5  6 80 18 127  270.90  296.60  297.10  297.40    9.57    8.48    7.84    5.94  258.70  259.60  261.00  254.90    5.45    5.10    4.56    5.76
  5  6 80 19 127  271.60  296.10  296.30  296.30    9.80    8.02    6.91    4.85  245.40  245.30  246.90  241.80    6.72    7.69    7.67    7.92
  5  6 80 20 127  272.40  295.50  295.20  294.70   10.38    7.70    5.57    3.26  234.90  232.80  233.80  225.90    1.65    1.56    2.03    3.60
  5  6 80 21 127  272.60  294.30  294.10  293.70    8.95    6.77    5.29    3.47  257.50  256.20  257.50  251.70   44.38   44.57   43.53   43.23
  5  6 80 22 127  269.40  292.00  292.10  292.00    4.34    4.91    4.78    3.71  351.70  353.70  353.40  347.50    2.46    3.31    3.87    4.83
  5  6 80 23 127  268.80  291.30  291.30  290.40    5.10    4.28    3.81    2.52  343.70  343.40  340.50  329.30    5.21    5.89    7.51   10.26
  5  6 80 24 127  268.20  290.00  290.20  290.10    5.94    5.57    5.47    4.34  347.20  347.00  345.70  337.90    3.99    4.23    4.38    5.53
  5  7 80  1 128  267.30  288.20  288.60  288.90    5.85    7.30    7.27    6.02  359.80    0.13  358.70  352.40    4.21    3.81    4.05    3.19
  5  7 80  2 128  266.70  286.10  286.50  286.90   10.56   11.25   10.64    8.91   10.21   10.79   10.03    2.76    7.44    8.27    8.36    7.60
  5  7 80  3 128  269.10  284.20  284.60  285.00    9.36    8.74    8.09    6.83   20.68   22.50   22.68   15.50    4.55    4.75    5.50    5.49
  5  7 80  4 128  269.90  283.30  283.70  284.00    7.72    6.97    6.41    5.20   35.78   36.15   35.83   27.80    7.51    7.48    7.80    7.88
  5  7 80  5 128  270.00  282.80  283.30  283.60    6.06    5.09    4.62    3.84   50.07   50.22   49.75   41.73    5.35    5.14    5.40    6.75
  5  7 80  6 128  269.80  282.50  283.00  283.40    5.69    5.01    4.62    3.88   47.59   46.46   46.52   37.47    7.68    9.46    9.45   11.38
  5  7 80  7 128  270.00  282.50  283.00  283.40    4.12    3.98    3.73    3.22   26.93   24.06   23.27   13.91    4.29    4.63    3.57    5.16
  5  7 80  8 128  269.90  282.60  283.30  283.80    4.07    3.97    3.89    3.52   27.09   29.11   29.13   19.77    5.80    6.60    7.34    8.06
  5  7 80  9 128  269.70  282.70  283.30  283.80    3.48    3.79    3.77    3.32    5.74    6.94    6.04  357.70    5.40    5.61    6.86    5.06
  5  7 80 10 128  268.80  283.80  284.40  285.00    4.01    4.18    4.16    3.78    1.32    3.73    2.49  356.00    6.71    7.86    8.55    7.70
  5  7 80 11 128  268.60  284.80  285.40  286.10    4.53    5.07    5.15    4.52  350.10  352.80  353.00  346.60    9.36    8.44    9.70    8.90
  5  7 80 12 128  269.20  286.10  286.60  287.50    5.06    4.96    4.81    4.19  333.40  335.60  335.10  331.20   13.22   14.51   14.74   15.94
  5  7 80 13 128  269.30  286.80  287.40  288.50    5.80    5.36    5.20    4.49  330.80  334.40  334.80  330.20    7.67    7.17    7.71    8.84
  5  7 80 14 128  269.50  287.80  288.40  289.50    7.14    6.36    5.89    5.16  322.50  327.10  327.00  322.90   10.02   12.15   11.68   11.39
  5  7 80 15 128  269.30  288.30  288.80  289.80    6.47    6.35    6.15    5.37  328.70  332.30  333.00  328.70   13.43   14.23   14.59   15.71
  5  7 80 16 128  269.30  288.50  289.10  290.10    6.81    6.37    6.15    5.36  331.70  334.80  333.80  328.90    9.13    9.91    9.84   10.44
  5  7 80 17 128  269.10  288.60  289.10  289.90    6.63    6.38    6.04    5.06  330.30  332.50  332.00  327.30    8.75    8.98    9.34    8.58
  5  7 80 18 128  268.90  288.20  288.70  289.40    6.75    6.25    6.19    5.27  336.40  338.50  338.10  333.10    6.36    6.91    7.13    6.25
  5  7 80 19 128  268.20  287.50  288.00  288.30    5.14    5.21    5.53    4.67  345.40  347.30  346.70  341.50    4.36    3.66    4.06    4.49
  5  7 80 20 128  267.50  286.60  286.80  286.90    4.44    4.34    4.47    3.47  347.10  348.70  347.20  341.20    1.98    1.70    1.84    1.87
  5  7 80 21 128  267.40  285.30  285.40  285.60    5.38    5.60    5.32    4.21  355.90  355.90  353.50  345.20    5.99    4.67    4.49    8.08
  5  7 80 22 128  268.10  283.90  284.20  284.50    8.28    7.83    7.11    5.73   10.42    9.02    8.05    0.31    2.93    3.35    4.25    4.41
  5  7 80 23 128  267.80  282.70  283.00  283.20    8.17    6.93    6.24    5.07   24.60   22.77   22.23   14.76    4.69    2.46    2.48    2.83
  5  7 80 24 128  267.90  282.10  282.10  282.00    7.05    5.58    4.85    3.34   33.65   25.87   21.70   11.11    2.09    1.52    1.74    3.58
  5  8 80  1 129  268.00  281.60  281.70  281.90    5.06    4.01    3.39    2.62   32.62   20.22   14.17    2.58    2.62    2.40    2.23    2.97
  5  8 80  2 129  268.40  281.10  281.30  281.50    3.65    2.63    2.50    2.16   23.91    5.12  352.90  337.30    7.23   10.85   11.81   12.59
  5  8 80  3 129  268.10  280.90  280.80  280.80    3.73    4.52    4.12    3.03  350.50  338.20  332.50  323.40    9.78    5.20    3.76    4.64
  5  8 80  4 129  269.00  280.40  280.20  279.60    6.82    5.93    4.65    3.07  330.50  325.60  321.70  312.20    2.96    5.25    4.33    3.79
  5  8 80  5 129  268.80  279.20  279.20  278.80    8.63    6.73    5.25    3.50  332.20  332.70  330.00  321.40    1.40    1.72    2.19    3.41
  5  8 80  6 129  269.00  278.40  278.60  278.90    8.95    7.00    5.95    4.47  335.10  333.90  331.50  324.80    0.96    0.81    1.05    1.75
  5  8 80  7 129  269.40  278.70  279.20  279.90    6.04    5.90    5.86    4.98  340.90  340.70  338.90  333.30    2.45    2.26    2.12    2.07
  5  8 80  8 129  269.40  279.60  280.20  280.90    4.95    6.12    6.51    5.70  355.30  356.80  355.40  348.90    5.31    5.59    5.33    4.47
  5  8 80  9 129  268.70  280.50  281.10  281.80    5.37    6.12    6.13    5.22  356.00  356.70  355.00  347.70    9.40    9.77   10.77   11.02
  5  8 80 10 129  268.20  281.30  281.80  282.60    4.50    4.80    4.95    4.36  349.70  351.90  350.80  345.10    5.17    6.22    6.96    7.98
  5  8 80 11 129  267.50  282.10  282.80  283.60    5.81    5.72    5.65    5.01  340.30  342.40  342.00  335.60   16.21   18.09   19.50   19.51
  5  8 80 12 129  267.10  283.00  283.60  284.50    5.27    5.26    5.43    4.76  346.10  348.20  348.20  342.60    8.34    7.23    7.22    7.70
  5  8 80 13 129  267.30  284.10  284.70  285.70    5.47    5.37    5.24    4.52  346.80  348.40  347.10  341.50   21.23   21.84   22.14   22.32
  5  8 80 14 129  267.80  284.80  285.40  286.40    5.69    5.26    5.21    4.55  333.40  336.60  335.60  329.50    8.48    6.79    6.36    5.47
  5  8 80 15 129  268.20  285.40  286.10  286.90    5.56    5.36    4.99    4.30  317.00  321.10  320.90  317.70   10.11   12.02   11.05   13.08
  5  8 80 16 129 -999.99 -999.99 -999.99 -999.99 -999.99 -999.99 -999.99 -999.99 -999.99 -999.99 -999.99 -999.99    2.60    5.50    5.15    5.27
  5  8 80 17 129  268.20  286.00  286.60  287.30    5.38    4.96    4.81    4.11  325.80  331.40  331.70  327.00    8.36   10.59   10.76   13.46
  5  8 80 18 129  268.00  286.00  286.60  287.10    4.71    4.62    4.35    3.75  335.60  339.20  338.40  332.10   11.65   11.56   10.58    9.45
  5  8 80 19 129  267.90  285.80  286.20  286.60    4.22    3.85    3.87    3.28  339.60  343.20  343.10  339.00    5.66    5.73    6.45    6.97
  5  8 80 20 129  267.80  285.50  285.70  285.40    4.76    3.68    2.93    2.13  333.30  337.60  337.70  328.70    5.05    4.58    4.41    4.84
  5  8 80 21 129  267.90  285.30  285.40  284.60    5.16    4.02    2.97    1.80  319.70  320.40  315.80  301.60    3.38    3.94    6.93   10.87
  5  8 80 22 129  267.80  285.10  284.70  284.30    6.19    4.51    3.51    2.39  307.80  299.50  291.50  280.40    3.19    6.01    4.22    4.78
  5  8 80 23 129  267.90  284.80  284.00  283.30    7.11    5.79    4.28    3.01  307.80  294.60  288.00  280.10    3.69    4.85    2.47    4.43
  5  8 80 24 129  267.50  284.70  283.20  282.00    6.84    5.55    4.07    2.75  310.60  292.10  285.20  267.20    3.78    5.47    4.53    9.99
  5  9 80  1 130  267.50  284.40  283.00  281.90    7.08    6.15    4.53    3.18  298.50  286.40  285.40  272.10    1.25    1.68    2.88    6.85
  5  9 80  2 130  267.60  284.30  282.80  280.90    6.85    5.42    3.91    2.61  300.70  289.10  284.40  261.30    1.52    1.80    2.83    4.62
  5  9 80  3 130  267.70  283.70  281.80  280.40    7.69    5.65    4.12    2.69  309.40  292.40  288.90  277.80    3.58    2.99    5.91   15.13
  5  9 80  4 130  268.30  282.70  281.30  279.80    6.86    5.74    4.58    3.16  318.90  303.00  290.20  286.20    3.66    6.23    2.52    3.42
  5  9 80  5 130  268.40  281.70  280.20  278.70    4.44    4.48    2.98    1.69  340.00  325.80  313.80  301.80    5.30    6.10    4.46    5.41
  5  9 80  6 130  268.50  280.90  280.00  279.00    1.98    3.51    2.17    1.22    0.35  321.40  305.60  290.20    8.27    9.08   12.86   10.47
  5  9 80  7 130  269.00  281.20  280.40  280.70    1.86    1.34    1.24    1.16   50.34  338.70  324.90  310.00   20.29   20.49   21.91   25.69
  5  9 80  8 130  270.30  282.90  283.40  283.90    1.73    1.50    1.28    1.13  126.20  130.80  145.40  142.80   27.14   59.79   77.53   77.52
  5  9 80  9 130  269.80  284.70  285.30  285.90    1.52    1.44    1.36    1.31  145.60  149.20  149.40  152.40   14.11   18.40   26.20   58.80
  5  9 80 10 130 -999.99 -999.99 -999.99 -999.99 -999.99 -999.99 -999.99 -999.99 -999.99 -999.99 -999.99 -999.99 -999.99 -999.99 -999.99 -999.99
  5  9 80 11 130 -999.99 -999.99 -999.99 -999.99 -999.99 -999.99 -999.99 -999.99 -999.99 -999.99 -999.99 -999.99 -999.99 -999.99 -999.99 -999.99
  5  9 80 12 130 -999.99 -999.99 -999.99 -999.99 -999.99 -999.99 -999.99 -999.99 -999.99 -999.99 -999.99 -999.99 -999.99 -999.99 -999.99 -999.99
  5  9 80 13 130 -999.99 -999.99 -999.99 -999.99 -999.99 -999.99 -999.99 -999.99 -999.99 -999.99 -999.99 -999.99 -999.99 -999.99 -999.99 -999.99
  5  9 80 14 130 -999.99 -999.99 -999.99 -999.99 -999.99 -999.99 -999.99 -999.99 -999.99 -999.99 -999.99 -999.99    7.57   10.25   12.03   19.73
  5  9 80 15 130  270.10  290.00  290.50  291.40    5.02    4.57    4.40    3.61  236.70  238.20  239.70  231.80   11.92   14.73   17.21   17.76
  5  9 80 16 130  270.50  290.40  291.00  291.80    5.40    5.03    4.82    4.11  231.50  234.80  238.70  232.70   16.51   17.06   16.96   16.68
  5  9 80 17 130  270.50  290.60  291.10  291.80    5.45    5.17    4.86    4.06  208.80  209.50  210.40  204.50   10.38   13.13   13.96   13.86
  5  9 80 18 130  270.40  290.40  291.00  291.50    5.85    5.66    5.41    4.49  201.40  203.90  205.00  200.40    8.36    8.35    8.16    7.51
  5  9 80 19 130  270.80  290.10  290.50  290.80    6.98    6.64    6.29    5.21  188.20  190.10  191.60  187.10    4.17    4.52    5.03    5.14
  5  9 80 20 130  270.90  289.60  289.70  288.40    7.84    7.20    6.12    4.08  179.70  178.40  177.10  170.00    4.07    3.86    4.80    6.75
  5  9 80 21 130  271.00  289.30  288.80  286.50    8.52    7.27    6.08    3.21  166.20  159.80  154.60  145.50    3.36    4.21    4.74    3.93
  5  9 80 22 130  271.30  289.00  287.60  284.80   10.57    7.95    6.43    3.46  165.40  159.70  155.50  146.40    2.29    2.24    2.15    1.89
  5  9 80 23 130  271.90  288.30  286.80  284.30   11.99    8.48    6.70    4.06  166.70  161.80  157.50  148.30    2.15    1.87    3.35    1.46
  5  9 80 24 130  272.00  287.20  286.00  284.20   11.81    8.44    6.69    4.19  170.20  163.20  159.80  151.50    1.53    1.32    1.79    2.61
  5 10 80  1 131  272.20  286.40  285.40  284.60   12.11    8.55    6.94    5.05  171.60  164.30  163.50  157.80    0.58    1.03    0.91    1.83
  5 10 80  2 131  272.50  285.70  285.00  284.90   12.16    9.15    7.89    6.38  172.70  167.10  166.70  161.90    0.76    1.72    2.06    2.17
  5 10 80  3 131  272.80  285.10  284.90  285.00   10.60    8.23    7.14    5.85  175.20  171.00  171.00  165.90    1.57    2.37    2.19    2.04
  5 10 80  4 131  272.90  284.80  284.80  284.80   10.23    7.99    6.99    5.73  174.00  170.50  170.70  165.80    1.82    2.04    1.81    2.47
  5 10 80  5 131  273.30  284.70  284.70  284.90   10.18    8.21    7.27    6.05  172.10  168.00  167.90  163.00    1.50    1.23    1.40    1.67
  5 10 80  6 131  273.70  284.80  284.70  284.90   11.63    9.60    8.60    7.32  171.10  167.50  168.10  163.50    2.62    2.47    2.44    2.61
  5 10 80  7 131  273.80  285.20  285.50  285.90   10.31    9.02    8.47    7.43  167.60  165.70  165.70  160.60    1.41    1.81    2.14    1.61
  5 10 80  8 131  274.10  286.50  286.90  287.40   11.56   10.80   10.51    9.35  174.30  173.80  175.10  170.40    5.03    5.02    5.61    5.20
  5 10 80  9 131  274.30  287.70  288.20  288.90   12.74   12.26   11.94   10.58  177.90  178.10  180.00  175.00    2.73    2.95    3.07    3.50
  5 10 80 10 131  275.40  287.40  287.90  288.30   12.77   12.27   11.82   10.39  179.10  180.10  181.90  176.60    2.83    2.82    3.05    3.12
  5 10 80 11 131  277.60  286.50  287.00  287.80   14.27   13.79   13.38   11.94  171.60  172.80  174.60  168.70    2.19    3.24    3.25    3.91
  5 10 80 12 131  277.80  288.10  288.70  290.00   14.34   14.16   13.88   12.57  172.30  174.80  175.70  169.20    2.70    3.04    3.62    3.37
  5 10 80 13 131  278.40  288.80  289.30  290.20   13.77   13.52   13.13   11.81  175.30  177.00  177.90  172.50    2.51    2.61    2.90    3.38
  5 10 80 14 131  279.20  289.90  290.50  291.20   14.70   14.26   13.75   12.24  179.00  181.10  182.90  177.80    3.55    3.53    3.07    3.64
  5 10 80 15 131  279.30  290.90  291.30  291.90   12.65   12.13   11.82   10.56  170.00  170.50  172.60  167.70    1.81    2.68    2.87    2.59
  5 10 80 16 131  280.60  294.60  295.20  296.10   14.08   13.74   13.34   11.99  175.30  176.30  177.90  172.60    5.29    6.23    6.03    5.52
  5 10 80 17 131  281.10  297.00  297.60  298.40   15.30   14.90   14.42   12.39  187.40  188.90  190.70  184.60    3.85    4.21    3.89    4.74
  5 10 80 18 131  281.40  297.70  298.20  298.60   15.34   14.68   13.87   10.42  201.00  202.80  204.40  200.60    3.45    4.18    3.80    4.52
  5 10 80 19 131  281.80  297.40  297.70  297.70   12.19   10.80    9.86    7.94  190.40  189.60  190.80  186.10    4.74    5.90    6.21    6.33
  5 10 80 20 131  282.20  296.70  296.60  296.20   12.70   10.37    9.05    7.09  185.80  182.20  183.40  177.60    3.56    4.10    4.26    4.78
  5 10 80 21 131  283.00  295.40  295.40  295.10   15.96   13.65   11.90    8.92  203.80  203.20  204.10  198.10   16.21   17.21   16.60   16.66
  5 10 80 22 131  285.00  292.90  292.10  291.00   11.88   10.53    9.01    6.39  196.70  192.90  193.30  188.90    7.66    9.43    9.94   10.35
  5 10 80 23 131  285.30  292.50  291.50  290.70   11.60    9.27    7.73    5.67  192.30  185.60  186.20  182.00    3.22    4.05    4.65    4.67
  5 10 80 24 131  285.40  292.40  291.50  291.00   11.34    9.02    7.86    5.89  222.50  211.50  208.40  196.90   35.75   38.43   39.22   41.70
  5 11 80  1 132  286.10  290.60  290.80  289.20    5.30    4.07    3.33    2.59  278.60  276.80  280.40  239.40   27.48   46.55   66.95  103.82
  5 11 80  2 132  285.30  293.10  292.10  289.30    3.77    2.88    3.22    2.14  221.50  193.30  176.40  159.70   16.66   13.14    9.65    8.38
  5 11 80  3 132  285.60  292.90  291.80  289.40    6.05    4.29    3.06    1.60  213.20  187.70  175.60  169.70   12.94   13.91   11.38   45.67
  5 11 80  4 132  286.00  291.30  291.20  289.80    8.53    6.34    4.85    3.15  269.60  264.80  262.50  254.60   24.02   26.53   30.48   33.12
  5 11 80  5 132  284.50  287.90  288.30  288.30    8.96    8.25    7.02    5.16  312.60  313.30  313.50  308.70    3.16    4.49    4.76    4.03
  5 11 80  6 132  282.10  286.30  286.60  286.70    8.89    7.93    7.06    5.43  329.40  330.20  329.70  323.70    6.20    5.12    4.71    3.92
  5 11 80  7 132  280.90  285.30  285.90  286.40    5.00    4.78    4.85    4.43  342.10  343.80  343.10  337.10    1.62    2.77    2.96    3.87
  5 11 80  8 132  280.50  285.40  286.00  286.60    3.85    4.35    4.42    3.96  346.00  347.30  347.00  340.90    6.89    7.61    8.30    9.38
  5 11 80  9 132  280.40  285.80  286.40  286.80    3.60    4.73    4.81    4.37  356.80  357.90  358.10  351.20    3.59    5.00    5.06    4.70
  5 11 80 10 132  281.00  286.90  287.50  288.10    4.02    4.03    3.94    3.55   15.25   12.67   11.07    1.45    9.44    8.37    7.16    6.16
  5 11 80 11 132  281.30  288.30  289.00  289.50    2.59    2.46    2.39    2.23   51.16   55.55   57.46   53.36   17.81   19.83   20.22   23.32
  5 11 80 12 132  282.30  289.60  290.20  290.70    1.71    1.55    1.48    1.46   58.55   63.00   72.19   71.71   11.16   14.51   24.79   23.65
  5 11 80 13 132  282.50  290.60  291.20  291.80    2.45    2.32    2.11    1.98   43.98   44.20   42.78   35.30   20.31   20.26   24.25   25.92
  5 11 80 14 132  282.50  291.50  292.10  292.60    1.63    1.55    1.41    1.35   48.89   46.03   49.44   51.20   20.29   25.45   26.35   26.90
  5 11 80 15 132  282.40  291.90  292.40  292.90    1.53    1.55    1.50    1.40   55.45   52.54   52.78   43.90    8.04   14.45   15.33   12.62
  5 11 80 16 132  282.60  292.00  292.60  293.10    1.00    0.90    0.80    0.84   82.08   68.13   88.72   46.61   58.00   73.79   86.50   82.59
  5 11 80 17 132  283.00  292.10  292.70  293.20    1.51    1.45    1.35    1.27  114.50  122.70  127.00  123.20   26.20   29.51   30.25   30.33
  5 11 80 18 132  283.10  292.30  292.80  293.30    0.79    0.75    0.73    0.70  354.40  317.70  315.70  340.90   89.80   94.21   94.54   89.73
  5 11 80 19 132  283.00  292.40  292.80  293.00    1.26    1.16    1.05    0.95   72.87   80.91   83.11   77.72   72.38   76.33   78.56   78.18
  5 11 80 20 132  282.80  292.50  292.90  292.40    1.84    1.77    1.66    1.18   37.47   39.53   34.76   10.15   24.84   23.93   28.92   35.76
  5 11 80 21 132  282.60  292.40  292.50  291.90    3.35    3.40    3.16    2.10   18.85   19.74   19.53   13.28    6.41    7.03    7.59   12.07
  5 11 80 22 132  281.40  292.10  291.70  291.20    4.89    4.02    3.35    2.39   19.79   26.60   33.66   24.53    7.62   14.26   28.83   51.37
  5 11 80 23 132  280.60  291.60  291.30  290.40    2.46    2.15    1.80    1.30   47.45   80.29   98.40  116.30   40.29   45.12   45.55   70.30
  5 11 80 24 132  279.40  291.70  291.50  290.50    4.31    3.09    2.24    1.65   16.32    1.99  349.80  330.10    8.46   12.41   14.40   15.93
  5 12 80  1 133  278.30  290.90  290.80  290.60    5.39    4.07    3.36    2.41   31.93   19.58   13.98    1.87    4.56    3.48    5.70    6.63
  5 12 80  2 133  276.80  290.60  290.20  289.90    6.18    4.99    4.27    2.92   32.12   19.96   16.85    6.75    6.87    4.82    4.74    4.72
  5 12 80  3 133  276.60  289.50  289.50  289.40    7.07    5.40    4.63    3.37   25.51   20.79   19.60   11.29    4.31    5.39    6.36    7.13
  5 12 80  4 133  277.40  289.10  289.20  289.10    6.04    4.43    3.78    2.75   45.78   42.75   41.30   30.94    6.13    6.64    5.77    6.88
  5 12 80  5 133 -999.99 -999.99 -999.99 -999.99 -999.99 -999.99 -999.99 -999.99 -999.99 -999.99 -999.99 -999.99   50.79   52.59   54.21   53.72
  5 12 80  6 133  281.30  285.90  285.80  285.90    5.07    3.46    2.94    2.31   43.48   36.62   34.25   24.25   14.76   14.63   15.62   17.66
  5 12 80  7 133  280.90  285.50  285.50  285.90    6.86    5.57    5.01    4.06   38.16   28.06   24.81   16.17    8.41   11.86   13.58   14.62
  5 12 80  8 133  281.00  285.10  285.40  285.80    6.29    4.78    4.38    3.87   74.31   73.77   74.11   66.56    9.15   10.54   11.65   13.35
  5 12 80  9 133  282.30  286.00  286.20  286.70    4.83    3.71    3.45    3.28   79.87   76.25   75.49   66.90    7.22    9.38    9.53    9.03
  5 12 80 10 133  284.40  287.90  288.20  288.90    4.36    4.27    4.04    3.39  117.20  116.60  116.90  110.60   15.29   18.76   19.42   22.74
  5 12 80 11 133  285.60  289.10  289.50  290.10    4.33    4.23    4.10    3.76   87.18   85.99   86.42   81.55   13.47   15.29   16.29   15.93
  5 12 80 12 133  286.40  289.80  290.30  290.80    5.70    5.48    5.28    4.51  140.60  140.00  140.70  136.90   22.84   23.90   24.39   24.06
  5 12 80 13 133  285.70  291.00  291.30  291.90    7.67    7.23    6.97    6.01  192.60  190.80  191.00  186.70   11.46   11.58   12.15   12.72
  5 12 80 14 133  287.00  291.30  291.60  292.30    5.49    5.24    5.05    4.10  212.30  210.50  211.10  207.00    5.49    5.66    6.88    6.97
  5 12 80 15 133  287.40  291.50  291.90  292.50    4.99    4.69    4.57    3.68  206.70  206.40  206.60  202.10    6.51    6.10    6.30    5.86
  5 12 80 16 133  287.40  291.90  292.30  292.90    4.85    4.72    4.67    4.10  188.40  189.20  190.90  186.90   12.71   12.79   12.00   12.49
  5 12 80 17 133  287.60  291.70  292.10  292.60    6.31    5.97    5.76    5.07  165.90  167.00  168.00  164.30    8.15    8.47    9.17    9.30
  5 12 80 18 133  288.20  291.90  292.20  292.60    6.75    5.98    5.55    4.40  159.40  156.40  155.70  153.30    7.45    7.01    6.77    5.34
  5 12 80 19 133  288.70  291.90  292.20  292.50    9.56    8.48    7.76    6.58  171.70  171.10  171.60  167.00    4.68    4.76    4.85    4.36
  5 12 80 20 133  288.40  291.40  291.70  292.00    9.96    8.89    8.28    7.19  176.30  177.60  178.50  174.40    3.96    4.91    4.90    4.88
  5 12 80 21 133  288.30  291.20  291.60  291.80   11.87   10.41    9.68    7.93  189.00  188.50  189.60  185.10   10.43   10.53   11.46   11.77
  5 12 80 22 133  288.50  291.60  291.80  291.90   11.43    9.59    8.62    6.38  199.50  200.40  201.90  198.30    1.82    2.59    2.92    3.61
  5 12 80 23 133  288.50  291.20  291.30  291.50    8.03    6.14    5.01    3.37  214.90  220.10  225.10  222.40   11.10   14.77   16.80   18.85
  5 12 80 24 133  286.60  291.10  291.10  291.20    5.79    4.40    3.68    2.80  277.30  278.50  280.20  272.30   21.72   21.95   21.45   22.71
  5 13 80  1 134  285.10  290.80  290.90  290.40    4.10    3.05    2.60    1.64  265.30  260.20  254.50  236.60    2.80    4.15    5.39    8.85
  5 13 80  2 134  285.80  290.70  290.50  289.40    4.79    2.98    2.36    1.30  238.90  227.70  218.30  200.30    5.83   10.01   12.94   11.53
  5 13 80  3 134  286.90  290.40  290.00  288.70    7.48    5.64    4.55    2.59  226.90  213.00  205.30  192.20    4.29    5.07    6.01   13.45
  5 13 80  4 134  286.70  290.00  289.20  288.30    8.23    6.63    5.25    2.99  216.60  203.90  201.80  197.90    6.61    5.51    3.67    4.12
  5 13 80  5 134  286.50  289.60  288.70  288.10    9.61    6.68    5.19    3.17  212.80  204.40  205.00  200.90    1.68    2.00    3.06    4.61
  5 13 80  6 134  286.20  289.10  288.60  288.10    9.67    6.78    5.49    3.89  203.60  194.80  192.80  184.80    3.94    3.46    3.49    3.79
  5 13 80  7 134  286.30  289.10  289.40  289.80    8.48    6.87    5.88    4.41  210.50  210.20  212.10  205.80    6.21    7.16    8.27    6.49
  5 13 80  8 134  286.80  290.80  291.30  292.00    8.84    7.95    6.64    5.03  220.70  221.70  223.80  218.60    3.35    2.33    3.22    2.52
  5 13 80  9 134  287.10  291.70  292.20  293.20    9.61    9.22    8.08    6.26  223.20  223.80  225.10  221.90    4.06    4.74    5.44    7.10
  5 13 80 10 134  286.60  292.20  292.70  293.70   10.52    9.88    8.66    6.79  230.30  231.80  234.20  230.20    7.18    8.16    8.22    9.47
  5 13 80 11 134  284.70  292.80  293.30  294.30   10.94   10.40    9.84    8.05  246.70  246.90  249.50  244.70    4.03    5.04    4.59    5.30
  5 13 80 12 134  282.60  292.80  293.40  294.40   11.09   10.53   10.10    8.10  252.90  252.90  255.10  249.60    8.59    8.27    7.31    8.09
  5 13 80 13 134  280.00  292.40  293.00  294.00   11.75    9.86    9.13    7.76  267.80  269.00  270.30  264.50    3.52    5.51    4.62    3.79
  5 13 80 14 134  280.50  290.90  291.60  292.60   12.75   10.19    9.42    7.88  278.90  280.90  282.60  277.70    8.27    7.62    7.21    6.59
  5 13 80 15 134  279.50  288.80  289.40  290.30   13.51   10.96    9.93    8.21  285.50  287.70  287.60  282.40    2.93    3.97    4.00    3.81
  5 13 80 16 134  279.00  287.40  288.00  288.90   13.76   12.17   11.11    9.03  292.10  294.40  295.00  288.90    5.62    5.83    5.34    5.30
  5 13 80 17 134  278.20  286.60  287.20  288.00   13.95   12.62   11.18    9.17  297.20  299.50  299.80  293.30    3.24    3.99    4.24    4.62
  5 13 80 18 134  277.90  285.80  286.30  286.90   11.58   10.72    9.50    7.57  303.00  305.30  306.00  300.10    3.35    3.79    3.64    5.61
  5 13 80 19 134  277.90  285.50  286.00  286.50   11.59   10.50    9.10    7.07  306.00  309.00  308.80  303.90    4.79    5.14    4.88    5.26
  5 13 80 20 134  278.30  285.00  285.40  285.80   10.61    9.74    8.56    6.59  314.10  316.60  316.10  311.10    4.63    5.06    5.49    4.98
  5 13 80 21 134  277.40  284.20  284.50  284.70    9.36    8.13    6.86    4.98  316.70  317.80  316.80  311.90    2.49    2.55    2.65    2.37
  5 13 80 22 134  276.40  283.60  283.80  283.90    7.81    6.38    5.39    4.00  328.30  329.30  328.50  321.30    3.25    3.33    3.70    4.05
  5 13 80 23 134  276.30  283.10  283.30  283.20    7.43    5.83    4.69    3.27  332.90  333.40  331.60  324.80    1.86    2.45    2.50    3.09
  5 13 80 24 134  275.70  282.90  283.10  282.60    6.90    5.75    4.49    3.02  332.70  330.10  325.90  315.40    1.26    1.14    1.09    1.44
  5 14 80  1 135  275.50  282.50  282.60  281.80    6.23    4.82    3.80    2.38  334.60  328.70  319.30  306.90    1.45    3.15    5.83    5.92
  5 14 80  2 135  275.70  282.20  282.30  281.40    5.45    4.82    3.86    2.68  331.60  322.90  309.20  295.60    1.03    1.25    3.42    3.30
  5 14 80  3 135  276.00  282.00  281.60  280.50    6.18    5.40    3.99    2.64  325.80  315.10  304.60  294.70    2.68    4.36    5.73    8.36
  5 14 80  4 135  275.50  281.70  280.90  279.60    6.68    4.79    3.26    1.97  332.50  324.80  319.60  303.80    2.56    2.97    5.19    3.62
  5 14 80  5 135  275.50  281.00  280.80  279.90    4.38    3.52    2.84    1.94  339.50  331.50  321.00  308.60    4.40    8.41    6.13    4.34
  5 14 80  6 135  275.40  280.50  280.30  280.00    2.57    2.26    2.19    1.60  349.70  343.20  331.80  309.20    3.55    2.90    2.55    2.08
  5 14 80  7 135  276.10  280.40  280.70  281.20    2.62    1.83    1.77    1.65   11.16  358.80  354.70  345.80    8.15    9.69    9.83   12.85
  5 14 80  8 135  276.70  281.50  282.00  282.60    3.09    2.88    2.68    2.95   46.68   46.07   46.55   38.85   13.02   14.25   15.68   16.39
  5 14 80  9 135  276.60  282.60  283.00  283.80    2.33    2.28    2.18    1.99   55.26   52.11   56.38   49.47   11.60   13.80   14.77   15.84
  5 14 80 10 135  276.70  283.70  284.20  284.80    1.84    1.83    1.77    1.69   70.38   69.60   68.42   68.05   19.27   24.88   32.15   57.93
  5 14 80 11 135  276.60  285.00  285.50  286.10    1.69    1.81    1.78    1.70   86.56   81.38   75.69   70.00   35.87   35.40   49.63   54.87
  5 14 80 12 135  276.50  286.20  286.70  287.40    1.72    1.51    1.58    1.53   67.86   92.32  106.00   91.76   63.82   70.53   66.24   82.96
  5 14 80 13 135  275.90  287.30  287.80  288.60    2.08    2.06    2.14    2.13   70.97   72.66   73.53   72.62   35.57   42.92   45.05   51.11
  5 14 80 14 135  274.50  288.40  288.90  289.70    3.45    3.47    3.39    3.10    6.79    7.00    6.30  359.00   39.74   40.42   44.85   46.79
  5 14 80 15 135  275.10  288.80  289.20  290.10    3.40    3.27    3.19    3.05   12.40   11.91   11.23    5.41   13.66   17.05   18.26   19.26
  5 14 80 16 135  275.40  289.10  289.50  290.10    3.26    3.30    3.12    2.81    7.93    9.72    9.12    2.34   11.16   13.02   13.88   17.64
  5 14 80 17 135  275.80  289.20  289.70  290.20    2.89    2.84    2.73    2.50   18.36   19.58   19.17   11.19   11.05   10.94   10.83    9.87
  5 14 80 18 135  276.10  289.30  289.80  290.30    2.27    2.27    2.12    1.95   28.50   31.61   34.18   29.92   18.31   17.91   19.98   20.42
  5 14 80 19 135  275.90  289.20  289.60  290.00    1.22    1.41    1.40    1.32    1.92    6.21    6.44    2.22    6.86   10.16   15.05   18.18
  5 14 80 20 135  276.00  288.90  289.20  289.30    1.57    1.99    1.85    1.50    0.93    0.39    0.01  355.70    9.23    9.13    9.86   10.46
  5 14 80 21 135  276.20  288.60  288.80  288.50    1.86    1.80    1.34    1.10   16.58    9.46    1.51  331.60    8.13    6.86    8.64   17.86
  5 14 80 22 135  275.90  288.60  288.70  287.30    1.47    1.45    1.28    0.93   77.81   59.10   70.14   90.28   19.33   23.71   28.28   73.86
  5 14 80 23 135  275.80  288.50  288.60  286.10    2.66    2.53    2.56    1.72   89.29   79.74   79.32   88.56    5.69    6.60    5.99    4.76
  5 14 80 24 135  275.40  288.30  288.20  285.30    3.27    3.01    2.81    1.29  111.20   99.08   96.25   87.60   12.14   15.17   14.54   23.48
  5 15 80  1 136  275.10  288.00  288.00  285.30    3.49    3.10    2.84    1.10  125.00  128.70  119.40  105.80    6.82    7.64   10.11   18.14
  5 15 80  2 136  275.00  287.50  287.10  283.50    5.25    4.45    3.70    1.74  144.10  143.40  147.90  146.40    4.08    2.17    4.50    5.94
  5 15 80  3 136  275.20  287.10  286.00  282.70    5.95    4.75    3.87    1.87  164.70  158.60  159.30  152.60    6.26    4.51    2.34    6.38
  5 15 80  4 136  275.30  286.90  285.90  282.50    5.62    5.01    3.07    0.97  186.30  182.10  176.20  164.10    6.88    8.61    8.63   18.41
  5 15 80  5 136  276.00  286.70  285.70  282.00    5.40    4.77    2.98    1.30  190.60  186.40  181.10  173.90    3.65    2.85    4.78    6.77
  5 15 80  6 136  276.00  286.70  286.00  282.10    4.95    4.81    3.24    1.02  184.50  185.80  182.50  167.60    1.59    1.71    3.11   11.52
  5 15 80  7 136  276.00  286.50  285.30  284.70    3.66    2.77    1.76    1.18  176.40  171.30  159.30  134.50    2.66    6.40    9.86   17.12
  5 15 80  8 136  277.70  286.40  286.80  287.40    3.65    3.48    3.44    3.07  159.90  158.30  158.30  152.60    4.94    2.88    3.36    3.29
  5 15 80  9 136  277.00  288.20  288.70  289.40    4.09    3.95    3.84    3.43  155.70  155.80  157.10  153.30    4.95    6.23    6.66    8.16
  5 15 80 10 136  277.10  289.20  289.70  290.50    3.75    3.58    3.31    2.90  133.80  135.80  135.80  132.40    8.97   10.04   11.41   12.68
  5 15 80 11 136  277.40  290.00  290.60  291.30    3.33    3.15    2.95    2.70   95.03   94.36   93.48   88.43   12.41   11.69   13.68   17.00
  5 15 80 12 136  277.50  290.90  291.50  292.10    3.35    3.15    2.99    2.71   98.23  101.10  101.00   96.32   17.17   21.60   24.67   30.71
  5 15 80 13 136  277.70  291.70  292.30  293.10    4.00    3.80    3.61    3.21   97.01   97.12   95.19   91.64   15.48   16.49   16.65   19.08
  5 15 80 14 136  278.10  292.40  293.00  293.80    3.88    3.76    3.67    3.41   92.88   89.76   88.22   81.13   20.29   20.28   19.90   22.56
  5 15 80 15 136  278.00  292.90  293.40  294.20    3.80    3.64    3.49    3.15  100.30  103.10  100.40   95.66   13.09   15.40   10.64   11.76
  5 15 80 16 136  278.10  293.30  293.90  294.60    4.37    4.12    3.89    3.43  103.30  103.10  102.90   99.53   15.69   16.80   18.04   17.78
  5 15 80 17 136  278.30  293.40  293.90  294.70    5.26    5.02    4.70    3.90  130.90  132.90  135.10  131.00   11.98   13.90   14.89   18.47
  5 15 80 18 136  278.10  293.10  293.70  294.20    5.39    5.07    4.74    3.62  131.10  131.00  131.00  127.00    5.60    7.21    7.56    7.84
  5 15 80 19 136  278.10  292.80  293.20  293.40    5.39    4.81    4.37    3.04  125.70  126.10  126.10  121.20    2.62    2.88    2.56    3.28
  5 15 80 20 136  278.10  292.30  292.30  291.80    6.69    5.12    3.99    2.31  123.20  121.00  119.50  112.90    3.33    5.43    6.95    8.08
  5 15 80 21 136  278.00  292.00  291.70  290.70    8.65    6.32    4.68    2.55  122.40  121.90  121.40  114.50    2.28    2.40    2.42    4.24
  5 15 80 22 136  277.80  291.40  290.70  289.70    9.06    6.05    4.56    2.83  110.10  107.90  106.40  101.20    3.61    4.85    5.24    3.88
  5 15 80 23 136  278.00  290.80  290.30  289.50    8.92    6.08    4.64    2.97  114.40  111.70  110.50  105.70    3.31    3.66    4.30    4.71
  5 15 80 24 136  278.20  290.10  289.80  289.20    9.03    6.37    5.04    3.52  109.50  104.60  102.20   98.65    2.55    2.50    1.21    1.44
  5 16 80  1 137  278.50  288.40  288.30  288.30    7.65    5.90    4.95    3.88   79.77   69.61   67.92   62.87   15.47   15.48   15.19   14.99
  5 16 80  2 137  278.60  287.20  287.10  287.20    8.02    5.98    4.96    3.99   72.24   65.16   64.77   59.59    3.11    2.76    3.59    3.32
  5 16 80  3 137  278.60  286.10  285.90  286.10    8.05    6.23    5.26    4.13   74.03   66.74   65.51   61.39    2.62    2.83    2.85    3.67
  5 16 80  4 137  278.50  285.70  285.50  285.60    8.57    6.44    5.38    4.31   79.89   72.66   71.70   67.42    3.26    3.41    3.45    3.36
  5 16 80  5 137  278.00  286.00  285.90  285.90    9.34    7.16    5.96    4.75   85.99   79.80   79.27   75.56    2.89    3.96    4.53    4.49
  5 16 80  6 137  277.60  286.20  286.40  286.50    9.67    7.56    6.56    5.41   95.46   93.12   92.14   88.08    4.02    4.23    5.10    5.48
  5 16 80  7 137  277.20  287.10  287.40  287.70   11.11    9.34    8.42    7.23   98.19   96.65   95.91   92.43    1.24    1.48    1.90    2.05
  5 16 80  8 137  276.90  287.90  288.40  288.70   11.51   10.32    9.48    8.28   94.90   93.58   94.64   91.20    1.90    2.05    2.63    2.01
  5 16 80  9 137  277.10  288.20  288.60  288.90   10.95    9.49    8.70    7.53   98.06   96.57   96.95   93.68    2.12    1.86    2.15    2.04
  5 16 80 10 137  278.10  286.90  287.20  287.50   11.12    9.49    8.61    7.47   94.37   93.95   94.30   91.27    2.34    2.29    2.58    2.93
  5 16 80 11 137  280.70  284.80  285.70  286.10   11.28    9.65    8.93    7.67   94.54   93.62   94.02   90.34    2.94    3.17    2.95    2.70
  5 16 80 12 137  282.20  283.30  284.20  284.80   14.76   11.46   10.63    9.11   93.92   92.67   92.92   87.61    2.41    2.42    2.19    4.36
  5 16 80 13 137 -999.99 -999.99 -999.99 -999.99 -999.99 -999.99 -999.99 -999.99 -999.99 -999.99 -999.99 -999.99    1.90    2.08    1.95    2.14
  5 16 80 14 137  282.50  283.40  283.70  284.00   12.40   10.93    9.89    8.54   91.93   93.06   94.16   86.33    5.07    5.37    5.49    6.80
  5 16 80 15 137  282.60  283.60  284.00  284.20   12.61   11.32   10.46    9.06   90.79   90.99   92.08   83.11    2.80    3.56    3.73    3.30
  5 16 80 16 137  283.00  283.90  284.30  284.50   12.16   10.92   10.08    8.74   91.72   92.30   93.13   84.10    2.79    2.76    3.16    3.49
  5 16 80 17 137  283.20  284.10  284.50  284.80    9.06    8.06    7.42    6.46   94.24   93.38   94.54   84.51    1.71    2.91    2.92    2.71
  5 16 80 18 137  283.40  284.20  284.70  284.90    8.82    7.64    7.00    5.85  102.80  102.60  102.80   93.47    1.87    2.45    3.03    2.84
  5 16 80 19 137  283.60  284.40  284.90  285.10    9.09    7.88    7.23    6.13  103.70  103.10  103.10   93.61    1.54    1.47    1.71    2.19
  5 16 80 20 137  283.80  284.70  285.10  285.40    8.84    7.57    6.84    5.71  105.60  105.20  105.00   95.49    1.54    2.23    1.92    2.91
  5 16 80 21 137  283.90  284.90  285.40  285.60    8.29    7.13    6.43    5.11  110.00  109.70  111.20  100.80    1.90    1.86    2.62    2.05
  5 16 80 22 137  284.20  285.10  285.50  285.80    6.83    5.81    5.28    3.90  124.90  125.30  127.00  117.00    2.99    3.29    2.82    3.76
  5 16 80 23 137  284.50  285.40  285.70  285.90    6.13    5.15    4.60    3.49  119.00  118.80  120.10  112.60    4.14    5.11    5.22    5.44
  5 16 80 24 137  284.80  285.60  285.90  286.10    5.10    4.18    3.70    2.92  112.20  110.10  111.30  104.60    2.63    3.07    3.90    4.62
  5 17 80  1 138  285.00  285.70  286.00  286.20    4.56    3.81    3.36    2.83  105.00  101.30  101.80   97.02    2.02    3.17    3.45    3.76
  5 17 80  2 138  285.10  286.00  286.30  286.40    5.61    4.67    4.12    3.31  110.60  107.90  108.70  103.70    2.49    2.08    2.20    3.03
  5 17 80  3 138  285.50  286.40  286.60  286.70    6.14    4.71    3.97    3.20  110.40  104.40  103.40   96.25    3.08    3.83    4.65    4.87
  5 17 80  4 138  286.40  287.30  287.30  287.40    6.62    4.99    4.14    3.08  119.40  112.90  112.80  107.50    2.90    2.75    2.61    3.98
  5 17 80  5 138  286.90  287.80  287.80  287.80    5.37    3.71    2.98    2.11  126.30  118.10  116.60  106.30    4.24    4.76    5.25    2.97
  5 17 80  6 138  287.10  288.10  288.10  288.10    4.02    3.05    2.57    2.01  126.80  110.10  105.20   94.05    3.40    7.42    9.16    8.63
  5 17 80  7 138  287.70  288.70  288.30  288.40    7.67    6.05    5.09    4.02  122.40  106.40  105.80   99.32    2.01    2.28    2.80    2.93
  5 17 80  8 138  288.20  289.10  289.30  289.50    7.74    6.32    5.66    4.61  114.30  108.80  107.60  101.50    1.79    1.42    2.22    2.75
  5 17 80  9 138  288.50  289.50  289.80  290.20    8.00    6.75    6.10    4.59  123.30  122.20  123.50  117.60    4.10    5.04    5.78    4.96
  5 17 80 10 138  288.70  289.80  290.10  290.40    5.78    5.42    5.10    3.96  147.00  146.80  148.70  144.40   10.02   10.18   10.79   10.09
  5 17 80 11 138  289.00  290.20  290.50  290.90    4.90    4.62    4.33    3.33  152.30  148.70  149.20  144.30    3.78    5.96    8.00    7.60
  5 17 80 12 138  288.90  290.30  290.60  291.00    4.60    4.39    4.03    3.05  151.20  146.80  147.40  142.90    5.71    6.56    7.05    8.06
  5 17 80 13 138  289.50  290.80  291.30  292.10    4.63    4.52    4.37    3.78  165.70  164.50  165.90  160.60   13.82   15.12   14.91   13.74
  5 17 80 14 138  289.10  291.60  292.20  292.70    2.14    2.16    2.14    1.92  150.10  183.00  184.60  171.80   80.62   78.56   88.50   89.97
  5 17 80 15 138  288.70  292.20  292.60  293.10    1.27    1.43    1.46    1.43    6.49  355.90  356.70  351.90   17.67   13.92   11.86    9.06
  5 17 80 16 138  288.60  292.50  293.00  293.60    3.26    3.35    3.26    2.95   24.47   20.91   20.09   11.54   11.73   13.70   16.68   16.36
  5 17 80 17 138  288.40  291.30  291.70  292.20    7.02    7.01    6.77    5.72   27.52   28.29   29.65   21.76    5.37    6.19    6.44    5.86
  5 17 80 18 138  287.70  289.60  290.00  290.90    5.95    5.21    4.70    3.88   42.29   40.59   40.69   30.74   10.84   10.89   10.99   11.24
  5 17 80 19 138 -999.99 -999.99 -999.99 -999.99 -999.99 -999.99 -999.99 -999.99 -999.99 -999.99 -999.99 -999.99    6.74    3.84    5.90    6.55
  5 17 80 20 138  287.30  289.20  289.70  290.20    3.03    2.47    2.23    1.84   26.99   12.53    7.67  357.90   18.81   17.87   18.73   20.35
  5 17 80 21 138  287.30  289.20  289.50  289.90    2.23    1.90    1.59    1.27   51.11   27.45   16.13  356.30    9.32   17.90   24.00   29.35
  5 17 80 22 138  287.30  289.10  289.30  289.30    1.18    1.05    1.26    1.32  143.00  281.60  275.80  253.00   85.94   55.57   39.33   38.65
  5 17 80 23 138  287.20  288.80  289.20  289.30    3.08    2.37    2.16    1.64  236.80  249.60  254.50  249.90   10.87   20.62   33.78   39.75
  5 17 80 24 138  287.20  288.60  288.90  289.10    5.33    3.99    3.20    2.26  242.80  239.40  240.90  232.90    3.69    6.91    7.70    8.64
  5 18 80  1 139  287.20  288.90  288.90  289.00    7.21    4.77    3.64    2.36  241.60  237.30  238.40  233.60    4.58    6.22    6.86    7.06
  5 18 80  2 139  286.80  288.80  288.60  288.70    8.78    6.04    4.80    3.31  247.80  243.00  244.20  238.80    3.45    4.33    5.63    5.03
  5 18 80  3 139  286.40  288.60  288.60  288.70    8.29    6.28    5.41    3.90  262.10  258.80  260.10  252.60    3.24    4.77    4.38    3.19
  5 18 80  4 139  285.90  288.00  288.20  288.30    7.20    5.48    4.79    3.49  268.70  265.00  264.40  254.10    3.81    2.80    2.86    2.58
  5 18 80  5 139  284.90  287.50  287.50  287.50    8.16    5.97    4.99    3.44  259.70  255.80  257.10  249.70    1.88    2.48    2.04    2.15
  5 18 80  6 139  284.50  287.30  287.30  287.40    7.02    5.02    4.32    3.02  261.40  254.30  255.90  250.20    2.06    1.03    1.67    2.49
  5 18 80  7 139  284.60  287.20  287.70  288.20    6.24    5.53    5.10    3.94  261.30  258.70  259.60  253.00    5.16    3.00    2.57    2.29
  5 18 80  8 139  284.60  287.70  288.30  288.90    5.75    5.09    4.80    3.98  270.90  270.90  271.90  265.30    3.26    4.98    6.14    7.26
  5 18 80  9 139  284.20  287.90  288.50  289.00    5.86    5.21    4.78    4.12  268.00  267.60  268.60  262.50    5.15    5.17    6.69    6.47
  5 18 80 10 139  284.10  288.00  288.70  289.20    5.72    5.39    5.22    4.36  262.40  263.70  264.10  258.80    3.78    3.61    4.46    5.36
  5 18 80 11 139  284.20  288.60  289.20  289.90    5.97    5.63    5.36    4.35  263.00  262.90  264.20  257.50    3.93    3.60    3.62    4.25
  5 18 80 12 139  284.00  288.70  289.20  289.80    5.24    4.98    4.70    3.95  276.80  279.50  280.70  275.50   11.43   14.93   14.88   14.84
  5 18 80 13 139  284.20  288.90  289.40  290.00    4.25    4.00    3.80    3.18  278.40  282.60  284.00  276.70   14.63   15.70   15.88   16.43
  5 18 80 14 139  284.10  289.20  289.70  290.30    3.70    3.50    3.35    2.74  242.50  245.00  248.10  242.80    3.86    4.51    5.50    6.60
  5 18 80 15 139  284.10  289.50  290.00  290.50    3.30    3.10    2.90    2.40  237.70  239.70  243.50  239.80    3.65    2.87    2.40    3.42
  5 18 80 16 139  284.10  289.50  290.00  290.50    3.95    3.49    3.28    2.65  259.00  262.80  264.60  257.90   10.32   10.57   10.28   10.18
  5 18 80 17 139  283.90  289.20  289.70  290.10    4.44    3.98    3.71    2.98  266.80  267.60  269.50  263.60    8.73   10.18   10.81   11.95
  5 18 80 18 139  283.30  289.10  289.50  289.90    4.38    4.12    3.82    3.19  274.20  279.20  281.40  274.70    5.02    7.74    7.99    8.83
  5 18 80 19 139  282.80  288.90  289.30  289.60    3.86    3.12    2.89    2.35  269.60  271.50  272.70  264.40    2.35    2.76    4.76    6.36
  5 18 80 20 139  282.70  288.60  288.90  288.90    4.00    3.17    2.58    1.66  251.70  248.90  248.80  240.90    7.42   10.89   11.36    9.51
  5 18 80 21 139  282.50  288.50  288.50  288.20    4.24    2.96    2.07    0.99  245.60  239.70  238.30  226.20    1.72    1.93    4.73   13.73
  5 18 80 22 139  281.80  288.60  288.20  287.60    4.02    3.20    2.28    1.09  249.10  237.80  237.00  230.60    3.58    2.65    3.86    8.51
  5 18 80 23 139  281.90  288.70  288.10  287.00    4.56    3.88    2.44    0.98  245.00  235.60  234.20  235.50    2.77    3.81    4.21   10.76
  5 18 80 24 139  282.50  288.30  287.60  287.00    5.55    3.92    2.45    1.10  244.10  232.70  231.40  234.20    2.08    2.96    3.86    4.93
  5 19 80  1 140  283.20  287.00  287.00  286.80    5.37    3.82    3.01    1.84  257.60  250.80  248.60  238.70    6.69    5.48    6.65    6.18
  5 19 80  2 140  282.80  286.70  286.70  286.50    5.60    3.93    3.48    2.68  281.20  274.00  269.30  256.50    4.81    6.84    9.26   11.32
  5 19 80  3 140  282.80  286.50  286.40  286.20    5.92    3.97    3.36    2.41  288.30  279.30  274.40  259.60    6.03    8.64   10.08   11.23
  5 19 80  4 140  282.80  286.10  286.30  286.40    5.67    4.34    3.68    2.92  287.10  280.20  279.00  269.30    6.92    5.86    6.31    8.71
  5 19 80  5 140  283.10  286.20  286.00  286.20    6.79    5.46    4.38    3.39  302.30  294.20  294.40  289.20    8.05    5.02    4.49    4.90
  5 19 80  6 140  282.70  285.50  285.70  285.80    4.23    3.20    2.86    2.16  279.20  265.90  260.10  245.90   13.76   17.16   17.32   18.44
  5 19 80  7 140  283.10  285.70  285.90  286.30    3.92    3.15    2.98    2.59  298.70  290.90  289.50  282.10    5.37    6.08    6.70   10.31
  5 19 80  8 140  283.50  286.50  287.00  287.50    2.50    2.35    2.16    1.94  286.60  283.90  284.80  279.70   17.55   18.89   19.23   19.72
  5 19 80  9 140  283.60  287.50  288.00  288.60    3.01    2.88    2.77    2.44  292.20  297.90  298.90  294.80    5.17    5.62    6.74    9.32
  5 19 80 10 140  283.50  288.50  289.10  289.60    3.47    3.26    3.11    2.73  290.20  296.40  297.10  290.20    5.79    3.94    4.55    6.40
  5 19 80 11 140  283.30  289.10  289.60  290.30    4.02    3.92    3.78    3.38  293.00  297.80  298.40  293.70    6.23    6.45    5.58    6.12
  5 19 80 12 140  282.80  289.70  290.30  290.90    3.74    3.57    3.36    3.01  296.80  300.70  301.90  299.70    8.19    9.36    8.15    9.11
  5 19 80 13 140  283.20  289.90  290.50  291.10    5.21    5.06    4.74    4.13  299.10  303.90  305.00  299.70    9.46    8.09    7.65    7.34
  5 19 80 14 140  283.70  289.50  290.10  290.80    4.75    4.57    4.38    3.82  310.00  314.80  315.60  310.30    7.64    7.63    7.96    8.65
  5 19 80 15 140  283.60  289.80  290.40  291.10    4.41    4.31    4.06    3.51  321.80  327.50  327.30  321.70    4.41    4.41    4.53    5.44
  5 19 80 16 140  283.20  290.20  290.80  291.30    2.97    2.77    2.70    2.51  337.20  343.40  344.80  339.60    8.00    8.31    9.54    9.49
  5 19 80 17 140  282.50  290.80  291.30  291.70    2.24    2.59    2.53    2.31  353.50  354.50  354.60  349.90   10.51   10.87   11.88   10.54
  5 19 80 18 140  283.80  290.10  290.60  290.90    3.38    3.23    2.97    2.48   25.37   26.17   26.36   18.82   13.48   14.25   13.72   13.61
  5 19 80 19 140  283.00  290.00  290.30  290.50    2.42    2.13    1.97    1.64   18.96   25.05   22.72   13.34    7.47    7.51    6.24    5.84
  5 19 80 20 140  283.30  289.70  290.10  290.10    1.24    0.91    0.68    0.63   28.86   21.28   16.34  192.30   14.94   30.25   55.42   88.77
  5 19 80 21 140  282.40  289.90  290.10  289.80    1.76    1.34    1.32    1.28    0.25  346.70  333.20  307.90    5.85    7.19   11.58   20.00
  5 19 80 22 140  283.10  289.90  290.10  289.50    1.68    1.77    1.81    1.44  355.70  349.40  339.90  320.00    5.15    3.67    4.40    7.60
  5 19 80 23 140  283.50  289.60  289.60  288.90    2.06    1.47    1.21    0.66    1.95  345.00  335.00  326.40    5.53    6.42   13.88   54.10
  5 19 80 24 140  283.80  289.20  289.00  288.60    3.31    1.98    1.15    0.77   16.28    5.10    2.52    1.13    5.02    8.82    8.84   28.52
  5 20 80  1 141  284.10  288.60  288.50  288.20    2.07    1.41    1.19    1.05   35.80  352.90  319.50  272.10   18.86   63.76   64.36   78.86
  5 20 80  2 141  284.60  287.90  288.00  287.20    0.90    1.21    1.63    1.42  182.60  234.00  243.70  228.10   32.32   11.30    9.85   11.88
  5 20 80  3 141  284.30  288.30  288.10  287.40    1.85    1.93    2.20    1.86   15.75  332.90  327.50  314.30   39.83   26.52   18.87   17.24
  5 20 80  4 141  283.60  288.20  287.60  287.10    4.07    4.56    3.17    2.32    8.95    2.76  353.50  343.80    3.31    4.46    5.05    6.88
  5 20 80  5 141  284.10  287.30  287.10  286.80    5.21    4.01    3.02    2.02   29.27   15.83    8.15  352.90   10.83    7.99    7.52    7.03
  5 20 80  6 141  284.40  287.20  287.00  286.80    4.68    3.47    2.89    2.08   53.69   37.61   28.55    9.37    4.99    3.80    6.35    5.66
  5 20 80  7 141  284.10  286.60  286.80  287.00    3.41    2.60    2.19    1.87   52.12   39.19   30.67   14.03    4.55    5.59    8.40    9.30
  5 20 80  8 141  284.40  287.10  287.50  288.00    2.48    2.46    2.36    2.18   53.76   49.74   50.08   42.32    5.60   10.05   10.79   12.87
  5 20 80  9 141  285.00  288.40  288.80  289.30    1.72    1.78    1.69    1.53   32.37   30.91   31.75   22.28   11.38    9.73   12.47   16.73
  5 20 80 10 141  285.10  289.40  290.00  290.50    2.05    2.02    1.98    1.85  352.30  352.10  351.70  346.10    6.82    7.68    8.16    9.12
  5 20 80 11 141 -999.99 -999.99 -999.99 -999.99 -999.99 -999.99 -999.99 -999.99 -999.99 -999.99 -999.99 -999.99   11.08   13.21   14.31   13.88
  5 20 80 12 141  283.60  291.10  291.60  292.30    4.92    4.67    4.47    4.01   34.59   30.74   31.07   21.35    5.81    8.18    8.66    8.35
  5 20 80 13 141  283.10  291.60  292.10  292.80    5.10    4.90    4.57    4.07   27.28   26.70   25.42   18.31    7.89    7.95    9.00   10.33
  5 20 80 14 141  282.30  292.50  293.00  293.70    5.07    4.88    4.71    4.20   34.96   32.98   32.37   25.76    7.54    8.93   11.01   11.53
  5 20 80 15 141  282.90  292.60  293.20  293.80    4.85    4.58    4.31    3.85   29.40   29.29   28.43   20.64    5.82    5.85    6.63    6.56
  5 20 80 16 141  282.30  293.10  293.70  294.10    5.28    5.00    4.70    4.13   27.28   25.72   24.19   17.22    7.58    9.62   11.53   11.98
  5 20 80 17 141  282.10  293.40  294.00  294.30    5.39    4.94    4.60    3.94   45.97   46.35   46.62   39.84    9.17    8.10    8.45    8.82
  5 20 80 18 141  281.70  293.30  293.80  294.00    5.45    5.02    4.59    3.68   41.84   42.36   43.29   35.88    5.71    6.43    7.03    8.53
  5 20 80 19 141  282.00  293.10  293.50  293.20    3.68    2.98    2.52    1.76   41.02   38.43   36.07   21.88    2.34    2.38    3.25    6.23
  5 20 80 20 141  281.20  293.10  293.10  292.30    3.50    2.68    2.09    1.31   42.31   33.92   25.16    4.87    6.46   13.94   19.81   23.66
  5 20 80 21 141  281.60  292.70  292.70  291.30    3.52    2.91    1.96    1.46   19.03    9.58  356.00  321.00    7.67    7.18    4.36    3.73
  5 20 80 22 141  282.00  292.50  291.90  290.30    5.42    3.97    2.52    1.65   26.22   11.79  356.30  325.70    4.02    4.06    4.60    5.62
  5 20 80 23 141  281.50  292.30  291.80  289.60    5.50    4.31    3.06    1.52   32.54   21.23    7.89  335.10    1.02    2.84    3.27    2.65
  5 20 80 24 141  282.00  291.40  290.80  289.30    5.74    3.76    2.64    1.12   44.96   28.96   16.14  339.70    7.64    7.29    5.07    2.20
  5 21 80  1 142  281.70  291.20  289.90  288.60    4.39    3.19    2.45    1.46   66.44   36.82   16.44  332.60   10.61    6.19    4.73    4.64
  5 21 80  2 142  280.40  291.20  289.20  287.60    3.77    2.93    2.46    1.67   82.77   34.77   11.50  332.30    4.49    8.20    8.99    4.81
  5 21 80  3 142  281.00  289.70  288.40  286.60    2.43    3.34    2.65    2.08   57.98    4.14  349.60  324.50   11.93    6.86    6.01    5.15
  5 21 80  4 142  280.40  289.80  289.10  286.90    1.69    3.48    2.91    1.58   43.68    7.18    3.08  342.20    9.23    3.91    7.33    9.08
  5 21 80  5 142  280.80  289.70  289.10  286.90    1.88    3.36    3.05    1.84   57.67   25.54   31.56   25.44    8.67    5.86    9.32   14.52
  5 21 80  6 142  281.50  290.00  289.40  286.60    2.36    2.60    2.76    1.51   83.28   54.49   56.71   61.03    7.56   15.56   13.47   21.71
  5 21 80  7 142  281.40  289.80  289.30  287.10    2.84    2.66    2.31    1.33  108.00   96.61  100.60  114.90    6.45   11.66   21.36   30.39
  5 21 80  8 142  281.70  290.20  289.20  289.20    1.92    1.82    1.33    1.18  114.00   93.27   90.03   83.55   12.68   21.39   23.41   24.42
  5 21 80  9 142  283.60  290.60  290.80  291.30    0.89    1.05    1.02    1.00   52.32   55.53   53.48   45.64   14.95   14.19   13.59   16.99
  5 21 80 10 142  284.20  291.90  292.30  292.80    0.97    1.03    1.02    0.97   68.50   78.37   78.93   71.23   25.45   22.03   24.10   31.99
  5 21 80 11 142  283.30  293.00  293.50  293.90    1.62    1.63    1.58    1.39   62.09   65.24   66.38   65.28   15.18   13.90   16.18   23.23
  5 21 80 12 142  282.50  293.70  294.20  294.70    2.48    2.35    2.27    2.08   88.73   92.34   93.77   90.61   11.86   16.58   25.19   26.34
  5 21 80 13 142  281.00  294.30  294.90  295.40    2.09    1.98    1.87    1.72  104.20  102.60  103.70  100.80   28.46   39.18   39.87   43.52
  5 21 80 14 142  280.70  294.50  295.10  295.70    2.40    2.31    2.23    2.01  117.60  122.70  124.10  122.50    8.74   13.26   17.31   18.15
  5 21 80 15 142  280.70  294.90  295.40  295.90    1.53    1.69    1.68    1.57  356.20  354.20  354.90  340.80   74.39   82.22   82.06   87.91
  5 21 80 16 142  280.90  295.10  295.50  296.00    1.70    1.75    1.72    1.63   20.69   14.26   10.59    2.61   23.75   20.59   21.02   20.43
  5 21 80 17 142  280.80  295.20  295.70  296.10    0.99    0.91    0.88    0.81   88.06   96.73   95.30   81.60   26.79   33.41   57.18   55.08
  5 21 80 18 142  281.20  294.90  295.40  295.80    2.15    2.33    2.31    2.05  160.20  163.90  163.80  160.30    5.95    7.26   10.91   13.48
  5 21 80 19 142  281.60  294.50  295.00  294.80    2.25    2.42    2.23    1.54  181.10  182.40  183.40  180.80    9.22    9.56    9.62   14.02
  5 21 80 20 142  281.40  294.40  294.80  293.40    2.58    2.80    2.66    1.28  191.50  192.10  194.20  196.00    5.27    5.63    6.87   13.12
  5 21 80 21 142  281.60  294.10  294.30  292.70    3.04    3.24    2.95    1.61  211.50  213.00  214.90  223.40    7.53    8.53   11.79   14.41
  5 21 80 22 142  281.50  294.10  294.20  292.90    2.72    3.09    2.75    1.63  250.60  249.20  253.80  249.20   12.59   12.26   13.89    9.87
  5 21 80 23 142  281.10  293.70  293.00  290.80    2.55    2.56    2.27    0.84  274.90  279.30  295.90  321.30    4.50    6.38    9.88   45.78
  5 21 80 24 142  281.30  293.60  293.20  290.20    2.67    2.50    1.84    0.64  294.00  284.70  300.50  338.30    7.80    3.37    9.78   21.67
  5 22 80  1 143  281.50  293.20  292.10  288.80    2.75    2.80    1.62    0.40  309.20  302.40  313.50  258.30    4.93    4.97    5.99   82.10
  5 22 80  2 143  281.30  292.80  291.50  289.50    3.09    2.93    1.45    0.77  318.60  325.90  336.30  314.30    3.43    6.42    7.38   14.56
  5 22 80  3 143  280.70  292.30  291.00  288.80    3.15    2.69    1.77    0.91  339.10  351.50    8.27    7.61    9.59   16.66   20.43   34.75
  5 22 80  4 143  279.40  292.00  289.80  287.90    5.41    3.54    2.44    1.35   19.33   17.88   18.76   25.20   12.63    9.80   10.16   24.48
  5 22 80  5 143  278.60  292.40  289.50  288.20    5.17    4.28    2.88    1.83   43.77   42.40   35.10    7.34    4.73    3.17    2.24    1.99
  5 22 80  6 143  278.40  292.50  288.90  287.40    4.34    4.52    3.10    2.01   57.28   48.59   40.11   17.12    4.20    4.20    7.20   10.75
  5 22 80  7 143  278.00  292.30  288.70  288.60    5.48    3.51    2.60    1.97   74.79   60.17   56.11   44.06    5.92    3.54    4.93    8.72
  5 22 80  8 143  281.40  291.10  290.40  290.80    5.02    3.48    3.23    2.99   92.47   79.78   77.63   67.62    2.57    4.29    4.49    3.02
  5 22 80  9 143  284.40  292.80  293.20  293.80    4.11    3.90    3.77    3.48   90.18   86.01   85.98   77.96    4.41    8.09    9.13   10.54
  5 22 80 10 143  284.80  294.10  294.70  295.30    4.74    4.53    4.27    3.75  103.10  104.00  105.30  101.40    5.66    6.53    7.26    9.52
  5 22 80 11 143  284.20  294.90  295.40  296.10    5.08    4.98    4.71    3.97  112.00  112.60  114.10  110.70    4.01    4.47    5.93    6.62
  5 22 80 12 143  284.30  295.50  296.10  296.80    4.36    4.17    3.98    3.52  104.90  104.60  104.00   98.82   10.33   11.94   12.87   12.72
  5 22 80 13 143  284.00  296.20  296.70  297.50    4.77    4.45    4.23    3.83  101.00  101.30  101.90   97.22    8.22    9.63   10.73   11.07
  5 22 80 14 143  283.60  296.90  297.40  298.10    4.64    4.41    4.20    3.74  100.60  102.00  103.70   99.51   10.55   11.34   12.19   13.44
  5 22 80 15 143  283.10  297.40  298.00  298.60    5.26    4.98    4.80    4.29   97.59   98.24   99.48   94.11    7.56    8.67    9.71   10.53
  5 22 80 16 143  283.10  297.80  298.40  299.00    5.49    5.14    4.87    4.30  104.80  104.20  104.90  100.10    7.83    8.10    8.80    9.32
  5 22 80 17 143  283.80  297.60  298.20  298.70    5.39    5.13    4.77    3.77  120.50  120.70  122.20  117.80   11.88   11.86   11.79   12.70
  5 22 80 18 143  284.50  297.20  297.70  298.10    6.09    5.83    5.36    3.82  127.70  128.10  129.90  125.70    4.60    4.75    4.69    6.36
  5 22 80 19 143  284.30  296.80  297.20  297.30    4.94    4.19    3.65    2.41  122.40  122.40  122.60  116.30    2.65    1.92    1.87    1.90
  5 22 80 20 143  284.60  296.50  296.70  296.30    4.90    3.77    3.08    1.90  116.30  110.80  106.60   96.55    2.63    4.48    6.25    8.62
  5 22 80 21 143  283.80  296.60  296.20  295.40    7.44    4.88    3.71    2.21  108.10  106.20  103.40   96.78    3.98    3.63    2.58    2.34
  5 22 80 22 143  284.30  295.90  295.70  295.10    7.63    5.54    4.44    3.04  107.60  101.60   99.36   94.49    1.90    1.21    1.22    1.42
  5 22 80 23 143  285.20  294.10  294.20  294.00    7.66    6.31    5.33    4.02  136.80  132.10  131.70  126.80   29.73   31.46   32.58   32.86
  5 22 80 24 143  286.50  291.30  291.60  291.80    6.70    5.56    4.94    3.98  166.70  166.50  167.40  162.40    4.35    4.00    4.01    4.16
  5 23 80  1 144  286.80  290.50  290.80  291.00    4.93    3.55    2.99    2.31  157.30  163.90  166.80  162.60    1.80    2.52    3.69    4.57
  5 23 80  2 144  286.10  290.60  290.70  290.80    2.89    1.56    1.01    0.47  138.90  151.00  159.70  139.40    6.57    8.81   16.14   62.08
  5 23 80  3 144  286.40  290.20  290.50  290.70    2.24    1.38    1.19    0.92   96.45   82.69   72.68   48.57   17.62   28.30   37.26   52.50
  5 23 80  4 144  286.70  289.70  290.10  290.40    1.29    1.35    1.30    1.16   26.16   19.79  351.00  347.80   58.29   60.38   61.43   50.60
  5 23 80  5 144  286.80  289.70  290.00  290.30    6.02    5.24    4.63    3.70   25.56   21.74   21.67   14.50    8.52   10.49   10.91   12.21
  5 23 80  6 144  286.50  289.60  289.90  290.20    7.43    6.39    5.73    4.62   37.66   32.37   31.09   23.19    4.25    5.01    5.08    6.37
  5 23 80  7 144  288.50  289.30  289.90  290.30    9.03    7.51    6.74    5.47   47.64   44.54   43.53   36.15    9.32   11.34   12.04   12.52
  5 23 80  8 144  288.40  289.30  289.80  290.50    8.30    7.15    6.37    5.49   70.51   68.75   68.62   61.30    7.26    7.52    7.33    7.82
  5 23 80  9 144  288.70  289.70  290.20  290.90    6.65    5.91    5.44    4.67   86.69   84.69   84.79   76.15    4.84    4.89    5.09    4.70
  5 23 80 10 144  289.10  290.20  291.00  291.60    5.10    4.81    4.62    4.19   94.74   92.45   92.07   84.02    3.25    3.59    3.27    3.71
  5 23 80 11 144  289.00  290.80  291.70  292.20    4.46    4.46    4.30    3.87   98.40   97.33   97.68   89.39    4.67    4.99    4.78    4.82
  5 23 80 12 144  289.00  291.80  292.90  293.30    3.28    3.10    2.91    2.56  139.90  140.20  141.70  137.20   22.15   21.51   22.15   26.23
  5 23 80 13 144  288.30  292.40  293.70  294.10    5.12    5.02    4.93    4.50  169.80  171.20  173.30  168.50    6.88    7.84    7.71    7.01
  5 23 80 14 144  288.00  292.70  293.50  294.30    4.49    4.43    4.34    3.88  177.60  178.90  181.50  176.30    4.11    4.74    4.66    4.91
  5 23 80 15 144  287.30  293.50  294.20  294.80    3.82    3.70    3.57    3.18  176.60  180.10  183.10  179.30    5.42    7.30    8.79   10.31
  5 23 80 16 144  287.30  294.00  294.50  295.10    4.08    4.10    3.95    3.39  158.90  161.00  163.50  159.10   11.54   13.00   13.75   13.93
  5 23 80 17 144  287.40  293.70  294.20  294.80    4.24    4.24    3.96    3.03  134.30  136.30  137.70  135.00    8.53    8.48    9.19   11.20
  5 23 80 18 144  287.40  293.60  294.00  294.40    5.39    5.17    4.79    3.73  146.40  148.40  149.60  148.80   11.39   11.72   12.45   10.56
  5 23 80 19 144  286.70  292.10  292.40  292.70    5.86    5.20    4.88    4.13  158.60  162.70  165.60  162.80    6.78    8.16    7.53    6.06
  5 23 80 20 144  285.70  291.50  291.20  291.10    2.57    1.34    1.14    1.11  175.60  146.70  105.40   62.66   11.34   41.73   71.78   61.73
  5 23 80 21 144  286.50  291.40  291.50  290.80    2.52    2.23    2.16    1.59  156.20  136.60  122.90  107.00    5.43   12.33   19.83   15.29
  5 23 80 22 144  286.40  291.60  291.70  291.00    4.10    3.49    2.92    1.67  164.60  162.20  154.40  135.40    5.31    9.52    9.85    8.12
  5 23 80 23 144  286.70  291.00  291.10  290.10    4.42    3.41    2.41    1.19  168.70  171.60  172.50  174.70    4.37    6.68   13.30   27.86
  5 23 80 24 144  286.80  290.60  290.40  290.10    3.47    1.74    1.04    0.89  179.40  163.30  137.60   61.49    3.91   16.08   48.73   67.12
  5 24 80  1 145  287.10  290.40  290.10  289.70    3.70    1.74    1.37    0.97  175.60  156.00  126.50   93.83    4.76   12.15   26.60   32.82
  5 24 80  2 145  287.20  290.00  289.70  289.10    4.02    2.81    2.30    1.22  174.60  157.20  145.20  124.00    4.49    8.11   12.38   26.82
  5 24 80  3 145  287.10  289.80  289.10  288.40    4.33    3.37    2.57    1.24  189.10  180.00  176.30  154.70    7.22   10.98   13.27   22.33
  5 24 80  4 145  287.00  289.80  287.80  287.80    4.55    2.80    2.41    1.90  212.30  202.90  202.10  194.40    8.44    7.64    8.80    9.32
  5 24 80  5 145  286.80  289.50  287.70  287.50    4.21    2.41    1.61    1.07  236.10  241.00  250.10  245.00   11.63   25.41   31.83   31.34
  5 24 80  6 145  286.70  288.50  288.10  288.20    2.74    1.78    1.44    1.05  264.60  255.60  246.20  240.10   16.66   12.06   15.61   22.76
  5 24 80  7 145  286.90  288.40  288.40  288.70    1.20    1.25    1.27    1.14  243.30  224.70  222.30  215.40   30.79   19.69   25.12   25.29
  5 24 80  8 145  288.30  288.70  289.10  289.30    1.07    1.09    1.09    1.01  328.70  328.10  328.30  326.80   33.45   41.01   44.91   50.83
  5 24 80  9 145  288.30  289.20  289.70  290.10    2.10    2.09    1.98    1.79   11.49    9.76   10.35    5.79   12.56   14.39   15.73   15.80
  5 24 80 10 145  288.60  290.30  291.20  291.70    2.31    2.27    2.14    1.95   32.11   28.34   27.81   21.34   16.44   17.36   18.11   16.91
  5 24 80 11 145  287.80  291.50  292.40  293.00    1.58    1.49    1.42    1.34  171.00  157.40  131.10   89.70   74.85   73.98   85.89   88.26
  5 24 80 12 145  287.40  292.40  293.10  293.50    2.24    2.14    2.10    1.77  230.50  234.50  235.40  228.50   18.73   25.35   30.08   37.00
  5 24 80 13 145  287.50  293.20  293.70  294.30    2.48    2.35    2.22    1.93  227.30  224.80  226.10  221.40   12.85   19.20   22.79   27.40
  5 24 80 14 145  287.20  294.00  294.60  295.10    2.72    2.58    2.40    2.05  223.30  226.40  232.50  225.50   13.97   16.76   19.53   20.83
  5 24 80 15 145  287.40  294.50  295.10  295.70    3.63    3.52    3.32    2.73  241.90  241.70  247.10  237.90    6.60    6.21    9.35   12.55
  5 24 80 16 145  287.70  294.60  295.20  295.90    4.68    4.55    4.35    3.57  250.70  249.50  251.70  246.00    5.80    5.44    5.35    6.17
  5 24 80 17 145  288.10  294.30  294.80  295.40    4.47    4.60    4.45    3.64  278.50  282.40  284.70  279.40   13.22   17.54   18.77   19.80
  5 24 80 18 145  287.60  294.50  295.00  295.50    3.57    3.45    3.26    2.79  309.50  311.90  312.30  306.90    8.84    9.91   10.06   10.87
  5 24 80 19 145  287.30  294.50  295.00  295.40    1.94    1.95    1.88    1.62  316.10  315.20  315.50  309.70    8.32    9.08    9.79    8.79
  5 24 80 20 145  287.40  294.40  294.90  294.60    2.67    2.69    2.38    1.46  305.30  306.70  308.10  305.30    3.17    2.99    3.46    5.71
  5 24 80 21 145  287.60  294.00  294.20  293.60    2.18    2.07    1.84    1.27  335.00    6.82   21.67   17.77   21.28   44.48   54.80   58.09
  5 24 80 22 145  287.80  293.60  293.70  292.50    1.02    0.50    0.67    0.81  351.00   36.41  119.70  152.40    9.21   55.49   24.04   16.79
  5 24 80 23 145  287.80  293.40  293.50  292.40    0.91    0.89    1.07    1.18  331.70  284.20  234.30  224.90   27.61   60.31   74.28   24.87
  5 24 80 24 145  287.50  293.30  293.20  291.90    1.27    0.89    0.79    0.91   10.23  333.90  274.90  198.40   32.05   37.31   73.90   42.77
  5 25 80  1 146  287.60  292.60  292.50  291.10    1.85    1.73    1.64    1.30  309.60  287.80  257.30  232.50   79.18   78.69   91.75   32.87
  5 25 80  2 146  287.40  292.80  292.30  291.00    2.27    1.87    1.12    0.45  279.90  275.00  278.30  350.40    7.32    5.96   15.32   64.96
  5 25 80  3 146  287.00  292.50  292.00  290.70    2.65    2.85    1.93    0.98  322.40  310.50  317.90  336.50   12.18   13.19   17.80   32.39
  5 25 80  4 146  286.80  292.30  292.10  290.40    2.65    2.60    2.16    0.93  324.00  331.50  342.60  352.80    4.82    6.69   16.37   40.29
  5 25 80  5 146  287.00  292.20  291.40  290.50    3.49    2.22    1.84    1.15  320.40  338.90  351.20  356.10    5.10   10.20   13.58   28.94
  5 25 80  6 146  287.30  291.60  290.50  290.30    3.55    2.71    2.24    1.74  357.70    5.91    4.57  356.40   18.62   13.75   15.15   13.48
  5 25 80  7 146  286.80  291.60  290.30  290.40    4.41    2.67    2.25    1.91   25.51   31.05   20.60    7.81    5.08   11.23   15.23   14.79
  5 25 80  8 146  287.40  291.50  291.90  292.40    2.40    2.08    2.03    1.89   26.24   24.65   25.77   18.38    8.08    9.97   12.51   15.26
  5 25 80  9 146  288.00  292.80  293.30  293.90    3.29    3.24    3.12    2.77   24.58   22.84   21.12   12.67    6.96    8.09   10.44   11.23
  5 25 80 10 146  288.20  294.00  294.60  295.20    4.15    3.99    3.82    3.48   46.53   45.90   46.16   39.00    6.03    5.82    6.39    7.37
  5 25 80 11 146  288.30  295.70  296.20  296.90    3.86    3.66    3.44    3.12   57.43   58.09   61.81   55.73    6.81    8.70   10.36   11.88
  5 25 80 12 146  288.00  296.80  297.40  298.00    3.90    3.73    3.59    3.29   66.79   66.55   67.67   59.98   14.73   15.84   16.48   19.49
  5 25 80 13 146 -999.99 -999.99 -999.99 -999.99 -999.99 -999.99 -999.99 -999.99 -999.99 -999.99 -999.99 -999.99 -999.99 -999.99 -999.99 -999.99
  5 25 80 14 146 -999.99 -999.99 -999.99 -999.99 -999.99 -999.99 -999.99 -999.99 -999.99 -999.99 -999.99 -999.99 -999.99 -999.99 -999.99 -999.99
  5 25 80 15 146 -999.99 -999.99 -999.99 -999.99 -999.99 -999.99 -999.99 -999.99 -999.99 -999.99 -999.99 -999.99 -999.99 -999.99 -999.99 -999.99
  5 25 80 16 146 -999.99 -999.99 -999.99 -999.99 -999.99 -999.99 -999.99 -999.99 -999.99 -999.99 -999.99 -999.99 -999.99 -999.99 -999.99 -999.99
  5 25 80 17 146 -999.99 -999.99 -999.99 -999.99 -999.99 -999.99 -999.99 -999.99 -999.99 -999.99 -999.99 -999.99 -999.99 -999.99 -999.99 -999.99
  5 25 80 18 146 -999.99 -999.99 -999.99 -999.99 -999.99 -999.99 -999.99 -999.99 -999.99 -999.99 -999.99 -999.99 -999.99 -999.99 -999.99 -999.99
  5 25 80 19 146 -999.99 -999.99 -999.99 -999.99 -999.99 -999.99 -999.99 -999.99 -999.99 -999.99 -999.99 -999.99 -999.99 -999.99 -999.99 -999.99
  5 25 80 20 146 -999.99 -999.99 -999.99 -999.99 -999.99 -999.99 -999.99 -999.99 -999.99 -999.99 -999.99 -999.99 -999.99 -999.99 -999.99 -999.99
  5 25 80 21 146 -999.99 -999.99 -999.99 -999.99 -999.99 -999.99 -999.99 -999.99 -999.99 -999.99 -999.99 -999.99 -999.99 -999.99 -999.99 -999.99
  5 25 80 22 146 -999.99 -999.99 -999.99 -999.99 -999.99 -999.99 -999.99 -999.99 -999.99 -999.99 -999.99 -999.99 -999.99 -999.99 -999.99 -999.99
  5 25 80 23 146 -999.99 -999.99 -999.99 -999.99 -999.99 -999.99 -999.99 -999.99 -999.99 -999.99 -999.99 -999.99 -999.99 -999.99 -999.99 -999.99
  5 25 80 24 146 -999.99 -999.99 -999.99 -999.99 -999.99 -999.99 -999.99 -999.99 -999.99 -999.99 -999.99 -999.99 -999.99 -999.99 -999.99 -999.99
  5 26 80  1 147  285.20  293.60  293.40  293.10    5.93    4.07    3.34    2.27   55.60   41.58   37.23   18.26    2.88    5.19    4.86    6.35
  5 26 80  2 147  285.40  292.60  292.40  292.20    6.60    4.32    3.55    2.57   62.03   49.84   47.92   32.56    6.61    8.88   10.66   13.97
  5 26 80  3 147  285.60  291.90  291.70  291.60    7.55    4.97    4.11    3.13   70.62   61.07   56.58   42.34    5.10    6.14    9.14   14.80
  5 26 80  4 147  285.60  291.50  291.30  291.30    8.00    5.58    4.41    3.38   79.41   72.92   71.12   61.92    1.50    2.64    2.91    3.49
  5 26 80  5 147  285.60  290.90  290.80  290.80    7.64    5.86    4.94    3.82   81.00   75.06   75.37   67.68    1.96    1.36    1.61    1.98
  5 26 80  6 147  285.20  290.30  290.30  290.50    7.28    5.47    4.65    3.71   82.56   78.73   79.61   71.10    1.06    1.03    1.57    1.94
  5 26 80  7 147  285.20  290.50  290.90  291.30    6.03    5.01    4.53    3.98   89.62   83.73   82.91   74.22    1.68    1.59    1.87    2.09
  5 26 80  8 147  285.30  291.30  291.80  292.30    5.47    5.08    4.90    4.52   91.35   85.51   84.72   75.75    1.55    2.88    3.26    3.89
  5 26 80  9 147  285.30  292.10  292.70  293.30    5.60    5.53    5.42    4.86   92.81   91.47   92.22   83.21    2.04    2.81    4.02    3.46
  5 26 80 10 147  283.60  293.70  294.30  295.00    4.58    4.46    4.28    3.80  102.80  102.10  103.50   94.16    6.18    7.09    7.78    7.18
  5 26 80 11 147  284.30  295.10  295.70  296.30    3.31    3.22    3.15    2.91   97.32   97.34   97.69   89.76    7.07    7.67    7.22    7.72
  5 26 80 12 147  285.10  296.70  297.20  297.80    4.03    3.74    3.57    3.28   79.56   79.68   80.47   75.85   12.95   13.89   13.00   12.15
  5 26 80 13 147  281.70  298.00  298.60  299.30    5.86    5.56    5.28    4.81   69.82   70.39   70.73   67.45    4.54    5.58    5.69    7.20
  5 26 80 14 147  279.10  298.60  299.10  299.80    5.90    5.54    5.23    4.80   71.64   69.64   69.88   66.25    7.52    8.89    9.31    9.50
  5 26 80 15 147  274.50  299.00  299.50  300.10    4.94    4.70    4.52    4.19   72.74   73.19   73.93   70.23    7.58    7.95    7.58    7.18
  5 26 80 16 147  275.00  299.20  299.70  300.30    4.42    4.09    3.94    3.65   76.52   76.81   77.56   73.85   12.25   13.65   13.79   15.44
  5 26 80 17 147  274.30  299.30  299.70  300.20    4.51    4.27    4.02    3.49   67.92   68.59   69.65   64.65    5.88    6.23    5.59    6.62
  5 26 80 18 147  274.20  299.00  299.40  299.60    3.37    3.16    2.86    2.36   72.37   70.41   70.58   66.68   14.23   13.11   12.68   11.26
  5 26 80 19 147  275.00  298.50  298.80  298.40    4.11    3.52    3.24    2.36   81.86   86.57   89.75   89.40   10.16    9.29    9.63   10.15
  5 26 80 20 147  276.00  297.70  297.40  296.30    6.54    4.75    3.69    2.27   77.97   82.39   86.52   87.87    5.92   11.62   13.18   14.84
  5 26 80 21 147  277.70  296.80  296.20  294.90    6.19    4.69    3.79    2.30  105.60   97.10   93.84   86.72   20.98   12.18    8.07    8.05
  5 26 80 22 147  279.10  296.00  295.50  294.10    5.01    3.05    2.42    1.41  156.40  157.10  146.10  115.00    2.30   11.15   17.00   16.57
  5 26 80 23 147  278.40  295.70  294.60  292.80    5.83    3.15    2.07    1.39  147.90  154.30  143.50   98.97    3.39    6.34   10.00   17.85
  5 26 80 24 147  279.00  294.90  293.80  291.30    6.47    3.90    3.07    1.68  138.20  133.80  119.60   96.68    3.00    5.27    6.74    7.97
  5 27 80  1 148  279.00  294.20  293.30  290.90    7.34    4.87    3.39    1.66  132.60  126.90  116.00  101.40    3.27    1.91    3.08    3.19
  5 27 80  2 148  278.80  293.70  292.20  290.30    8.83    5.70    3.81    1.73  137.10  129.30  124.80  115.10    1.40    1.79    3.62    5.98
  5 27 80  3 148  278.60  293.10  291.30  289.50   10.40    6.36    4.45    2.03  137.20  128.90  125.50  117.30    1.12    1.73    1.77    3.22
  5 27 80  4 148  278.30  292.50  290.50  288.80   10.33    6.19    4.29    2.12  136.10  125.80  122.00  114.10    1.89    1.39    2.97    4.72
  5 27 80  5 148  278.90  292.00  289.80  288.20    9.31    5.86    3.97    1.86  144.20  131.10  129.80  127.10    3.44    2.93    2.82    6.40
  5 27 80  6 148  278.90  291.80  289.10  288.40   10.10    6.63    4.95    2.73  142.60  128.50  126.80  119.90    2.71    2.47    2.30    3.54
  5 27 80  7 148  279.80  290.20  289.80  290.10    9.12    6.61    5.43    3.75  142.30  139.50  139.90  137.60    2.40    6.23    6.61    8.48
  5 27 80  8 148  280.90  291.00  291.40  292.00    6.03    5.72    5.52    4.72  157.40  155.80  157.30  152.80    4.84    4.59    4.93    5.23
  5 27 80  9 148  281.80  292.50  293.10  293.80    5.27    5.24    5.04    4.50  159.70  160.30  162.10  158.50    3.26    3.22    3.72    4.12
  5 27 80 10 148  282.10  294.00  294.60  295.30    5.04    4.94    4.80    4.37  164.20  164.10  166.20  161.70    9.67    9.17    8.85    8.52
  5 27 80 11 148  282.30  295.30  295.90  296.60    4.54    4.42    4.29    3.77  177.50  180.00  183.00  178.00    5.29    7.10    8.58    8.79
  5 27 80 12 148  282.00  296.20  296.80  297.60    4.72    4.54    4.37    3.86  159.00  157.90  159.10  153.70    7.21    9.64   11.03   10.96
  5 27 80 13 148  281.90  296.90  297.50  298.40    5.05    4.87    4.66    4.16  160.70  160.30  161.90  157.80    8.79    8.97    9.93    9.78
  5 27 80 14 148  281.30  297.60  298.30  299.00    4.72    4.54    4.37    3.89  156.90  157.70  159.20  156.00    7.28    7.74    9.28   11.17
  5 27 80 15 148  281.50  298.20  298.80  299.50    5.34    5.12    4.95    4.32  162.00  162.80  164.70  159.60    4.03    3.81    4.08    4.77
  5 27 80 16 148  281.80  298.60  299.20  299.90    4.99    4.91    4.62    4.08  163.80  165.50  166.90  162.40    8.15    8.96    9.84   11.03
  5 27 80 17 148  282.10  298.90  299.40  300.10    5.39    5.32    5.14    4.57  172.00  171.70  173.90  169.40    6.66    7.13    7.34    7.70
  5 27 80 18 148  282.50  298.60  299.20  299.70    4.77    4.58    4.44    3.90  168.80  170.00  171.80  167.00    9.19   10.74   11.66   11.84
  5 27 80 19 148  282.70  297.90  298.40  298.60    5.58    5.19    4.77    3.57  154.20  154.80  156.40  151.70    2.35    2.43    2.37    2.25
  5 27 80 20 148  281.90  297.60  297.50  296.60    6.69    5.57    4.40    2.16  149.40  146.70  143.60  137.90    3.51    3.79    5.53    6.91
  5 27 80 21 148  281.90  297.40  296.80  295.00    7.35    5.84    4.46    2.22  155.20  154.00  153.60  147.60    2.91    3.12    4.32    7.46
  5 27 80 22 148  283.10  296.30  295.50  294.00    8.76    6.34    4.87    2.40  157.60  154.40  151.90  145.80    6.65    9.12   12.07   16.62
  5 27 80 23 148  283.10  295.60  294.30  293.10    9.21    5.63    4.09    2.30  169.40  172.10  175.40  172.60    2.24    2.86    3.73    4.59
  5 27 80 24 148  282.90  295.90  294.20  292.40    9.31    6.36    4.77    2.31  163.00  159.10  155.20  146.40    2.24    3.51    4.63    7.80
  5 28 80  1 149  281.40  295.50  293.50  291.70    9.49    5.89    4.38    2.15  169.50  163.30  159.80  150.20    0.72    2.19    3.24    5.50
  5 28 80  2 149  281.80  295.10  292.90  291.10   10.56    6.69    4.95    2.68  171.80  164.80  161.00  153.40    0.60    1.51    2.46    2.92
  5 28 80  3 149  281.90  294.20  292.30  291.10    9.82    6.11    4.53    2.65  176.20  170.50  171.20  169.20    4.31    5.50    8.54   12.28
  5 28 80  4 149  282.00  294.00  291.80  290.40    9.68    6.07    4.34    2.49  181.70  174.60  174.60  168.30    2.11    3.88    6.14    9.96
  5 28 80  5 149  282.20  293.40  291.40  290.20   10.33    6.18    4.45    2.59  186.10  177.50  177.80  173.80    1.04    2.02    3.35    4.16
  5 28 80  6 149  282.40  293.20  291.40  291.00    9.89    6.32    4.88    3.53  190.40  179.50  178.90  173.60    2.12    3.62    6.16    7.38
  5 28 80  7 149  282.80  293.20  292.50  292.60    8.69    5.86    5.04    3.73  203.70  199.30  201.70  197.10    4.81    5.26    5.21    5.46
  5 28 80  8 149  283.70  294.60  295.00  295.40    5.94    5.04    4.77    3.83  207.10  206.10  208.00  202.40    2.84    2.40    2.18    2.83
  5 28 80  9 149  284.30  295.40  295.80  296.30    5.20    4.89    4.62    3.78  209.00  206.50  208.20  203.20    4.34    4.72    5.64    4.90
  5 28 80 10 149  286.80  296.60  297.20  297.80    4.59    4.36    4.09    3.51  222.40  221.70  225.10  220.90    8.94   12.25   14.24   15.04
  5 28 80 11 149  288.40  297.20  297.80  298.70    5.36    5.24    5.06    4.16  246.90  249.90  254.20  249.10    3.46    4.43    4.81    5.65
  5 28 80 12 149  289.20  298.40  299.10  299.80    4.50    4.28    4.10    3.44  244.90  244.80  248.20  243.80    5.00    6.54    7.63   11.08
  5 28 80 13 149  289.10  299.50  300.10  300.90    4.75    4.49    4.18    3.58  219.70  218.60  221.10  214.80   14.26   17.25   20.27   21.72
  5 28 80 14 149  288.70  300.20  300.90  301.60    5.63    5.28    4.96    4.29  201.00  200.90  203.10  198.40   16.45   16.68   17.96   17.40
  5 28 80 15 149  288.00  300.80  301.40  302.20    6.92    6.57    6.31    5.54  179.50  182.10  184.10  178.70    7.45    9.43   10.20   12.00
  5 28 80 16 149  287.10  301.00  301.70  302.30    6.62    6.34    6.11    5.37  190.80  191.90  194.70  189.90   10.72   10.68    9.91    9.03
  5 28 80 17 149  286.40  301.20  301.80  302.50    6.66    6.47    6.18    5.35  190.60  192.30  194.30  188.40    6.06    6.49    7.13    6.64
  5 28 80 18 149  285.70  301.10  301.70  302.20    7.10    6.79    6.48    5.46  189.60  191.20  193.30  188.10    3.34    4.64    4.53    5.25
  5 28 80 19 149  285.20  300.80  301.20  301.10    7.40    6.62    5.79    4.44  190.10  190.20  190.80  185.30    2.22    1.02    1.07    1.29
  5 28 80 20 149  285.60  300.10  300.10  298.60    6.65    6.11    4.74    2.72  188.60  182.80  181.80  173.30    4.11    5.85    6.38    9.15
  5 28 80 21 149  284.40  299.70  299.00  296.40    8.06    6.80    4.85    2.57  190.70  176.90  170.90  163.90    1.57    1.94    1.62    5.10
  5 28 80 22 149  283.40  299.00  297.30  295.10    9.17    6.31    4.54    2.31  191.50  178.40  174.40  167.70    2.09    3.37    5.60    7.65
  5 28 80 23 149  282.80  298.50  296.40  294.80   10.45    6.36    4.64    2.60  193.30  182.10  178.30  170.10    2.11    3.96    5.91    9.39
  5 28 80 24 149  282.70  297.80  295.40  293.90    9.26    5.49    3.97    1.97  196.10  180.50  176.00  167.60    1.47    2.08    3.15    6.02
  5 29 80  1 150  283.50  297.20  294.70  292.90   10.32    6.14    4.28    2.12  210.30  195.50  191.50  188.20    4.73    6.10    6.70    8.52
  5 29 80  2 150  284.10  296.50  294.20  293.20    8.93    4.78    3.11    1.64  217.90  198.30  193.30  182.40    2.78    2.63    4.47    8.55
  5 29 80  3 150  284.60  296.00  294.10  292.90    8.17    5.56    3.83    2.11  218.40  194.70  190.30  186.20    1.77    3.24    3.39    5.65
  5 29 80  4 150  284.70  295.30  293.10  292.10    7.07    5.36    3.85    2.20  213.80  186.80  182.60  179.30    5.95    5.97    3.67    3.28
  5 29 80  5 150  284.60  294.90  292.60  291.80    7.79    6.07    4.50    2.78  207.40  183.80  182.50  179.40    5.13    1.82    2.58    2.37
  5 29 80  6 150  285.20  294.10  292.20  291.80    7.71    4.70    3.47    2.25  209.10  187.60  184.80  176.80    4.13    2.40    3.17    4.65
  5 29 80  7 150  286.20  293.70  293.30  293.60    5.95    4.18    3.48    2.69  214.60  201.10  201.90  196.20    3.63    5.00    5.72    6.30
  5 29 80  8 150  287.50  295.00  295.50  296.10    4.60    4.39    4.24    3.49  211.20  208.70  209.70  203.50    5.25    3.26    3.41    3.96
  5 29 80  9 150  288.10  296.50  297.00  297.80    4.70    4.54    4.34    3.69  210.30  210.60  211.10  206.70    3.10    3.91    4.35    4.88
  5 29 80 10 150  288.60  298.10  298.70  299.50    5.01    4.94    4.77    4.17  194.90  194.80  196.40  191.30    4.53    5.06    5.57    5.83
  5 29 80 11 150  288.90  299.10  299.60  300.50    6.49    6.44    6.17    5.50  190.90  191.90  194.10  188.70    6.27    7.01    7.26    8.05
  5 29 80 12 150  288.50  299.60  300.20  301.20    7.89    7.60    7.38    6.48  189.90  190.50  191.90  185.10    6.15    5.66    5.75    6.42
  5 29 80 13 150  287.60  300.10  300.80  301.80    8.41    8.16    7.87    6.81  188.20  189.80  192.00  187.80    6.69    6.70    6.51    6.59
  5 29 80 14 150  287.30  300.40  301.00  301.90    7.81    7.53    7.43    6.44  185.90  187.60  190.10  184.50    3.70    4.97    6.34    6.51
  5 29 80 15 150  287.50  300.50  301.10  301.90    6.68    6.57    6.26    5.38  196.70  198.40  200.50  194.90    5.15    5.14    5.33    5.81
  5 29 80 16 150  288.00  300.20  300.80  301.70    7.90    7.73    7.39    6.31  185.90  187.50  188.60  183.80    4.23    4.76    5.77    6.58
  5 29 80 17 150  288.90  299.60  300.20  300.90    7.63    7.40    7.18    6.28  183.50  184.40  186.40  180.60    5.34    5.27    4.83    4.02
  5 29 80 18 150  289.40  299.50  300.00  300.60    7.88    7.73    7.41    6.37  177.80  179.20  180.90  175.90    6.66    7.15    7.25    7.92
  5 29 80 19 150  290.20  298.30  298.90  299.20    8.46    7.89    7.39    6.19  168.60  168.70  170.50  165.00    3.14    2.93    3.34    3.49
  5 29 80 20 150  289.80  297.20  297.60  297.80    8.71    7.49    6.59    5.20  180.70  180.40  181.50  174.90    5.33    5.72    5.69    5.22
  5 29 80 21 150  290.30  296.00  296.40  296.50    9.75    8.18    7.24    5.74  177.80  176.70  178.20  172.40    5.55    5.80    5.83    5.53
  5 29 80 22 150  290.30  295.20  295.40  295.50    9.92    8.04    7.02    5.52  168.30  165.60  167.00  161.50    2.20    2.28    2.64    3.50
  5 29 80 23 150  290.20  294.80  295.00  295.10   10.95    9.04    7.95    6.18  178.20  176.20  177.80  172.30    2.23    2.72    2.85    2.77
  5 29 80 24 150  289.90  294.30  294.60  294.70   10.46    8.65    7.62    5.99  181.70  181.20  182.60  176.40    2.13    2.75    2.95    3.34
  5 30 80  1 151  289.80  293.90  294.10  294.30   11.01    9.03    8.01    6.27  181.80  182.30  184.30  179.20    1.77    1.87    1.69    2.30
  5 30 80  2 151  289.70  293.50  293.70  293.80   10.53    8.48    7.39    5.84  186.80  187.50  189.40  184.20    1.39    1.12    1.98    2.54
  5 30 80  3 151 -999.99 -999.99 -999.99 -999.99 -999.99 -999.99 -999.99 -999.99 -999.99 -999.99 -999.99 -999.99    2.65    2.32    3.02    1.49
  5 30 80  4 151 -999.99 -999.99 -999.99 -999.99 -999.99 -999.99 -999.99 -999.99 -999.99 -999.99 -999.99 -999.99 -999.99 -999.99 -999.99 -999.99
  5 30 80  5 151  289.80  293.20  293.50  293.70   10.02    8.31    7.29    5.77  186.80  186.10  187.70  181.90    0.97    0.63    1.15    1.56
  5 30 80  6 151  289.70  293.60  293.80  294.10   10.91    9.00    8.07    6.59  190.70  189.70  191.60  185.50    2.02    2.54    2.82    3.03
  5 30 80  7 151  289.80  294.30  294.80  295.40    9.67    8.79    8.31    7.01  187.70  187.40  189.00  182.80    3.01    3.66    3.35    3.83
  5 30 80  8 151  289.90  295.30  295.90  296.40   10.35    9.84    9.13    7.01  202.20  203.60  205.40  200.80    2.54    2.95    2.78    3.18
  5 30 80  9 151  290.10  293.80  294.30  294.80   11.41    9.81    8.37    6.31  206.30  205.40  207.10  201.70   14.89   17.17   17.02   17.63
  5 30 80 10 151  290.00  293.80  294.40  295.10   10.59    9.56    8.85    6.95  194.30  196.50  199.30  195.00    8.32    9.58    9.40   10.42
  5 30 80 11 151  290.20  294.90  295.50  296.60   12.78   12.46   11.83   10.08  184.40  185.60  188.30  181.90    6.41    6.58    6.62    7.22
  5 30 80 12 151  290.80  296.10  296.70  297.50   13.20   12.63   12.07    9.97  192.40  193.80  196.00  190.30    4.44    4.16    4.05    4.10
  5 30 80 13 151  291.10  297.20  297.80  298.90   14.51   14.08   13.32   11.02  192.10  193.60  196.00  189.40    1.98    2.16    2.24    2.06
  5 30 80 14 151  291.20  299.00  299.60  300.30   14.16   13.45   12.55    9.82  204.00  204.90  206.40  201.30    6.29    6.27    5.92    6.96
  5 30 80 15 151  291.40  300.00  300.60  301.50   13.26   12.55   11.59    8.90  207.20  208.70  211.20  205.30    5.30    6.20    5.88    4.40
  5 30 80 16 151  291.10  301.00  301.60  302.20   12.68   12.07   10.62    8.13  216.40  217.40  220.30  213.50    6.83    7.55    7.95    8.54
  5 30 80 17 151  290.80  301.30  301.90  302.40   13.60   12.86   10.97    7.71  224.40  225.80  228.50  222.90    2.38    2.33    2.61    4.60
  5 30 80 18 151  290.70  301.10  301.60  301.80   12.26   11.22    9.41    6.80  222.50  224.30  226.60  219.70    2.77    2.02    2.36    3.12
  5 30 80 19 151  288.20  300.90  301.30  301.30   10.18    8.87    7.87    5.80  246.50  247.60  251.20  244.40   14.59   14.19   14.34   13.85
  5 30 80 20 151  286.50  299.70  299.80  299.20    7.53    5.96    4.95    3.28  261.00  260.50  261.40  255.50    2.25    2.11    1.63    2.18
  5 30 80 21 151  286.40  298.70  298.10  296.90    7.84    5.35    4.18    2.20  252.30  246.30  245.20  235.40    2.78    4.42    4.37    5.46
  5 30 80 22 151  285.40  298.20  297.00  295.40    9.68    6.61    4.80    2.61  252.30  243.70  242.70  238.00    1.41    2.91    3.35    3.44
  5 30 80 23 151  285.10  297.00  296.00  293.90    8.60    6.39    4.13    1.85  247.20  234.60  231.30  231.20    1.56    3.11    2.67    3.03
  5 30 80 24 151  284.90  296.40  294.80  292.60    8.54    5.92    3.78    1.56  248.70  233.50  230.60  228.90    1.90    1.70    1.36    5.02
  5 31 80  1 152  284.70  296.00  294.00  292.10    9.82    6.68    4.39    2.06  244.20  232.80  232.60  228.70    2.10    2.29    2.08    3.07
  5 31 80  2 152  284.80  295.30  293.70  292.60   10.71    7.19    5.17    3.15  247.20  239.20  239.70  235.50    2.56    2.28    1.72    2.90
  5 31 80  3 152  284.80  294.00  293.30  292.80   10.23    6.69    5.49    3.98  267.20  264.00  265.50  258.00    7.74    8.33    8.47    6.67
  5 31 80  4 152  284.90  292.70  292.60  292.70    9.28    5.87    4.70    3.66  287.60  283.00  283.10  274.80    5.23    5.42    6.03    6.64
  5 31 80  5 152  284.70  291.70  291.40  291.20    9.06    6.47    4.88    3.32  299.90  298.30  297.90  293.10    1.44    3.07    4.59    4.97
  5 31 80  6 152  284.50  290.70  290.90  291.10    7.94    6.30    5.27    4.05  302.70  301.40  301.80  295.20    1.00    1.87    1.36    2.41
  5 31 80  7 152  285.00  290.50  291.10  291.70    6.51    6.19    5.76    4.73  313.30  315.30  315.10  310.40    4.57    6.12    6.24    6.97
  5 31 80  8 152  285.30  291.30  291.90  292.60    4.64    4.35    4.19    3.65  330.70  333.60  333.00  328.70    7.54    8.05    9.02    9.44
  5 31 80  9 152  285.00  292.40  293.00  293.60    3.55    4.27    4.62    4.23  350.70  354.50  354.50  349.60    5.09    4.42    4.80    6.10
  5 31 80 10 152  284.90  293.70  294.30  294.90    3.13    3.24    3.22    2.92   10.49   15.23   17.48    8.77   11.06   14.44   13.54   11.60
  5 31 80 11 152  284.70  295.10  295.70  296.30    1.74    1.67    1.67    1.59   74.28   84.40   91.72   93.38   55.04   51.82   50.73   50.14
  5 31 80 12 152  284.40  296.30  296.80  297.40    1.67    1.84    1.82    1.80   16.43   26.79   29.41   25.11   54.56   44.83   58.22   70.27
  5 31 80 13 152  284.60  297.40  298.00  298.70    1.98    2.10    2.13    2.03   12.70   16.22   16.26   14.63   17.84   21.02   19.80   20.39
  5 31 80 14 152  285.20  298.40  299.00  299.60    3.16    3.06    2.96    2.70  151.30  148.80  149.20  141.60   46.91   51.12   53.46   56.48
  5 31 80 15 152  285.30  298.70  299.30  300.00    3.93    3.53    3.34    2.97  184.80  184.10  185.00  180.90   15.40   18.39   18.53   16.61
  5 31 80 16 152  284.00  299.20  299.80  300.40    3.68    3.54    3.38    2.97  178.90  177.60  177.90  170.10   14.16   17.78   21.34   22.52
  5 31 80 17 152  284.80  299.20  299.80  300.30    3.00    2.74    2.64    2.23  190.10  192.50  193.30  188.00   11.77   11.55   13.20   18.79
  5 31 80 18 152  284.90  299.20  299.70  300.10    3.13    2.92    2.74    2.32  182.10  181.50  183.30  177.00   20.16   21.91   23.52   24.77
  5 31 80 19 152  283.90  299.20  299.60  299.50    2.67    2.68    2.57    1.89  186.20  185.80  187.20  183.70   10.89   11.45   11.22   11.82
  5 31 80 20 152  283.90  298.90  299.20  298.10    2.37    2.44    2.32    0.97  174.60  167.50  163.40  149.80    4.09    4.05    5.28    9.86
  5 31 80 21 152  284.50  298.50  298.50  297.30    2.31    1.94    1.49    0.69  162.80  161.10  159.50  166.30   16.83   15.33   20.86   34.40
  5 31 80 22 152  285.30  298.20  298.00  296.40    4.65    5.05    3.43    1.69  130.70  130.00  128.70  124.00    6.92    5.77   11.21   22.50
  5 31 80 23 152  286.40  297.30  296.70  296.00    8.20    6.90    5.36    3.65  160.80  161.30  166.20  163.50   11.31    8.25    6.68    5.50
  5 31 80 24 152  289.80  294.90  295.10  295.10   11.69    9.79    8.65    6.93  186.80  185.60  187.20  180.50    3.67    4.01    4.60    4.93
  6  1 80  1 153  289.50  294.10  294.30  294.30    9.42    7.88    6.86    5.21  184.00  183.60  185.30  178.30    5.48    6.19    7.33    7.43
  6  1 80  2 153  289.50  293.90  293.90  293.90   11.70    9.22    8.04    6.24  180.70  182.80  185.00  179.50    4.11    3.02    3.13    3.20
  6  1 80  3 153  290.50  294.00  294.30  294.40   13.06   11.00    9.76    8.05  167.00  168.30  170.90  165.40    4.12    6.03    6.58    7.49
  6  1 80  4 153  290.70  294.20  294.60  294.80   12.32   10.65    9.60    7.89  174.50  176.30  179.30  173.70    2.92    4.34    4.62    5.11
  6  1 80  5 153  290.80  294.30  294.70  294.90   13.10   11.23   10.27    8.41  177.20  183.90  186.40  179.80    5.69    2.44    2.83    2.28
  6  1 80  6 153  291.00  294.60  294.90  295.20   14.17   12.25   10.99    8.98  176.30  182.50  185.00  179.50    5.96    3.35    3.05    3.55
  6  1 80  7 153  289.60  293.70  294.00  294.50   10.68    9.39    8.64    6.79  218.90  223.60  227.80  223.80   71.32   71.48   69.35   68.98
  6  1 80  8 153  288.60  290.80  291.10  291.80    6.26    5.33    5.03    4.21  339.20  346.70  345.40  339.80   23.31   28.07   27.65   29.00
  6  1 80  9 153  289.60  290.70  290.90  291.10    3.40    2.42    2.16    1.63  260.90  228.50  215.40  198.30   43.13   57.99   60.79   67.95
  6  1 80 10 153  288.40  290.10  290.60  291.10    4.03    4.59    4.25    3.06  122.40  133.90  143.20  135.10   76.50   83.90   77.87   49.16
  6  1 80 11 153  288.90  291.30  291.50  292.00   11.39   10.84   10.16    8.65  172.60  175.50  178.30  173.40   13.49   12.25   11.54   11.56
  6  1 80 12 153  290.70  293.30  293.80  294.90   11.20   10.68    9.99    7.97  204.90  204.30  206.40  200.30    9.71    8.58    8.70    8.11
  6  1 80 13 153  291.20  295.60  296.50  297.10    8.45    7.53    6.65    5.33  217.70  216.10  217.90  211.60    2.72    3.10    4.15    3.92
  6  1 80 14 153  291.20  296.10  296.50  296.90    7.65    6.65    6.21    5.12  192.50  190.50  191.30  184.90   10.07   10.15    9.21    9.98
  6  1 80 15 153  291.60  296.10  296.60  297.00    8.04    7.13    6.75    5.98  174.20  174.50  176.30  171.70    2.13    2.28    2.14    1.87
  6  1 80 16 153  293.00  297.80  298.30  298.90    9.50    8.85    8.52    7.37  182.70  185.50  188.20  182.40    3.31    4.74    4.53    3.48
  6  1 80 17 153  293.70  299.20  299.70  300.10   10.14    9.42    8.80    6.48  201.90  203.40  205.20  201.20    2.93    3.25    2.95    3.83
  6  1 80 18 153  293.90  299.60  300.00  300.30   10.41    9.40    8.68    6.39  203.60  204.80  207.40  203.40    1.72    1.56    2.18    2.62
  6  1 80 19 153  293.10  299.10  299.30  299.40   12.37   10.54    9.46    7.05  195.70  197.80  199.70  194.20    4.66    4.14    4.12    5.05
  6  1 80 20 153  292.10  298.30  298.50  298.30   12.19    9.88    8.65    6.36  193.60  196.10  198.70  191.80    2.30    0.98    1.00    1.72
  6  1 80 21 153  291.90  297.60  297.60  297.40    9.84    7.60    6.41    4.81  191.20  191.10  192.30  185.90    2.05    2.22    2.65    2.77
  6  1 80 22 153  291.90  297.40  297.30  297.10   10.98    8.50    7.14    5.33  190.50  191.00  193.00  186.40    1.14    1.32    1.36    1.71
  6  1 80 23 153  291.60  297.20  296.90  296.60   12.39    9.58    8.03    5.87  191.20  191.60  193.40  186.50    1.43    1.94    2.75    3.04
  6  1 80 24 153  291.20  296.60  296.50  296.30   11.71    9.00    7.60    5.84  191.00  190.60  192.00  185.70    1.81    1.54    1.95    2.21
  6  2 80  1 154  290.90  296.40  296.50  296.40   11.53    8.92    7.74    5.65  195.20  195.40  198.00  191.50    1.63    1.11    1.70    2.47
  6  2 80  2 154  290.80  296.10  296.00  295.90   10.89    8.32    7.06    4.77  200.40  198.70  200.90  195.50    1.82    1.61    1.71    2.53
  6  2 80  3 154  290.60  295.40  295.50  295.40   10.15    7.64    6.39    4.44  203.80  203.40  205.20  199.60    4.62    6.00    5.48    6.83
  6  2 80  4 154  290.70  295.60  295.60  295.60    8.64    6.56    5.28    3.64  211.80  217.10  218.30  210.80    6.32    0.99    2.51    3.12
  6  2 80  5 154  286.80  292.20  292.50  292.70    6.32    5.70    5.20    4.28   21.71   26.16   26.95   19.07   39.97   40.25   39.39   35.94
  6  2 80  6 154  286.20  293.60  291.80  292.00    5.37    4.03    3.46    2.58   75.53   98.02  104.30   98.54   16.67   21.99   23.94   23.93
  6  2 80  7 154  286.80  293.90  292.60  292.70    6.71    4.74    4.02    2.79  116.30  124.00  126.00  119.20    7.85    9.06   10.60   13.58
  6  2 80  8 154  289.10  294.70  293.60  293.70    8.83    6.38    5.12    3.55  151.30  144.70  144.80  142.60   12.76    9.75    9.53    9.52
  6  2 80  9 154  290.70  295.10  295.40  295.80    9.14    7.76    7.02    5.88  171.20  168.70  170.00  165.30    4.40    5.87    6.32    7.23
  6  2 80 10 154  291.50  296.30  296.80  297.20   10.45    9.48    8.80    7.41  182.80  182.60  184.00  178.30    3.15    3.57    3.66    3.11
  6  2 80 11 154  292.00  297.80  298.30  298.90   11.94   11.22   10.32    8.06  202.50  202.40  204.60  200.00    6.41    6.06    6.45    7.18
  6  2 80 12 154  292.50  298.40  298.90  299.50    9.52    9.03    8.40    6.53  201.50  201.50  202.80  198.30    3.20    3.46    3.23    3.84
  6  2 80 13 154  289.90  295.00  295.20  295.50    8.24    7.49    6.74    5.36  129.20   89.49   88.85   82.46   78.70   80.24   81.16   81.06
  6  2 80 14 154  287.20  291.20  291.50  292.00    8.70    7.38    6.69    5.67   78.55   77.59   77.67   70.17    7.88    7.36    7.41    9.20
  6  2 80 15 154  288.40  292.50  292.60  293.10    6.99    5.71    5.21    4.65   97.03   91.35   90.44   81.07    7.17    4.70    5.37    5.05
  6  2 80 16 154  290.30  295.10  294.60  295.00    6.00    4.63    4.12    3.46  126.00  108.80  107.20   99.69   12.45   10.34    8.78    8.23
  6  2 80 17 154  291.90  299.00  298.70  298.80    7.90    6.37    5.60    4.25  180.00  165.20  161.30  150.70   15.83   29.93   35.19   38.67
  6  2 80 18 154  291.20  299.40  299.70  299.60   11.09    9.39    8.23    5.92  200.80  199.90  201.50  196.00    6.16    5.27    5.35    5.06
  6  2 80 19 154  290.40  298.90  298.90  298.60   10.17    7.89    6.67    4.47  201.50  201.50  203.50  198.00    2.25    2.91    2.12    2.31
  6  2 80 20 154  290.60  298.60  298.50  297.60    8.67    6.87    5.46    3.66  191.00  190.60  190.60  182.40    5.54    2.15    4.12    4.84
  6  2 80 21 154  290.90  298.40  298.10  297.00   10.38    8.93    7.18    5.10  183.70  188.50  188.40  182.00    9.99    1.22    1.13    2.34
  6  2 80 22 154  290.80  297.70  297.40  297.00   10.05    7.12    5.70    3.90  200.70  198.60  201.60  196.70    1.69    4.34    6.07    8.55
  6  2 80 23 154  290.80  296.50  296.50  296.40    5.16    3.22    2.55    1.87  208.80  210.10  207.10  199.80   23.95   47.19   62.96   70.87
  6  2 80 24 154  291.00  296.70  296.10  295.80   10.91    7.80    6.42    4.48  200.20  194.70  194.80  187.80    3.93    6.50    7.74    8.98
  6  3 80  1 155  290.80  296.20  296.00  295.90   10.55    7.76    6.30    4.39  212.10  210.90  213.00  207.60    3.21    4.00    4.75    4.52
  6  3 80  2 155  290.90  296.20  296.20  296.00    9.79    7.48    5.87    4.05  230.90  231.70  234.60  227.10    5.35    7.64    8.93   10.48
  6  3 80  3 155  291.10  295.70  295.60  295.40    9.46    6.86    5.83    4.02  245.70  249.60  252.70  248.30    4.35    5.60    5.70    6.35
  6  3 80  4 155  290.40  294.10  294.40  294.50    7.04    5.04    4.45    3.65  272.90  274.60  277.20  270.40    4.83    4.37    5.47    6.42
  6  3 80  5 155  289.40  293.00  293.30  293.50    8.22    6.20    5.40    4.28  283.10  286.70  289.20  285.30    3.39    2.85    2.17    2.21
  6  3 80  6 155  289.10  291.70  292.20  292.60    8.43    7.44    6.62    5.07  305.80  307.00  307.10  301.80    8.18    8.08    8.42    8.97
  6  3 80  7 155  288.30  291.60  292.10  292.50    6.62    5.95    5.37    4.32  322.50  324.30  323.80  318.00    5.84    6.77    6.29    5.54
  6  3 80  8 155  287.20  291.50  292.10  292.70    4.48    4.40    4.38    3.85  337.20  339.20  337.80  333.10    7.09    7.60    7.77    7.78
  6  3 80  9 155  286.80  291.90  292.40  293.10    3.46    3.64    3.81    3.53  342.20  347.40  347.70  343.50    6.39    7.79    8.45    7.96
  6  3 80 10 155  287.30  292.60  293.20  293.90    3.05    2.97    2.98    2.77  345.30  347.70  347.80  343.80    9.12    8.31   10.04   10.18
  6  3 80 11 155  287.50  293.40  293.90  294.50    3.14    3.62    3.62    3.33  357.70    1.68    1.38  355.50    5.18    6.12    7.35    8.79
  6  3 80 12 155  287.80  294.30  294.80  295.50    3.31    3.41    3.27    2.98    2.74    4.84    5.37  359.60    8.25   11.03   11.37   11.16
  6  3 80 13 155  288.00  294.90  295.50  296.10    3.79    3.89    3.72    3.38    8.71    9.65   10.00    4.82    4.64    5.25    5.90    6.40
  6  3 80 14 155  287.80  295.20  295.70  296.30    3.73    3.79    3.61    3.35    7.94    8.92    8.35    2.01    9.17    8.96    9.85   11.11
  6  3 80 15 155  287.80  295.60  296.10  296.80    3.51    3.64    3.49    3.21   11.55   13.06   13.66    8.78   11.72   13.36   13.54   14.18
  6  3 80 16 155  287.90  295.90  296.50  297.20    4.12    3.96    3.70    3.30   32.42   33.67   34.33   27.16   12.28   12.05   12.93   13.30
  6  3 80 17 155  287.50  296.10  296.60  297.10    3.78    3.49    3.34    3.02   44.60   44.99   44.99   36.27   12.54   14.58   15.85   16.61
  6  3 80 18 155  287.20  296.00  296.50  296.90    3.02    2.85    2.70    2.46   51.00   51.14   52.55   47.39    6.80    8.25    9.60   11.30
  6  3 80 19 155  286.90  295.80  296.20  296.50    3.30    3.14    2.86    2.31   63.83   63.97   64.68   56.98    4.40    5.75    5.54    5.95
  6  3 80 20 155  286.80  295.30  295.60  295.30    4.21    3.45    2.86    1.85   74.85   76.03   77.15   70.06    4.89    3.88    3.27    5.60
  6  3 80 21 155  286.80  294.60  294.50  294.10    6.45    4.93    3.86    2.60   80.22   77.99   75.78   66.41    1.26    1.87    3.20    5.20
  6  3 80 22 155  286.80  293.70  293.60  293.10    6.18    4.25    3.31    2.07   87.88   91.00   94.04   90.93    4.98    7.86   10.07   12.71
  6  3 80 23 155  286.30  292.80  292.80  292.40    7.22    5.39    4.31    2.96   88.99   93.52   95.60   87.28    4.30    9.46   12.52   16.50
  6  3 80 24 155  285.30  291.10  291.30  291.30    8.25    6.78    5.73    4.52   86.64   85.25   84.78   75.71    2.42    2.38    3.09    3.76
  6  4 80  1 156  283.60  290.20  290.40  290.50    8.70    6.95    5.99    4.69   91.69   91.22   92.52   83.78    3.08    3.58    3.78    4.63
  6  4 80  2 156  281.50  289.90  290.00  290.00   10.30    8.15    6.97    5.45   92.24   90.65   91.11   82.31    3.19    3.89    4.91    5.10
  6  4 80  3 156  280.20  289.50  289.60  289.60    9.95    7.82    6.78    5.30   95.16   95.31   96.34   87.89    2.63    3.66    4.26    5.90
  6  4 80  4 156  280.20  289.40  289.50  289.40    9.53    7.32    6.26    4.92   95.69   95.85   98.28   89.34    3.95    5.63    7.12    7.29
  6  4 80  5 156  280.40  289.30  289.30  288.60    5.92    4.27    3.23    1.85  119.40  129.10  137.90  142.90    7.39   10.63   14.21   20.65
  6  4 80  6 156  279.90  288.70  288.70  288.00    5.90    4.45    3.32    1.76  126.70  134.70  140.60  140.10    8.31   10.49   13.79   21.72
  6  4 80  7 156  279.50  288.70  288.50  288.30    5.90    3.73    2.66    1.55  131.80  132.40  129.70  121.00    7.40   10.52   12.33   15.56
  6  4 80  8 156  279.60  288.80  288.90  289.00    5.92    4.64    4.04    3.31   81.21   67.45   48.71   36.40   22.49   34.95   36.56   43.60
  6  4 80  9 156  281.00  288.40  288.60  288.70    4.32    4.39    3.94    3.19   21.82    1.86  354.10  342.30   40.38   42.03   43.57   45.51
  6  4 80 10 156  282.70  287.30  287.40  287.70    8.69    7.03    5.97    4.72  295.70  295.30  294.90  290.10   15.84   11.13    8.51    7.24
  6  4 80 11 156  282.60  288.10  286.80  287.20   15.38   12.31   10.84    7.96  107.20  103.10  107.00  101.10   73.96   73.08   73.31   72.13
  6  4 80 12 156  283.30  290.10  290.10  291.30   11.40   10.59    9.82    7.17  140.70  140.00  141.60  139.00    8.83    9.68    9.63    9.65
  6  4 80 13 156  285.20  292.70  293.20  294.00    6.40    6.25    5.85    4.56  144.20  141.60  143.30  140.60    4.78    3.96    5.62    5.85
  6  4 80 14 156  286.10  293.90  294.50  295.10    4.20    4.20    4.02    3.69   76.41   72.81   73.61   69.46   19.28   19.55   19.85   18.77
  6  4 80 15 156  285.40  292.90  293.50  294.20    6.69    6.46    6.18    5.47   81.32   78.80   79.11   75.42    6.51    7.63    8.33    7.69
  6  4 80 16 156  285.90  293.60  294.20  294.80    5.77    5.56    5.28    4.72   93.59   93.45   93.86   90.59    4.75    6.34    7.48    7.62
  6  4 80 17 156 -999.99 -999.99 -999.99 -999.99 -999.99 -999.99 -999.99 -999.99 -999.99 -999.99 -999.99 -999.99    1.13    1.69    2.66    2.57
  6  4 80 18 156 -999.99 -999.99 -999.99 -999.99 -999.99 -999.99 -999.99 -999.99 -999.99 -999.99 -999.99 -999.99 -999.99 -999.99 -999.99 -999.99
  6  4 80 19 156 -999.99 -999.99 -999.99 -999.99 -999.99 -999.99 -999.99 -999.99 -999.99 -999.99 -999.99 -999.99 -999.99 -999.99 -999.99 -999.99
  6  4 80 20 156 -999.99 -999.99 -999.99 -999.99 -999.99 -999.99 -999.99 -999.99 -999.99 -999.99 -999.99 -999.99 -999.99 -999.99 -999.99 -999.99
  6  4 80 21 156  286.00  291.80  292.00  292.10    9.37    7.39    6.47    4.75  110.30  110.30  110.80  106.60    3.16    4.30    4.08    3.78
  6  4 80 22 156  286.00  291.40  291.70  291.60    6.97    5.37    4.34    3.00  113.20  109.80  110.90  105.70    3.70    4.95    5.77    6.73
  6  4 80 23 156  286.10  291.10  291.20  290.90    6.22    4.67    3.64    2.34  117.40  111.70  110.20  103.10    4.13    6.63    8.66    9.17
  6  4 80 24 156  286.20  290.80  290.70  290.50    7.49    5.26    4.14    2.79  112.70  104.70  103.40   97.77    1.51    2.21    2.93    3.61
  6  5 80  1 157  286.20  290.80  290.60  290.30    7.67    5.25    4.05    2.50  120.40  114.10  114.20  107.50    2.60    3.12    3.91    4.46
  6  5 80  2 157  286.10  291.00  290.50  290.30    9.23    5.89    4.43    2.43  131.40  129.50  132.00  129.50    3.29    4.87    6.21    8.23
  6  5 80  3 157  285.70  291.30  290.90  290.60    9.60    6.41    5.02    3.25  143.40  143.10  145.70  144.30    3.73    5.01    5.26    5.75
  6  5 80  4 157  285.40  291.80  291.50  291.20    9.84    7.09    5.26    2.81  144.80  141.30  141.80  140.20    0.73    1.53    1.83    3.45
  6  5 80  5 157  285.50  291.60  291.50  291.20   10.20    7.37    5.60    3.08  142.60  138.50  139.70  136.20    1.68    1.94    2.30    3.13
  6  5 80  6 157  285.70  291.50  291.60  291.60   10.49    8.05    6.85    4.76  147.80  147.30  149.20  145.80    2.94    3.73    4.08    3.50
  6  5 80  7 157  286.10  292.00  292.20  292.50   10.71    8.97    8.11    6.20  154.60  153.50  155.50  150.10    2.31    2.48    2.67    2.51
  6  5 80  8 157  287.20  293.10  293.60  294.20   10.07    9.18    8.62    6.79  152.80  152.60  154.80  150.30    2.14    2.79    3.10    2.61
  6  5 80  9 157  288.20  294.10  294.60  295.30    9.23    8.92    8.37    7.06  157.40  157.70  160.70  156.20    5.80    6.39    5.83    5.78
  6  5 80 10 157  289.40  295.30  296.00  296.70    8.26    8.00    7.58    6.52  182.30  182.90  185.30  178.40    5.39    6.63    6.91    6.86
  6  5 80 11 157  290.80  297.10  297.70  298.50    8.77    8.49    8.15    6.86  190.90  192.20  193.90  186.60    3.63    2.92    2.96    3.51
  6  5 80 12 157  291.70  298.30  298.90  299.80    7.69    7.53    7.27    5.93  198.00  198.90  201.30  196.40    3.83    5.83    6.34    7.11
  6  5 80 13 157  291.90  299.10  299.70  300.50    8.14    7.87    7.44    6.38  191.10  191.90  194.40  188.20    4.87    4.70    5.22    5.45
  6  5 80 14 157  291.90  299.30  300.00  300.80    7.58    7.27    6.91    5.61  198.60  199.30  201.70  195.20    2.69    3.24    3.28    4.45
  6  5 80 15 157  291.20  300.70  301.40  302.10    8.24    7.90    7.37    6.05  200.00  201.30  203.40  196.90    5.74    5.12    5.10    4.84
  6  5 80 16 157  291.10  301.30  301.90  302.40    7.54    7.29    6.91    5.79  188.30  189.10  191.70  185.80    3.41    4.10    4.63    5.18
  6  5 80 17 157  291.30  301.70  302.20  302.60    8.34    7.91    7.44    6.22  182.80  183.10  185.30  178.20    4.99    5.46    5.57    5.47
  6  5 80 18 157  289.90  302.00  302.30  302.40    9.06    7.95    7.08    5.49  192.40  192.60  194.60  187.60    2.18    1.75    1.61    2.50
  6  5 80 19 157  290.50  301.30  301.40  300.90   10.00    7.99    6.70    4.87  186.00  185.40  187.40  180.80    2.66    2.46    2.08    2.22
  6  5 80 20 157  290.20  300.50  300.10  299.30   11.42    8.45    6.80    4.78  185.80  183.20  184.40  177.50    2.05    3.24    3.23    3.58
  6  5 80 21 157  290.20  300.00  299.20  298.10   12.02    8.67    6.93    4.66  185.10  178.80  178.50  171.80    1.99    2.09    2.06    2.21
  6  5 80 22 157  290.10  299.50  298.40  297.10   11.71    8.42    6.55    4.36  188.20  180.60  181.10  174.90    1.14    1.29    1.31    1.38
  6  5 80 23 157  290.40  298.40  297.40  296.40   11.74    8.27    6.46    4.37  194.80  187.70  187.50  180.70    2.62    2.92    1.81    2.18
  6  5 80 24 157  290.50  297.90  297.20  296.30   11.23    7.93    6.24    4.18  199.60  195.40  195.90  187.80    1.47    1.82    2.23    2.19
  6  6 80  1 158  290.50  297.40  296.80  296.20   10.35    6.90    5.42    3.40  209.50  204.80  205.40  197.10    3.02    3.76    3.48    4.72
  6  6 80  2 158  290.50  297.50  296.60  295.30    8.11    5.59    4.17    2.16  219.60  204.70  202.60  193.80    4.83    2.49    2.22    2.64
  6  6 80  3 158  290.40  297.50  296.30  294.60    7.93    5.59    3.98    2.13  227.40  209.30  203.30  193.70    2.27    2.01    3.00    5.42
  6  6 80  4 158  289.70  297.60  296.20  294.50    8.25    5.99    4.08    2.14  215.20  198.80  194.00  187.30    2.96    3.98    4.41    3.43
  6  6 80  5 158  289.60  297.60  295.80  294.50    8.40    6.30    4.49    2.69  207.00  187.50  184.50  178.10    3.18    3.27    3.16    3.39
  6  6 80  6 158  289.60  296.40  295.80  295.40    8.49    6.26    5.15    3.49  190.50  176.70  173.00  162.40   12.75   14.23   15.73   16.82
  6  6 80  7 158  289.80  295.40  295.50  295.50    5.62    4.87    4.33    3.09  129.10  113.30  108.50   99.47   41.51   42.11   41.33   39.90
  6  6 80  8 158  289.90  295.10  295.30  295.10    2.43    2.45    2.48    2.09   22.26   36.67   31.09    3.32   75.88   45.71   53.83   76.89
  6  6 80  9 158  290.40  295.30  295.50  295.90    8.23    7.13    6.34    5.07  198.70  201.70  205.30  200.40    9.37   22.87   31.06   34.22
  6  6 80 10 158  291.10  296.50  297.00  297.90   11.66   11.23   10.60    8.26  202.30  201.70  204.70  199.70    2.48    2.45    2.57    2.93
  6  6 80 11 158  291.70  297.70  298.30  299.00    9.28    8.73    8.15    6.44  206.00  205.90  208.90  203.10    4.62    4.41    4.58    4.29
  6  6 80 12 158  291.90  298.30  298.90  299.50    7.33    6.89    6.00    4.75  225.80  226.10  230.40  224.80    6.06    6.15    6.74    6.53
  6  6 80 13 158  292.50  298.90  299.50  300.10    5.87    5.42    4.84    3.89  222.00  223.30  226.10  221.00    4.76    4.40    5.95    6.83
  6  6 80 14 158  292.80  299.50  300.10  300.80    5.09    4.78    4.47    3.70  210.30  210.60  212.30  206.20    4.78    6.53    7.34    7.87
  6  6 80 15 158  293.10  300.80  301.50  302.20    5.34    4.99    4.67    3.98  207.40  208.60  211.60  205.50    5.20    6.53    6.47    7.17
  6  6 80 16 158  293.40  301.90  302.60  303.20    6.69    6.34    5.87    4.81  203.10  202.40  203.90  197.70    5.97    6.96    7.13    5.93
  6  6 80 17 158  293.30  302.80  303.30  303.80    8.10    7.60    6.98    5.41  196.20  197.60  200.00  196.20    3.21    3.41    3.38    4.46
  6  6 80 18 158  293.50  303.10  303.50  303.70    7.15    6.47    5.80    4.47  196.00  195.60  197.20  191.50    3.62    4.09    4.66    5.54
  6  6 80 19 158  293.40  302.50  302.70  302.30    6.22    4.69    3.79    2.55  195.90  191.60  190.20  179.60    4.66    6.81    9.28   11.30
  6  6 80 20 158  292.60  302.00  301.80  300.70    9.45    7.67    6.14    3.95  198.60  195.10  195.90  188.80    2.09    3.38    5.20    6.52
  6  6 80 21 158  292.60  300.90  300.40  299.40    8.36    5.59    4.31    2.63  193.10  185.30  181.60  167.30    2.94    5.17    7.10    8.81
  6  6 80 22 158  292.60  299.80  300.00  298.90    6.77    5.88    5.03    2.94  177.40  165.10  159.10  146.20    4.55    3.96    3.39    4.35
  6  6 80 23 158  292.50  298.80  298.80  297.70    7.51    6.13    5.00    3.08  195.50  181.60  176.10  168.00    7.69    8.65    8.81    8.21
  6  6 80 24 158  292.20  299.20  297.90  296.80   10.07    6.56    4.73    2.98  203.60  193.90  190.30  180.70    2.03    2.76    2.82    4.16
  6  7 80  1 159  292.00  299.00  297.60  296.50    9.88    6.14    4.36    2.36  208.60  200.20  199.50  193.70    2.79    4.83    5.66    7.52
  6  7 80  2 159  291.90  298.40  297.20  296.20    9.48    6.17    4.45    2.60  208.70  197.30  196.10  189.70    1.64    2.49    3.28    3.64
  6  7 80  3 159  291.70  297.40  296.50  296.10    9.03    6.25    4.80    3.00  209.50  197.70  197.90  191.60    1.70    2.25    2.73    2.57
  6  7 80  4 159  291.60  296.70  296.10  295.90    9.08    6.02    4.69    3.05  208.10  199.60  199.90  193.00    2.10    2.76    3.75    4.41
  6  7 80  5 159  291.60  296.90  296.30  296.10   10.16    7.14    5.58    3.65  211.70  204.70  206.20  200.60    2.82    3.92    3.66    4.05
  6  7 80  6 159  291.30  296.90  296.70  296.70   10.85    7.85    6.17    4.42  215.00  213.50  214.90  208.50    2.26    2.91    2.83    2.41
  6  7 80  7 159  291.50  296.80  297.10  297.40   10.04    8.05    7.03    5.47  212.10  210.90  213.40  205.40    1.55    1.98    2.14    3.31
  6  7 80  8 159  291.80  297.50  298.00  298.40   10.04    8.60    7.17    5.63  216.80  216.50  218.60  211.50    1.89    2.65    2.53    3.64
  6  7 80  9 159  292.20  298.40  299.00  299.50   11.03    9.99    8.36    6.44  219.50  219.60  222.00  214.50    1.28    1.14    1.48    1.72
  6  7 80 10 159  292.90  299.70  300.30  301.00   11.22   10.37    8.97    6.79  223.90  224.40  226.70  221.40    2.52    2.65    3.31    5.07
  6  7 80 11 159  293.40  300.70  301.40  302.20   10.83   10.01    8.76    6.59  220.00  221.10  224.80  216.90    5.77    5.94    6.61    6.84
  6  7 80 12 159  293.90  301.80  302.40  303.30    9.26    8.63    7.79    6.17  214.90  215.00  217.70  211.90    6.82    7.42    8.82   10.18
  6  7 80 13 159  294.40  302.10  302.60  303.20    9.03    8.23    7.18    5.47  237.90  238.50  242.00  238.50    8.68    9.54    9.60    9.89
  6  7 80 14 159  294.50  301.60  302.00  302.30    7.93    6.71    5.93    4.37  249.30  249.90  252.80  248.30    6.86    7.14    6.41    6.19
  6  7 80 15 159  294.70  301.10  301.30  301.50    9.19    7.60    6.73    4.79  256.20  255.20  256.40  249.30    1.66    2.23    2.48    3.31
  6  7 80 16 159  294.90  301.70  302.40  303.00   10.21    9.01    8.34    6.83  264.30  264.80  267.40  262.70    4.17    4.54    5.08    5.20
  6  7 80 17 159  294.90  301.70  302.20  302.70   10.78    9.19    8.15    6.49  292.00  294.50  296.10  289.20    8.40    8.15    7.30    6.82
  6  7 80 18 159  293.70  300.60  301.20  301.60   12.09   10.94    9.66    7.45  310.00  312.50  312.70  307.80    4.14    4.14    4.73    5.89
  6  7 80 19 159  292.00  299.80  300.20  300.40   10.07    8.74    7.84    6.15  329.60  332.20  332.10  326.20    6.75    6.91    6.75    7.25
  6  7 80 20 159  289.80  298.90  299.30  299.40   11.46    9.96    8.83    6.94  323.20  325.80  326.20  320.60    4.31    4.65    4.53    4.72
  6  7 80 21 159  288.50  296.70  297.10  297.30   13.64   12.24   11.00    8.74  321.70  324.00  324.10  318.30    3.22    3.16    3.01    3.29
  6  7 80 22 159  286.60  294.80  295.20  295.30   13.85   11.92   10.85    8.55  327.70  330.20  329.60  323.80    3.53    3.85    3.81    4.06
  6  7 80 23 159  286.20  294.10  294.50  294.50   11.55    9.99    8.82    6.94  324.00  325.60  324.70  318.70    1.30    1.56    2.56    2.28
  6  7 80 24 159  286.20  293.50  293.90  294.00   11.46    9.88    8.81    6.82  323.70  325.70  325.60  319.40    1.40    2.24    2.16    3.07
  6  8 80  1 160  285.20  292.30  292.60  292.80   11.22    9.64    8.74    6.75  327.40  328.90  328.50  323.10    2.16    2.45    2.29    2.81
  6  8 80  2 160  284.20  291.00  291.40  291.60   11.34    9.82    8.83    7.02  330.70  332.70  332.60  326.00    1.73    2.45    2.82    2.63
  6  8 80  3 160  283.90  290.10  290.50  290.80   10.16    8.77    7.99    6.29  330.70  332.40  331.80  325.20    2.80    2.84    2.86    3.41
  6  8 80  4 160  282.40  288.70  289.20  289.60   12.40   10.48    9.89    7.76  336.50  339.30  337.80  331.90    2.25    2.17    2.43    2.86
  6  8 80  5 160  280.00  287.10  287.60  287.90    6.94    6.83    7.20    6.14  346.80  347.80  346.60  341.20    4.91    4.58    5.33    6.95
  6  8 80  6 160  279.30  286.30  286.80  287.20    5.67    5.95    6.39    5.41  349.70  351.80  350.30  344.60    0.85    1.21    1.36    1.67
  6  8 80  7 160  279.40  286.10  286.70  287.30    5.55    6.25    6.47    5.61  348.10  350.20  349.60  344.10    5.50    6.13    6.42    6.30
  6  8 80  8 160  278.20  286.30  286.90  287.60    6.39    8.10    8.41    7.21  356.40  356.90  356.40  350.40    3.56    3.94    4.42    4.82
  6  8 80  9 160  275.90  286.90  287.50  288.20    8.09   10.27    9.95    8.56    2.45    4.17    3.53  357.40    3.60    3.67    3.74    3.45
  6  8 80 10 160  276.20  287.30  288.00  288.80    6.67    7.95    8.25    7.20  357.90  358.60  358.00  351.90    4.42    4.42    4.80    4.63
  6  8 80 11 160  276.90  287.90  288.60  289.50    6.29    7.19    7.54    6.55  352.10  353.50  353.50  348.40    5.96    6.28    7.20    6.60
  6  8 80 12 160  277.40  288.50  289.20  290.10    6.72    6.84    7.01    6.21  341.80  344.20  344.00  339.30    6.92    7.93    8.23    8.63
  6  8 80 13 160  277.90  289.20  290.00  290.90    7.18    6.77    6.64    5.76  333.80  336.40  334.80  330.70    6.28    7.57    7.90    8.87
  6  8 80 14 160  277.80  290.00  290.80  291.60    7.16    6.91    6.74    5.88  332.90  335.40  335.00  330.40    8.84    8.63    8.85   10.41
  6  8 80 15 160  277.80  290.60  291.30  292.20    6.88    6.51    6.12    5.26  324.60  326.80  326.00  320.90    9.09    9.65   10.30   10.83
  6  8 80 16 160  276.20  291.00  291.70  292.40    5.91    5.28    5.19    4.42  332.50  337.30  336.30  333.00    4.29    4.73    5.67    5.28
  6  8 80 17 160  275.70  291.20  291.90  292.50    5.48    5.15    4.87    4.24  328.40  332.20  332.10  326.80    7.80    8.92    9.58   10.18
  6  8 80 18 160  275.40  291.20  291.80  292.40    6.04    5.50    5.27    4.47  328.60  331.20  330.60  325.80    9.45    9.39    9.41    9.78
  6  8 80 19 160  275.90  290.90  291.50  291.90    6.11    5.70    5.21    4.15  315.40  317.30  317.40  312.00    5.73    7.00    6.99    7.77
  6  8 80 20 160  276.30  290.60  290.90  290.80    4.69    3.96    3.15    2.11  304.90  303.60  300.80  293.90    8.49    8.87    9.80    8.79
  6  8 80 21 160  276.70  290.30  290.40  289.60    5.34    4.09    3.51    2.44  281.80  275.00  271.40  250.60    2.80    6.31    7.04   11.11
  6  8 80 22 160  276.40  290.40  289.70  288.60    7.65    5.78    4.83    3.47  273.10  267.20  264.30  249.30    2.09    1.76    1.52    1.71
  6  8 80 23 160  276.90  289.60  288.60  287.90    9.26    6.47    5.50    3.67  268.80  263.00  261.30  251.00    1.15    1.52    1.54    1.30
  6  8 80 24 160  277.20  289.40  288.10  287.40    9.98    6.89    5.70    3.80  266.00  259.40  258.90  251.50    1.36    1.88    1.30    1.41
  6  9 80  1 161  277.80  288.40  287.60  287.00    9.27    6.31    5.07    3.32  267.00  260.70  259.90  249.40    2.51    3.69    2.95    3.83
  6  9 80  2 161  278.00  288.30  288.20  288.10    9.64    6.14    5.34    4.12  276.80  274.70  273.60  265.50    2.83    4.59    6.37    8.81
  6  9 80  3 161  278.20  287.90  287.90  288.00    9.47    5.24    4.80    4.09  281.40  278.70  280.20  274.70    1.85    1.95    2.78    4.97
  6  9 80  4 161  278.50  286.90  286.70  286.60    8.74    5.91    5.32    4.12  279.20  273.40  268.80  258.00    2.56    3.97    3.07    3.55
  6  9 80  5 161  278.40  286.70  286.30  286.10    9.85    7.05    5.98    4.70  275.20  268.50  265.80  255.10    1.78    1.37    0.88    1.28
  6  9 80  6 161  278.50  286.70  286.70  286.80    8.95    6.31    5.68    4.44  275.60  270.20  268.50  257.90    3.66    3.97    2.83    2.46
  6  9 80  7 161  279.00  287.60  288.00  288.40    7.87    6.08    5.48    4.44  284.40  282.50  283.20  276.60    4.31    6.27    7.04    7.97
  6  9 80  8 161  279.70  289.30  290.00  290.70    7.47    6.55    6.13    5.09  284.10  286.60  288.90  284.20    2.36    2.81    2.91    2.85
  6  9 80  9 161  279.80  291.20  291.90  292.70    8.63    7.75    7.16    5.94  286.90  290.70  293.10  287.30    1.74    2.58    2.86    3.15
  6  9 80 10 161  280.00  292.60  293.30  294.20    9.69    8.95    8.19    6.63  292.50  295.40  296.60  290.10    3.14    4.21    4.43    5.06
  6  9 80 11 161  279.40  293.50  294.30  295.30   10.63    9.81    8.89    7.17  297.30  300.10  300.60  293.90    4.22    4.57    5.21    5.42
  6  9 80 12 161  278.10  294.30  295.10  296.10   11.30   10.22    9.44    7.64  295.60  298.80  300.20  293.40    5.29    5.29    4.87    6.68
  6  9 80 13 161  278.10  295.00  295.80  296.80   11.57   10.45    9.64    7.81  295.10  297.90  299.10  293.70    5.51    6.00    6.52    5.89
  6  9 80 14 161  278.20  295.70  296.50  297.40   10.96    9.77    9.09    7.38  293.70  296.60  297.20  290.00    6.62    7.28    6.51    8.02
  6  9 80 15 161  278.30  296.20  297.00  298.00   11.50   10.24    9.25    7.38  293.00  295.70  297.60  291.50    5.37    6.20    5.90    5.69
  6  9 80 16 161  278.60  296.60  297.30  298.10   10.81    9.40    8.54    7.00  287.20  289.30  291.70  286.80    4.84    5.60    5.84    6.35
  6  9 80 17 161  278.90  296.80  297.60  298.30   10.52    8.54    7.65    6.16  280.60  282.50  284.30  277.50    5.37    5.23    5.02    5.80
  6  9 80 18 161  279.40  296.80  297.40  298.00   11.22    9.42    8.38    6.75  287.80  290.30  291.50  287.20    5.21    5.28    5.35    5.48
  6  9 80 19 161  280.00  296.50  297.00  297.40    9.03    6.82    6.04    4.87  280.90  282.60  284.40  278.40    3.33    4.19    4.43    5.01
  6  9 80 20 161  280.50  295.70  295.90  295.80    8.48    6.44    5.52    3.94  264.20  262.40  262.70  255.60    6.03    6.76    6.89    4.53
  6  9 80 21 161  280.70  294.60  294.30  294.00   10.49    7.30    5.95    3.94  254.70  251.40  253.30  246.00    1.13    1.14    1.52    2.68
  6  9 80 22 161  280.70  293.80  293.30  292.90   11.29    7.73    6.42    4.36  251.20  248.60  249.10  241.70    0.83    1.17    1.43    2.65
  6  9 80 23 161  280.50  293.50  293.40  293.20   11.61    8.76    7.53    5.26  260.90  259.40  260.80  254.60    3.52    3.87    4.35    3.78
  6  9 80 24 161  280.30  293.10  293.30  293.40   10.46    7.35    6.34    4.98  271.60  271.30  271.10  263.70    4.30    4.95    4.21    2.96
  6 10 80  1 162  280.50  292.20  292.30  292.30    8.90    5.78    4.89    3.75  284.60  285.80  286.60  280.00    8.90   10.05   12.53   14.63
  6 10 80  2 162  280.90  291.70  291.50  290.70    7.31    5.18    3.71    2.14  309.30  308.60  305.20  299.50    3.76    2.96    4.78    8.84
  6 10 80  3 162  281.20  291.20  290.90  290.50    6.42    4.91    3.94    2.76  302.50  289.80  284.80  270.20    3.87    5.96    4.42   11.04
  6 10 80  4 162  281.40  291.00  290.50  289.40    5.68    5.83    4.33    2.76  326.00  310.50  305.30  301.60   10.65   11.16   11.26   13.66
  6 10 80  5 162  281.50  289.90  289.70  288.20    2.71    3.76    2.96    1.94  350.60  339.20  334.20  319.40    8.40   11.36   11.58   11.31
  6 10 80  6 162  281.50  290.90  289.60  288.20    0.97    1.53    1.63    1.69  326.80  284.80  277.60  254.60   50.91   60.29   41.69   31.29
  6 10 80  7 162  281.90  291.90  290.50  290.20    2.44    2.94    2.94    2.51  250.20  256.20  254.30  246.00    7.19    8.68    7.24    6.86
  6 10 80  8 162  282.80  292.10  291.90  292.50    3.45    3.33    3.23    2.83  260.20  252.60  253.70  245.80    7.47    9.03   10.22   14.03
  6 10 80  9 162  283.60  293.70  294.10  295.00    3.64    3.54    3.46    2.98  272.20  268.00  270.40  263.70    3.88   12.92   15.54   17.21
  6 10 80 10 162  282.00  294.50  295.20  296.10    6.37    6.10    5.78    4.94  301.00  303.50  305.10  300.00   10.22   10.41    9.94   10.78
  6 10 80 11 162  280.80  294.80  295.60  296.50    8.49    7.92    7.45    6.03  317.90  320.10  320.60  316.50    8.86    9.54    9.36    9.60
  6 10 80 12 162  280.30  294.80  295.60  296.60    9.98    9.46    8.81    7.37  329.60  332.40  332.80  328.10    5.64    5.21    4.96    6.45
  6 10 80 13 162  281.10  294.50  295.30  296.20    8.28    7.88    7.72    6.52  339.30  341.70  342.50  336.90    6.07    5.99    6.71    7.31
  6 10 80 14 162  280.70  294.00  294.80  295.60    8.66    8.67    8.59    7.29  343.40  345.20  346.30  340.10    7.63    8.84   10.03    9.66
  6 10 80 15 162  278.20  294.00  294.60  295.30    5.80    7.18    7.33    6.47  354.00  355.30  354.90  348.70    7.83    7.56    7.96    8.30
  6 10 80 16 162  277.40  293.90  294.60  295.30    6.50    6.76    6.83    6.05  344.90  347.30  348.50  343.80   10.15    9.37   10.13   10.80
  6 10 80 17 162  276.60  293.80  294.50  295.10    4.93    5.25    5.46    4.69  347.80  349.90  349.70  345.80    4.83    4.13    4.39    4.85
  6 10 80 18 162  275.20  293.70  294.30  294.70    4.75    5.63    6.11    5.27  350.90  353.40  353.80  349.60    3.94    4.87    4.82    4.84
  6 10 80 19 162  274.40  293.20  293.70  294.00    4.03    4.71    4.85    4.04  353.50  355.80  355.80  351.30    4.84    4.11    4.09    3.41
  6 10 80 20 162  273.60  292.50  292.60  292.20    5.65    5.02    4.03    2.82   12.52   11.69   10.39    4.46    7.72    5.82    6.52    5.15
  6 10 80 21 162  273.10  291.90  291.70  290.60    7.87    5.61    4.49    2.79   27.79   24.69   23.64   14.68    7.06    6.47    7.57    7.48
  6 10 80 22 162  272.90  291.10  290.60  289.70    8.82    5.91    4.54    2.99   46.31   45.99   47.34   38.29    3.52    5.81    6.62    7.84
  6 10 80 23 162  273.20  289.90  289.10  288.50    8.97    5.52    4.19    2.95   62.51   61.13   62.40   56.67    6.69    6.44    6.71    9.60
  6 10 80 24 162  275.30  288.50  287.80  286.60    9.21    6.33    4.85    3.10   97.54   92.70   91.05   82.52   13.39   11.48   10.28    9.59
  6 11 80  1 163  276.60  287.10  286.80  285.30    8.73    6.09    4.61    2.41  115.30  112.60  111.90  102.00    3.50    3.24    4.26    4.76
  6 11 80  2 163  276.70  286.70  286.10  284.70    8.55    5.43    3.88    1.75  125.80  122.70  123.20  120.80    2.99    2.32    3.05    5.90
  6 11 80  3 163  276.60  286.50  285.40  283.40    8.80    5.21    3.41    1.39  135.50  131.90  135.20  147.40    2.10    3.53    5.31   21.74
  6 11 80  4 163  276.60  285.70  284.80  283.40    7.31    4.61    3.17    1.29  136.50  128.80  126.70  122.40    2.23    3.52    3.61    8.94
  6 11 80  5 163  275.50  286.20  285.10  283.00    8.15    5.06    3.42    1.67  154.20  158.60  164.70  181.40    6.08    7.33   11.20   15.90
  6 11 80  6 163  276.00  285.90  284.70  283.20    7.42    4.71    3.43    1.74  175.90  188.60  202.90  208.80    2.71    6.38    7.92    5.27
  6 11 80  7 163  276.00  286.10  285.80  286.20    6.30    4.43    3.84    3.26  181.00  184.00  186.30  180.30    2.79    3.89    6.42    8.48
  6 11 80  8 163  277.40  287.80  288.40  289.10    3.74    3.77    3.73    3.41  190.80  187.10  188.90  183.70    3.88    4.95    5.14    6.86
  6 11 80  9 163  277.00  289.60  290.20  290.70    2.36    2.16    2.11    1.89  188.10  188.20  186.80  178.40    8.35   16.42   20.36   34.14
  6 11 80 10 163  276.10  290.70  291.30  291.90    1.73    1.67    1.56    1.53  125.70  111.20  107.20   98.95   33.88   52.69   46.87   39.05
  6 11 80 11 163  275.90  291.50  292.00  292.70    2.10    2.10    1.96    1.90   53.12   49.99   50.39   49.61   31.38   27.62   41.38   43.85
  6 11 80 12 163  276.10  292.10  292.70  293.50    2.28    2.34    2.14    1.93   90.51   98.10  100.50  101.70   46.98   54.69   59.74   62.70
  6 11 80 13 163  276.10  292.70  293.50  294.30    3.01    2.78    2.59    2.34   53.82   58.30   53.88   39.59   58.79   62.79   66.29   64.61
  6 11 80 14 163  275.90  293.50  294.10  294.80    3.39    3.18    2.95    2.72   60.59   55.20   54.59   45.69   12.22   18.90   22.97   24.02
  6 11 80 15 163  276.20  294.10  294.70  295.40    3.59    3.41    3.22    2.94   70.41   70.51   73.23   67.29   15.80   19.00   21.56   23.04
  6 11 80 16 163  276.00  294.50  295.20  295.90    3.58    3.47    3.22    2.86   97.68   97.80   99.33   92.34   22.80   24.60   25.55   28.09
  6 11 80 17 163  276.20  294.80  295.50  296.10    3.55    3.38    3.16    2.74  113.10  115.30  117.30  115.00   13.09   11.96    9.86    8.23
  6 11 80 18 163  276.50  294.90  295.50  296.00    2.78    2.60    2.38    1.95  134.20  133.30  133.50  127.80   12.19   14.61   17.25   18.82
  6 11 80 19 163  276.80  294.60  295.20  295.20    3.52    3.35    2.99    2.30  157.20  160.70  163.70  159.80    7.54    7.64    8.80   11.53
  6 11 80 20 163  276.80  294.20  294.60  292.70    4.73    4.65    4.18    2.31  166.80  169.40  170.30  169.10    3.20    2.80    2.61    7.08
  6 11 80 21 163  277.20  293.80  294.10  291.20    4.84    4.72    4.26    2.24  175.80  178.40  178.90  173.50    2.46    1.69    1.67   11.38
  6 11 80 22 163  277.20  293.40  293.60  290.00    5.27    5.10    4.07    2.27  171.90  172.40  171.30  153.50    2.59    2.70    3.86    5.88
  6 11 80 23 163  276.80  293.00  292.40  289.00    6.29    5.58    4.02    1.78  165.40  164.30  160.40  141.90    2.87    4.18    5.49    6.21
  6 11 80 24 163  276.50  292.20  290.90  287.90    8.77    6.59    4.84    2.09  150.90  146.90  139.50  131.80    3.12    3.00    3.92    3.53
  6 12 80  1 164  275.60  291.50  289.60  286.80    9.66    6.80    5.18    2.09  150.50  147.00  142.60  135.30    2.05    0.86    1.18    2.15
  6 12 80  2 164  275.80  291.10  289.00  286.00    9.70    6.68    4.91    1.89  150.90  148.60  142.80  135.00    3.14    1.48    2.09    4.89
  6 12 80  3 164  275.70  290.80  288.60  285.70    9.76    7.01    4.89    2.12  147.70  143.80  137.60  130.10    1.37    1.28    1.74    3.53
  6 12 80  4 164  275.60  290.50  287.90  285.00   10.04    7.14    4.89    1.81  144.50  141.00  137.40  135.60    0.99    0.61    1.37    3.83
  6 12 80  5 164  275.90  289.80  287.30  284.20   10.44    7.09    5.20    1.85  152.30  147.10  143.20  137.20    3.25    3.84    2.39    3.61
  6 12 80  6 164  276.30  289.40  286.80  285.20   10.71    6.83    4.88    2.58  151.20  148.10  144.60  140.00    2.22    3.11    6.02    7.53
  6 12 80  7 164  277.50  288.10  287.80  288.20    7.12    5.07    4.42    3.35  155.20  153.60  153.30  148.90    1.68    2.88    3.90    3.87
  6 12 80  8 164  278.40  289.30  289.90  290.60    6.09    5.77    5.58    4.97  162.20  164.00  165.60  160.60    2.53    3.46    3.01    4.41
  6 12 80  9 164  278.30  290.70  291.30  292.20    6.68    6.49    6.27    5.40  159.20  161.00  163.40  159.80    3.63    4.00    4.53    5.25
  6 12 80 10 164  278.50  291.70  292.30  293.30    6.49    6.26    5.97    5.29  160.80  161.70  164.40  160.90    5.08    5.67    5.87    5.23
  6 12 80 11 164  278.20  292.70  293.30  294.30    6.97    6.73    6.39    5.65  160.50  162.60  164.90  161.70    6.38    8.35    8.75    9.16
  6 12 80 12 164  278.80  293.90  294.40  295.40    6.40    6.03    5.83    5.02  161.40  161.10  163.50  158.90    7.40    9.15   10.70   11.98
  6 12 80 13 164  278.70  294.80  295.50  296.50    6.25    5.94    5.54    4.90  162.30  163.90  164.80  161.40    6.49    7.29    8.37    7.70
  6 12 80 14 164  278.80  295.80  296.40  297.30    5.72    5.54    5.29    4.74  161.70  161.40  162.20  158.90    8.37    8.09    9.41    8.42
  6 12 80 15 164  279.10  296.50  297.10  298.00    5.90    5.75    5.38    4.57  153.60  152.80  154.50  151.60    5.41    7.07    7.48    5.47
  6 12 80 16 164  278.80  297.00  297.60  298.40    6.55    6.29    5.99    5.04  155.20  156.40  158.40  153.80    4.97    5.92    6.28    7.16
  6 12 80 17 164  279.10  297.30  297.90  298.50    6.64    6.33    5.99    4.92  152.40  152.70  154.40  151.40    8.25    8.61    9.10    8.19
  6 12 80 18 164  279.10  297.20  297.80  298.20    7.34    6.93    6.50    5.37  157.00  158.50  160.90  156.90    2.69    2.88    3.49    3.30
  6 12 80 19 164  279.30  296.80  297.10  297.00    6.95    5.86    5.11    3.78  158.50  160.40  162.90  159.30    3.49    3.96    4.61    5.09
  6 12 80 20 164  279.50  296.10  296.30  294.90    6.63    5.17    4.31    2.56  163.70  164.10  166.10  165.00    3.61    5.21    7.06   13.39
  6 12 80 21 164  279.50  295.50  294.90  292.40    9.13    6.64    5.42    2.30  156.60  149.20  145.90  139.00    1.34    2.45    4.11    5.34
  6 12 80 22 164  279.40  294.80  293.60  290.30   10.21    6.97    5.17    2.24  158.30  153.00  150.50  149.90    1.93    3.16    2.79    6.10
  6 12 80 23 164  279.30  294.00  292.60  289.80   11.61    7.68    5.72    2.69  160.20  156.20  154.70  151.50    1.25    2.37    4.23    6.86
  6 12 80 24 164  279.50  292.80  291.90  289.70    9.73    6.33    4.56    2.37  167.10  167.10  169.20  164.60    3.83    2.59    2.39    4.23
  6 13 80  1 165 -999.99 -999.99 -999.99 -999.99 -999.99 -999.99 -999.99 -999.99 -999.99 -999.99 -999.99 -999.99    1.14    2.15    4.80    7.20
  6 13 80  2 165  279.90  292.60  290.60  287.10   11.26    7.58    5.59    2.76  174.90  167.00  165.20  156.60    1.64    1.26    2.57    5.42
  6 13 80  3 165  280.10  292.40  290.10  287.10   10.97    6.27    4.42    2.11  177.90  172.50  165.80  155.50    0.96    1.62    2.92    7.18
  6 13 80  4 165  280.30  291.60  289.50  286.90    9.71    5.54    3.93    1.83  181.10  174.20  169.40  168.20    1.53    2.73    3.69    9.89
  6 13 80  5 165  280.50  291.20  289.20  287.00    9.98    6.30    4.64    2.45  176.50  165.00  162.80  154.90    1.42    1.99    2.90    5.46
  6 13 80  6 165  280.60  290.80  289.20  288.40   10.25    6.44    4.86    3.12  180.30  172.20  173.10  167.40    1.37    2.80    2.57    4.37
  6 13 80  7 165  281.20  290.40  290.50  290.90    8.84    6.58    5.91    4.83  182.30  179.80  181.10  176.30    3.43    5.40    5.02    5.05
  6 13 80  8 165  282.00  291.90  292.30  292.70    9.40    8.18    7.46    6.09  180.40  178.60  179.60  174.00    4.17    4.27    4.62    5.05
  6 13 80  9 165  282.20  293.30  293.80  294.20    9.47    8.38    7.79    6.33  186.80  187.00  189.50  185.20    9.47   10.17   10.86   11.59
  6 13 80 10 165  282.60  294.40  294.90  295.50    6.93    6.58    6.15    5.00  198.10  198.50  199.20  193.30    7.62    8.47    8.95    9.91
  6 13 80 11 165  282.90  296.40  297.00  297.90    6.34    6.15    5.88    5.05  199.80  200.30  201.70  197.20    7.39    9.07   10.13    9.43
  6 13 80 12 165  282.70  298.10  298.80  299.80    7.02    6.77    6.36    5.37  200.00  201.20  201.80  196.70    4.89    5.61    5.36    7.08
  6 13 80 13 165  283.40  299.20  299.90  300.80    5.82    5.53    5.16    4.55  198.40  199.00  200.80  194.90   10.99   11.23   12.53   13.65
  6 13 80 14 165  283.40  300.10  300.70  301.60    5.57    5.34    5.12    4.47  190.20  191.60  193.00  188.70    9.61    9.28    9.56   10.45
  6 13 80 15 165  282.30  300.60  301.20  302.00    6.82    6.48    6.19    5.39  172.50  173.50  175.60  172.00    7.22    8.25    8.48   10.64
  6 13 80 16 165  281.40  300.90  301.50  302.20    6.76    6.54    6.20    5.43  167.80  167.40  168.30  164.70    6.17    6.13    6.34    6.44
  6 13 80 17 165  282.10  301.10  301.70  302.30    7.89    7.55    7.18    6.00  172.70  174.20  176.30  171.50    5.45    5.96    6.99    7.64
  6 13 80 18 165  282.40  301.20  301.70  302.10    8.49    8.04    7.56    6.33  170.20  171.00  173.20  167.70    2.87    3.46    3.95    3.83
  6 13 80 19 165  282.70  300.70  301.00  300.80    7.62    6.45    5.52    3.94  159.40  158.60  159.80  153.70    5.33    5.44    5.11    4.67
  6 13 80 20 165  283.10  299.90  299.80  298.40    8.28    6.59    5.10    2.61  146.50  139.70  136.10  126.80    6.32    8.79    8.84    8.26
  6 13 80 21 165  283.40  299.30  298.30  296.50   10.86    8.18    5.76    2.68  149.30  141.70  140.10  137.30    2.80    3.58    4.49    4.05
  6 13 80 22 165  283.70  298.30  296.90  295.30   10.95    8.10    5.73    2.92  151.70  140.40  138.50  134.80    1.87    3.16    3.45    4.84
  6 13 80 23 165  282.80  298.00  295.90  294.60   10.72    8.01    5.85    3.28  161.80  148.70  149.40  148.00    5.94    6.29    7.54    9.23
  6 13 80 24 165  282.20  297.50  295.30  294.20   11.44    7.95    6.03    3.86  177.60  167.90  169.50  165.40    3.13    3.21    2.92    3.39
  6 14 80  1 166  282.30  297.00  294.60  293.80   11.43    7.42    5.60    3.62  187.70  178.30  179.60  174.60    2.65    2.37    2.41    2.25
  6 14 80  2 166  283.00  295.20  293.90  293.40   10.35    6.83    5.35    3.67  189.70  181.60  182.40  177.10    1.84    2.04    2.73    3.27
  6 14 80  3 166  282.70  294.60  293.40  292.40    8.79    6.20    4.71    2.85  194.10  175.80  173.10  166.80    2.73    5.35    7.20    9.91
  6 14 80  4 166  282.70  294.60  293.50  291.80    7.79    5.72    4.16    2.16  198.50  174.60  167.40  158.00    4.72    3.53    1.84    4.29
  6 14 80  5 166  283.20  294.80  293.50  291.20    6.95    5.22    3.71    1.69  212.70  186.60  177.30  174.40    5.51    4.98    7.37   15.35
  6 14 80  6 166  284.10  294.40  293.50  292.30    6.22    4.61    3.26    2.05  267.30  250.80  252.50  256.60   27.67   36.64   37.22   36.07
  6 14 80  7 166  285.10  292.30  291.80  291.40    3.91    2.94    2.82    2.27  319.20  306.20  301.90  275.70   33.10   51.00   65.76   88.90
  6 14 80  8 166  285.70  292.70  292.20  292.30    4.08    3.20    3.06    2.82  115.30  149.20  162.40  167.00   53.64   70.53   67.29   55.70
  6 14 80  9 166  288.10  293.90  294.40  295.10    5.88    5.89    5.72    5.13  173.60  175.20  177.30  171.70    7.01    6.03    6.25    6.58
  6 14 80 10 166  288.30  297.40  298.00  298.70    7.01    6.47    5.90    4.88  207.60  207.00  209.50  203.30   14.36   14.71   15.61   15.18
  6 14 80 11 166  288.10  299.90  300.60  301.60    7.62    7.14    6.68    5.27  249.80  252.10  253.80  249.40    5.70    5.55    4.97    5.55
  6 14 80 12 166  288.40  300.80  301.60  302.60    6.42    6.07    5.70    4.74  262.50  262.60  266.10  262.50    7.72    6.73    8.43    8.53
  6 14 80 13 166  288.70  301.40  302.00  302.90    5.41    5.13    4.88    4.28  276.90  282.20  285.30  281.40    9.93   12.22   12.52   13.29
  6 14 80 14 166  289.10  302.00  302.60  303.50    4.25    4.08    3.88    3.29  264.20  268.40  271.00  267.80   12.47   16.11   17.15   19.53
  6 14 80 15 166  289.60  302.80  303.40  304.20    3.49    3.30    3.01    2.57  270.80  273.20  275.90  273.10   20.81   24.52   25.15   28.18
  6 14 80 16 166  289.60  303.60  304.20  304.90    4.38    4.11    3.84    3.05  246.60  247.90  251.30  245.00   10.62   14.82   15.25   17.10
  6 14 80 17 166  289.60  304.00  304.50  305.20    4.92    4.69    4.41    3.47  244.60  247.60  251.30  245.70    6.59    5.94    5.53    5.99
  6 14 80 18 166  289.70  304.10  304.50  304.90    4.70    4.22    3.80    2.67  243.40  244.00  247.10  243.50    3.00    3.33    3.45    2.99
  6 14 80 19 166  289.90  303.80  304.30  304.10    2.85    2.61    2.43    1.66  224.80  223.30  222.70  209.60   17.17   18.46   18.04   19.37
  6 14 80 20 166  289.80  303.60  303.90  302.30    2.23    1.46    1.18    1.11  195.30  199.00  207.80  107.20   14.01   18.46   27.09   60.18
  6 14 80 21 166  289.80  303.40  303.10  301.00    3.91    3.29    2.90    1.85  169.60  145.20  130.50  115.70    5.12    8.74    6.64   14.07
  6 14 80 22 166  289.90  303.00  302.00  299.40    7.41    5.90    4.57    2.20  180.00  166.90  157.40  139.20    8.03    5.58    6.51    8.40
  6 14 80 23 166  289.80  301.30  300.70  299.60   10.82    7.42    5.79    3.66  205.40  200.40  199.10  190.60    2.50    6.16    8.88   13.66
  6 14 80 24 166  290.00  300.30  300.20  300.00    8.90    6.32    4.83    3.16  227.90  229.90  231.80  225.90    9.27    9.78    9.91   10.46
  6 15 80  1 167  288.80  296.50  296.80  296.90    8.83    7.59    6.59    5.21  359.20    2.81    4.24    1.85   62.36   63.78   64.30   67.53
  6 15 80  2 167  287.40  293.40  293.70  294.00    5.78    4.83    4.26    3.29   71.10   77.62   79.71   74.20   21.90   22.29   22.34   21.00
  6 15 80  3 167  286.80  293.70  293.30  293.30    7.09    5.04    3.95    2.47  110.20  122.20  126.80  126.00    9.16   10.90   11.01   15.21
  6 15 80  4 167  286.90  294.00  293.30  293.20    8.87    5.94    4.55    2.99  132.90  140.80  144.60  144.10    7.12    5.93    7.12   10.00
  6 15 80  5 167  286.80  294.70  294.30  294.10    8.71    6.01    4.65    2.97  152.10  152.90  154.70  152.70    5.12    5.24    5.30    6.15
  6 15 80  6 167  288.00  296.00  294.90  294.30    8.56    6.50    4.87    3.16  178.00  162.90  160.60  155.40   13.01   12.21   12.06   11.43
  6 15 80  7 167  287.70  295.50  295.60  295.40    7.06    5.58    4.46    3.20  189.60  180.50  178.80  172.30    4.90    7.29    8.57    9.66
  6 15 80  8 167  288.10  295.40  295.90  296.30    2.43    1.85    1.65    1.43  203.00  201.00  203.80  193.00   40.03   48.63   54.59   60.99
  6 15 80  9 167  287.70  296.30  296.70  296.90    5.24    4.29    3.76    2.79  200.70  200.50  201.10  194.60    9.05   11.77   12.96   16.95
  6 15 80 10 167  287.90  297.00  297.50  298.10    5.86    5.20    4.70    3.71  245.50  251.00  255.00  249.30   14.93   16.99   17.45   18.70
  6 15 80 11 167  287.90  298.60  299.20  300.20    8.85    8.44    7.78    6.01  230.40  233.10  236.20  231.50    9.52   10.55   11.24   11.50
  6 15 80 12 167  288.40  299.80  300.40  301.40    9.24    8.60    7.80    6.23  224.80  225.50  229.00  223.50    5.36    5.21    6.04    8.77
  6 15 80 13 167  288.70  300.00  300.60  301.60    9.28    8.75    8.14    6.45  240.60  242.10  245.00  240.20    5.75    6.49    6.40    7.02
  6 15 80 14 167  288.90  300.20  300.90  302.00    8.26    7.89    7.28    5.92  247.10  248.40  251.00  245.80    7.95    8.52    7.69    7.47
  6 15 80 15 167  289.00  298.20  298.80  299.60    8.33    8.11    7.44    6.03  297.40  296.70  298.20  293.80   55.96   56.37   55.61   54.15
  6 15 80 16 167  288.10  293.00  293.60  294.30    9.65    9.11    8.41    7.17   21.43   20.37   20.06   12.73    2.18    3.12    4.29    4.26
  6 15 80 17 167  286.90  291.30  292.00  292.60    9.54    9.12    8.60    7.32   24.44   25.49   25.68   19.83    4.30    5.50    5.70    6.59
  6 15 80 18 167  285.90  290.00  290.60  291.20    8.77    8.31    7.72    6.26   38.37   38.42   39.20   33.35    3.54    3.93    3.70    5.02
  6 15 80 19 167  284.90  288.70  289.30  289.80    9.28    8.67    8.14    6.68   43.94   43.76   43.80   37.77    3.65    4.12    4.10    5.81
  6 15 80 20 167  283.80  287.10  287.60  287.90    8.69    8.07    7.44    6.04   34.42   34.89   35.15   29.41    8.09    8.41    8.10    8.57
  6 15 80 21 167  283.10  286.50  286.90  287.30    8.97    8.29    7.73    6.47   27.99   28.39   28.12   20.67    4.29    4.61    6.24    6.20
  6 15 80 22 167  282.60  285.90  286.40  286.80    9.07    8.25    7.60    6.56   24.75   25.38   24.86   18.65    3.01    3.73    3.57    3.45
  6 15 80 23 167 -999.99 -999.99 -999.99 -999.99 -999.99 -999.99 -999.99 -999.99 -999.99 -999.99 -999.99 -999.99    4.40    3.63    3.93    4.08
  6 15 80 24 167  281.20  285.00  285.50  285.80    8.69    7.94    7.18    6.12   20.53   20.59   21.28   14.00    2.96    3.07    3.21    4.35
  6 16 80  1 168  281.20  284.90  285.50  285.80    7.74    7.09    6.55    5.63   24.15   25.31   25.80   19.22    3.14    3.36    5.08    5.23
  6 16 80  2 168  281.00  284.50  285.00  285.30    8.17    7.73    7.20    6.16   22.49   23.60   23.62   16.98    1.18    2.79    3.17    2.81
  6 16 80  3 168  280.90  284.20  284.70  285.10    6.58    6.79    6.32    5.40   12.13   12.09   12.06    5.94    5.99    6.62    7.73    7.86
  6 16 80  4 168  280.90  284.20  284.70  285.20    5.60    6.28    6.19    5.25    5.04    5.09    4.10  357.20    6.39    6.27    6.40    5.21
  6 16 80  5 168  280.60  283.80  284.40  284.70    7.09    6.66    6.04    5.07   23.44   22.86   22.23   15.56    4.24    5.38    6.09    5.85
  6 16 80  6 168  280.30  283.80  284.30  284.70    6.76    6.37    5.97    4.92   34.65   35.10   35.60   29.55    4.74    5.11    5.50    6.59
  6 16 80  7 168  280.20  283.70  284.30  284.80    5.91    5.64    5.27    4.61   26.41   24.53   24.52   18.35    4.67    5.65    6.07    7.27
  6 16 80  8 168  280.40  284.70  285.30  285.90    5.46    5.21    4.90    4.30   41.84   41.79   42.09   34.32    5.06    5.82    6.53    7.89
  6 16 80  9 168  281.00  286.30  286.90  287.90    5.03    4.76    4.42    3.91   44.46   45.13   46.26   39.99    5.50    5.28    5.41    6.64
  6 16 80 10 168  281.10  287.70  288.40  289.00    5.71    5.34    5.04    4.48   32.69   32.13   31.38   23.47    5.11    7.52    8.64    9.75
  6 16 80 11 168  280.90  288.90  289.70  290.60    6.47    6.15    5.78    5.02   36.30   35.98   36.30   29.92    4.84    4.99    5.59    6.91
  6 16 80 12 168  280.50  289.60  290.40  291.30    6.45    6.26    5.84    5.15   30.66   31.07   30.60   22.87    7.82    9.24    9.83    9.09
  6 16 80 13 168  280.50  290.20  290.90  291.70    5.48    5.39    5.14    4.51   21.99   21.24   21.61   14.75    9.07    9.57   10.87   12.21
  6 16 80 14 168  280.40  290.70  291.40  292.20    6.10    5.68    5.35    4.73   31.32   32.45   31.51   24.19    9.52   10.58   11.23   10.94
  6 16 80 15 168  280.30  291.10  291.70  292.30    4.63    4.56    4.41    3.96   22.29   21.16   20.33   13.77   11.04   10.89   12.73   12.53
  6 16 80 16 168  280.40  291.40  292.00  292.70    5.19    5.11    4.79    4.29   20.01   20.74   20.21   12.47    8.77    9.94   10.92   11.41
  6 16 80 17 168  280.40  291.60  292.20  292.80    5.16    5.03    4.81    4.23   18.47   18.22   17.94   12.31    9.39    9.54    9.23    8.66
  6 16 80 18 168  280.10  291.50  292.10  292.70    5.48    5.22    4.98    4.27   36.81   37.67   39.20   32.13    7.00    7.79    9.61   10.66
  6 16 80 19 168  279.90  291.30  291.80  292.00    4.83    4.41    3.97    3.17   43.45   43.33   43.51   36.59    6.16    6.24    5.98    6.48
  6 16 80 20 168  280.00  290.70  291.00  290.90    4.82    3.95    3.36    2.32   50.08   49.83   49.27   38.77    3.62    4.41    4.71    3.92
  6 16 80 21 168  279.70  290.20  290.20  289.70    4.80    3.16    2.40    1.64   60.68   57.51   61.27   58.07    5.59    2.58    5.45   12.12
  6 16 80 22 168  279.50  290.30  290.00  289.40    4.03    2.68    1.89    1.10   72.00   63.08   62.53   56.56    4.59    5.58    4.68   11.12
  6 16 80 23 168  279.60  289.50  289.20  288.90    3.92    2.35    1.62    1.13   70.73   59.79   52.59   28.59   11.88    5.25    7.06   14.44
  6 16 80 24 168  279.40  288.50  288.30  287.50    5.80    4.44    3.38    2.24   86.15   73.32   68.52   58.08    4.52    8.67   10.14   17.89
  6 17 80  1 169  279.10  286.70  286.50  285.80    7.69    5.54    4.37    2.88   90.46   85.94   82.58   72.55    2.46    5.74    6.17    4.88
  6 17 80  2 169  278.20  285.40  285.00  284.70    7.37    4.81    3.65    2.61   87.67   81.77   77.63   68.54    3.31    7.41    8.12    7.03
  6 17 80  3 169  276.20  285.80  284.80  284.40    7.92    4.94    3.89    2.68   87.60   83.81   82.06   73.68    0.99    2.23    4.04    4.31
  6 17 80  4 169 -999.99  287.80  285.10  283.80    8.01    5.12    3.73    2.44   85.03   90.86   86.74   74.28    1.92    2.47    4.01    5.71
  6 17 80  5 169 -999.99  287.80  284.70  283.20    7.49    4.47    2.98    1.42   95.31  108.20  110.90  112.00    5.52    9.33   11.11   22.99
  6 17 80  6 169 -999.99  286.50  284.10  283.20    6.93    3.80    2.55    1.20  113.80  131.20  142.00  142.30    3.79    3.88    4.32   13.60
  6 17 80  7 169  274.70  285.70  284.70  285.00    5.13    2.55    2.03    1.58  115.20  120.50  121.20  116.60    3.84    4.79    6.57    8.72
  6 17 80  8 169  277.20  286.10  286.60  287.20    3.03    2.57    2.39    2.08  116.70  121.30  123.70  121.80    5.30    6.68    8.45   11.70
  6 17 80  9 169  277.80  288.40  289.00  289.70    2.65    2.57    2.42    2.24  127.20  127.10  127.30  121.80   13.22   13.52   15.56   17.72
  6 17 80 10 169  279.30  289.90  290.50  291.30    3.25    3.03    2.83    2.54  135.60  136.10  136.10  129.90   13.15   17.01   19.27   24.01
  6 17 80 11 169  279.50  291.10  291.60  292.30    2.32    2.04    1.98    1.81  172.30  188.70  196.90  184.80   40.92   65.18   68.20   84.81
  6 17 80 12 169  278.90  291.90  292.50  293.30    2.27    2.13    1.99    1.87  134.10  131.60  130.40  121.90   20.46   35.85   42.54   55.56
  6 17 80 13 169  279.20  292.90  293.60  294.40    1.86    1.79    1.72    1.65   97.30   98.50   97.34   99.16   28.08   39.91   42.67   40.55
  6 17 80 14 169  278.70  293.60  294.30  295.10    2.70    2.39    2.30    2.15   92.19   87.51   86.41   76.39   44.10   53.80   64.08   66.79
  6 17 80 15 169  278.60  294.40  295.00  295.70    2.35    2.30    2.27    2.12   75.85   69.34   60.00   52.09   48.00   55.24   47.51   39.48
  6 17 80 16 169  277.90  294.80  295.50  296.10    1.70    1.67    1.73    1.63  153.70  146.90  138.00  138.50   35.09   41.74   47.66   48.83
  6 17 80 17 169  278.60  294.90  295.50  296.00    1.65    1.62    1.61    1.49  124.80  125.00  125.40  118.60   15.14   17.58   22.96   25.18
  6 17 80 18 169  278.60  294.90  295.50  296.00    1.20    1.19    1.16    1.10  119.90  120.30  117.60  115.10   31.79   36.07   36.32   35.70
  6 17 80 19 169  278.70  294.60  295.00  295.10    1.91    1.84    1.71    1.33  137.70  153.00  148.50  119.90   47.61   45.24   45.76   43.25
  6 17 80 20 169  278.20  293.30  293.40  293.10    6.71    5.15    4.20    3.02   70.82   70.36   70.88   68.79    5.14    7.75    9.11    9.59
  6 17 80 21 169  277.90  292.60  292.30  291.80    6.37    4.35    3.22    2.11   73.97   68.86   65.33   58.93    2.70    3.39    4.83    6.61
  6 17 80 22 169  276.70  292.50  291.60  290.60    5.98    3.67    3.01    2.14   72.35   58.15   51.28   31.49    1.49    2.16    4.39    6.37
  6 17 80 23 169  278.30  291.90  290.80  289.60    6.73    4.08    3.23    2.29   69.29   57.31   49.27   29.14    1.55    2.70    4.83    5.56
  6 17 80 24 169  277.60  291.10  289.90  288.70    6.65    3.88    2.65    1.46   85.57   72.67   64.57   55.77    7.10    8.49    9.87   14.31
  6 18 80  1 170  277.40  291.00  289.40  288.00    5.72    2.83    1.78    0.74  107.10  102.90   84.31   69.76    4.16    8.84    7.85   16.74
  6 18 80  2 170  277.90  290.40  288.80  287.70    4.82    1.82    1.28    1.01  110.50  101.90   67.99   37.47    3.92   22.87   26.91   33.76
  6 18 80  3 170  277.90  290.80  288.20  287.30    3.33    2.20    1.70    1.43  123.00   72.48   57.41   28.06   12.20    6.36    8.94    9.47
  6 18 80  4 170  278.20  290.80  287.80  286.30    1.68    2.80    2.40    1.93  133.30   62.12   52.44   34.58    6.70    4.23    5.68    4.80
  6 18 80  5 170  278.70  291.20  288.20  286.00    0.47    3.26    2.58    1.51   96.63   70.81   65.10   48.75   21.94    3.01    4.14   11.73
  6 18 80  6 170  279.00  291.20  288.20  286.30    0.80    3.48    2.81    1.82   32.61   74.30   72.81   65.86   29.21    2.77    3.25    7.07
  6 18 80  7 170  279.10  291.10  288.70  288.40    0.79    2.24    1.73    1.45  110.00  106.20  110.80  102.50   32.38   19.92   20.31   15.46
  6 18 80  8 170  281.00  291.80  291.30  291.90    0.93    1.04    1.03    0.97   88.00   86.14   80.73   72.23   18.82   11.94   15.53   22.57
  6 18 80  9 170  282.00  292.80  293.40  294.00    1.42    1.41    1.37    1.29  196.60  211.50  217.30  210.80   30.49   40.23   44.00   51.67
  6 18 80 10 170  281.80  294.00  294.50  295.10    1.46    1.47    1.47    1.44  114.90  105.20  105.60   92.93   55.36   66.20   63.39   68.20
  6 18 80 11 170  281.80  294.90  295.50  296.30    2.02    1.99    1.91    1.75  138.10  137.40  140.30  123.70   48.02   52.44   58.62   55.59
  6 18 80 12 170  281.70  295.90  296.50  297.20    2.17    2.21    2.16    1.98  254.50  253.20  255.70  278.60   73.18   74.48   74.66   81.51
  6 18 80 13 170  280.80  296.60  297.20  298.10    2.39    2.33    2.23    2.01  295.30  299.50  307.30  309.70   51.18   50.23   49.88   52.17
  6 18 80 14 170  280.70  297.40  298.00  298.70    2.34    2.14    2.00    1.90  195.10  190.00  192.00  177.80   36.51   43.43   47.40   60.19
  6 18 80 15 170  280.60  298.10  298.70  299.40    2.51    2.29    2.13    1.92  245.00  250.60  251.20  245.00   38.37   36.11   41.78   52.16
  6 18 80 16 170  281.00  298.50  299.10  299.60    1.91    1.97    1.89    1.82  300.90  319.90  317.90  330.70   77.93   85.26   88.58   76.82
  6 18 80 17 170  281.00  298.60  299.20  299.60    1.41    1.35    1.28    1.20  207.40  196.90  198.10  191.70   45.41   67.32   67.51   67.97
  6 18 80 18 170  281.40  298.40  298.90  299.20    2.37    2.31    2.17    1.94   36.85   36.15   37.34   32.53   39.17   30.61   28.33   25.45
  6 18 80 19 170  281.10  298.00  298.50  298.20    2.51    2.41    2.24    1.61   51.50   50.85   51.77   48.86    8.36    7.92    8.34   10.61
  6 18 80 20 170  280.90  297.80  298.20  297.00    2.47    2.71    2.56    1.62   74.55   74.15   74.96   72.31   13.11   11.79   10.64   12.68
  6 18 80 21 170  280.70  297.70  297.90  295.70    3.56    3.40    3.25    1.71  109.60  106.00  105.80  107.30    9.49    9.22    8.82    9.08
  6 18 80 22 170  281.80  297.10  296.60  294.60    7.41    6.07    4.63    2.17  146.60  142.50  135.80  119.70    9.85   10.05   10.12    9.16
  6 18 80 23 170  281.70  296.90  295.40  292.30    7.70    6.49    4.93    2.24  163.00  159.50  160.20  150.40    4.03    3.30    4.00    4.53
  6 18 80 24 170  281.70  295.90  294.30  291.50    9.53    5.84    4.16    1.95  162.90  162.80  163.00  149.80    1.11    1.72    2.13    4.83
  6 19 80  1 171  281.50  295.60  294.00  291.30   10.25    6.55    4.81    2.35  165.80  167.40  169.80  166.00    2.14    2.20    3.74   10.14
  6 19 80  2 171  282.20  295.50  293.30  291.50   10.72    7.17    5.10    2.94  173.10  170.90  172.60  170.70    3.35    2.33    2.01    1.78
  6 19 80  3 171  283.40  295.40  292.60  291.10   10.02    5.70    3.73    2.02  185.10  174.80  175.30  173.50    3.93    3.36    4.50    5.55
  6 19 80  4 171  283.60  294.90  292.10  291.40    9.67    5.77    4.21    2.48  199.20  185.10  184.80  179.90    5.34    2.80    3.34    4.13
  6 19 80  5 171  283.90  295.40  291.80  290.60    9.49    5.83    4.09    2.25  210.70  189.40  187.20  183.10    3.93    4.10    4.54    6.98
  6 19 80  6 171  285.20  294.20  292.00  291.00   10.36    6.16    4.41    2.56  214.30  202.90  201.90  195.50    1.63    6.13    9.02    7.97
  6 19 80  7 171  286.00  293.40  293.20  293.50    9.05    6.20    5.15    3.82  218.20  214.70  215.40  208.00    1.31    1.94    2.74    2.91
  6 19 80  8 171  288.10  295.20  295.60  296.30    7.43    6.57    5.72    4.45  229.00  228.50  231.60  225.50    6.14    6.48    7.36    8.97
  6 19 80  9 171  288.90  297.60  298.20  299.00    8.27    7.84    7.11    5.57  235.20  234.90  239.20  234.50    2.05    3.51    3.72    3.83
  6 19 80 10 171  288.00  299.30  299.90  301.00   10.06    9.43    8.81    6.94  245.40  245.70  248.20  242.90    6.10    6.70    6.68    6.60
  6 19 80 11 171  288.20  300.30  301.10  302.00    9.07    8.14    7.65    6.21  270.30  271.80  272.70  268.20   10.12   10.58   10.45   11.69
  6 19 80 12 171  287.50  300.20  301.00  302.00   10.36    9.60    8.74    7.24  297.30  301.10  302.40  296.20   13.78   13.57   13.38   14.11
  6 19 80 13 171  288.10  297.80  298.70  299.80   12.25   11.57   10.93    8.84  328.50  331.60  331.50  325.90    3.28    2.58    2.56    2.95
  6 19 80 14 171  286.70  294.70  295.50  296.50    8.89    9.28   10.04    8.66  347.30  349.10  349.60  344.60    4.68    4.43    4.98    4.59
  6 19 80 15 171  285.10  293.50  294.30  295.30    7.73    7.87    8.38    7.34  345.90  347.80  348.10  343.00    3.41    4.06    4.55    6.19
  6 19 80 16 171  283.40  293.10  293.80  294.60    7.44    9.07    9.10    8.00  357.70  359.70  359.60  354.20    3.80    3.62    3.73    3.93
  6 19 80 17 171  281.60  292.80  293.60  294.30    8.31   10.31   10.21    8.65    3.94    4.61    3.96  358.20    3.75    3.39    3.37    2.84
  6 19 80 18 171  281.00  292.10  292.90  293.60   10.65   10.09    9.28    7.76   19.47   19.38   18.39   11.58    3.31    3.85    2.78    3.92
  6 19 80 19 171  280.00  290.80  291.40  291.80    9.71    8.81    8.23    7.02   24.19   25.38   23.86   18.13    1.51    2.37    3.12    3.54
  6 19 80 20 171  279.90  290.10  290.50  290.60    7.42    6.32    5.53    4.31   35.54   35.30   35.07   27.37    3.80    4.41    4.45    4.89
  6 19 80 21 171  279.70  289.40  289.50  289.50    8.57    6.71    5.77    4.15   38.31   38.11   37.53   31.53    2.24    2.35    3.54    3.97
  6 19 80 22 171  279.40  288.40  288.60  288.70    8.34    6.28    5.43    4.37   54.81   52.89   52.16   45.12    5.66    5.07    5.26    5.28
  6 19 80 23 171  278.60  287.40  287.40  287.20    7.10    4.81    3.87    2.73   69.00   66.46   67.63   61.74    5.55    7.12    6.49    5.93
  6 19 80 24 171  277.10  287.00  286.60  285.70    6.20    3.70    2.66    1.41   78.65   85.04   93.68  108.00    1.97    5.39    9.73   29.17
  6 20 80  1 172  277.20  286.40  286.20  284.70    3.90    2.69    2.03    1.20  106.40  117.00  129.40  146.00   12.12   15.81   13.53   23.23
  6 20 80  2 172  277.30  285.80  286.00  284.40    3.35    2.40    1.95    1.11   88.38  111.50  134.00  164.70   11.95   10.65   10.63   28.70
  6 20 80  3 172  276.40  285.70  285.80  284.90    4.22    2.68    1.91    1.08   53.98   53.09   54.88   41.39    5.90   15.06   29.49   76.94
  6 20 80  4 172  276.10  285.40  285.40  284.20    5.69    4.22    3.61    2.40   60.66   51.91   46.33   25.47    5.20    6.51   11.92   21.52
  6 20 80  5 172  276.40  284.90  284.80  284.00    6.04    4.81    4.24    2.78   62.39   53.16   49.16   35.34    1.82    3.41    2.96    1.76
  6 20 80  6 172 -999.99 -999.99 -999.99 -999.99 -999.99 -999.99 -999.99 -999.99 -999.99 -999.99 -999.99 -999.99 -999.99 -999.99 -999.99 -999.99
  6 20 80  7 172 -999.99 -999.99 -999.99 -999.99 -999.99 -999.99 -999.99 -999.99 -999.99 -999.99 -999.99 -999.99 -999.99 -999.99 -999.99 -999.99
  6 20 80  8 172  277.40  286.70  287.30  288.00    4.33    4.19    4.06    3.63   96.82   96.90   98.34   88.59    3.28    2.27    1.67    2.68
  6 20 80  9 172  277.20  288.80  289.50  290.30    5.74    5.56    5.30    4.62   92.31   92.83   94.55   85.60    4.88    6.32    7.29    7.84
  6 20 80 10 172  276.50  290.50  291.10  292.00    5.90    5.60    5.35    4.60   98.71   99.28  100.00   91.09    8.72    9.21    9.92   10.21
  6 20 80 11 172  276.70  291.70  292.40  293.30    5.82    5.53    5.19    4.56   99.65   98.97   99.97   91.19    6.97    8.45    8.59    9.70
  6 20 80 12 172  276.60  292.80 -999.99  294.50    4.98    4.63    4.32    3.81  103.50  105.40  104.80   98.02    8.55    9.20    9.57   10.32
  6 20 80 13 172 -999.99 -999.99 -999.99 -999.99 -999.99 -999.99 -999.99 -999.99 -999.99 -999.99 -999.99 -999.99    8.75   10.08   10.89    9.98
  6 20 80 14 172  276.60  294.30  295.00  295.90    4.65    4.25    3.93    3.38  114.60  115.10  114.80  109.30   12.85   15.69   17.44   17.29
  6 20 80 15 172  276.70  294.90  295.50  296.40    3.74    3.55    3.29    2.90  105.70  110.50  112.60  111.10    7.69   10.41   14.10   12.18
  6 20 80 16 172  276.40  295.30  295.90  296.60    3.88    3.72    3.48    3.09  103.90  103.50  104.60  100.10    8.63   10.36   12.22   14.13
  6 20 80 17 172  276.60  295.50  296.10  296.70    3.69    3.47    3.30    2.88   91.36   91.52   91.40   88.08    8.11    7.10    8.50    9.02
  6 20 80 18 172  276.50  295.50  296.10  296.40    3.62    3.33    3.09    2.52  101.00  100.70  102.20   97.61    5.97    7.35    8.00    9.19
  6 20 80 19 172  277.20  295.00  295.40  295.20    4.32    3.87    3.31    2.21  130.20  129.00  128.90  124.60   31.43   30.50   29.53   26.02
  6 20 80 20 172  278.10  294.00  294.20  293.00    5.84    5.09    4.15    2.45  168.40  169.50  169.50  163.20    1.44    2.93    2.86    3.60
  6 20 80 21 172  278.70  293.20  293.30  290.90    6.69    5.62    4.73    2.50  176.70  179.40  177.80  166.50    7.85    7.91    6.47    5.90
  6 20 80 22 172  278.40  293.00  292.70  289.70    6.28    5.14    3.94    1.70  167.70  176.20  179.70  164.30    5.62    6.23    3.78    8.82
  6 20 80 23 172  278.40  293.00  292.70  290.00    5.28    4.62    2.91    1.14  151.10  154.30  154.90  126.10    3.07    3.81    5.99   12.49
  6 20 80 24 172  277.80  292.80  292.60  290.10    5.28    4.18    2.83    1.23  138.30  141.00  137.10  106.00    2.09    3.96    5.30   11.80
  6 21 80  1 173  277.80  292.60  291.80  289.90    6.64    4.27    3.06    1.77  132.00  119.30  106.30   79.14    1.80    8.02   11.29    8.25
  6 21 80  2 173  278.60  291.80  291.00  288.80    6.90    4.59    3.25    1.75  131.50  117.50  102.40   81.37    1.12    3.04    2.83    3.44
  6 21 80  3 173  279.20  291.60  290.30  288.50    7.90    4.85    3.45    1.68  139.50  127.30  116.80  102.70    3.36    7.46    8.90   10.32
  6 21 80  4 173  279.30  291.50  289.80  287.90    7.17    3.93    2.63    1.44  138.30  121.50  101.40   69.05    1.79    6.88   15.38   24.86
  6 21 80  5 173  279.00  291.10  289.50  288.00    5.44    2.10    1.24    0.99  145.30  124.80   82.37   23.20    3.29   10.00   14.33   16.34
  6 21 80  6 173  279.20  290.60  289.10  287.00    5.00    2.35    2.21    1.50  145.60  119.80   91.00   89.32    5.45   16.44   24.81   43.14
  6 21 80  7 173  279.90  290.20  289.50  289.30    5.45    3.36    2.37    1.76  146.00  132.50  124.80  115.40    5.74    5.32    3.77    8.87
  6 21 80  8 173  281.60  291.20  291.70  292.40    3.69    3.35    3.20    2.59  143.60  138.30  137.30  132.30    6.07    9.62   11.80   11.78
  6 21 80  9 173  281.30  292.70  293.40  294.20    4.94    4.69    4.47    3.88  156.60  157.00  159.60  156.50    5.91    6.89    8.40    9.31
  6 21 80 10 173  280.80  293.70  294.40  295.20    3.97    3.80    3.60    3.14  164.70  164.90  166.30  159.90   10.44   11.95   14.00   15.20
  6 21 80 11 173  280.90  294.60  295.20  296.00    3.34    3.00    2.89    2.59  180.60  181.00  179.00  169.70    9.44   11.21   13.18   17.65
  6 21 80 12 173  280.90  295.70  296.30  297.10    2.26    2.23    2.18    2.03  208.50  205.40  211.60  208.20   20.86   35.42   33.37   43.23
  6 21 80 13 173  281.00  296.60  297.20  298.00    1.88    1.89    1.88    1.75  147.50  147.70  149.60  140.10   48.20   78.21   74.78   52.24
  6 21 80 14 173  280.30  297.40  298.00  298.80    2.20    2.14    2.07    1.93  114.70  114.40  116.10  111.10   39.03   50.85   55.53   49.92
  6 21 80 15 173  279.70  298.00  298.60  299.20    2.31    2.23    2.21    2.18  104.90  103.50  101.80   91.54   16.99   23.10   24.25   29.28
  6 21 80 16 173  280.30  298.50  299.10  299.60    1.70    1.61    1.55    1.56  133.70  121.70   88.71   99.21   55.42   85.23   72.17   76.25
  6 21 80 17 173  280.60  298.60  299.20  299.80    2.41    2.31    2.06    1.84  122.80  124.80  125.30  115.90   23.46   38.55   33.41   31.58
  6 21 80 18 173  280.20  298.60  299.10  299.60    2.85    2.81    2.66    2.20  155.50  159.00  159.90  153.70    8.14   12.26   12.75   13.67
  6 21 80 19 173  280.10  298.50  298.90  298.70    3.39    3.32    3.01    1.69  148.10  148.30  148.10  141.50    5.12    6.73    7.78    7.42
  6 21 80 20 173  280.60  297.90  298.10  296.50    5.24    4.60    4.11    1.94  153.20  151.70  150.30  140.70    4.45    4.71    4.85    3.02
  6 21 80 21 173  280.00  297.50  297.20  294.40    6.25    5.49    4.45    2.38  160.30  160.00  159.60  148.70    1.94    2.08    2.97    3.70
  6 21 80 22 173  279.50  297.30  297.20  292.60    5.76    5.84    4.82    2.32  163.10  162.10  161.30  148.30    2.57    3.41    5.68    8.34
  6 21 80 23 173  280.30  296.80  296.20  292.20    6.37    6.32    4.50    1.72  153.20  150.60  148.90  130.00    2.67    1.13    1.78    2.98
  6 21 80 24 173  280.40  296.60  295.90  290.10    7.45    7.81    5.83    2.43  151.60  149.70  152.00  145.10    2.24    1.97    0.94    3.85
  6 22 80  1 174  280.00  296.30  295.20  290.20    7.31    7.05    4.79    1.65  148.20  145.70  141.10  130.50    2.38    2.74    5.16    7.12
  6 22 80  2 174  279.10  296.10  294.70  290.40    7.17    6.65    4.72    1.67  155.90  148.80  140.60  129.40    5.76    3.02    4.44    5.31
  6 22 80  3 174  279.00  295.50  292.80  288.80    7.29    6.50    4.54    1.62  175.50  158.60  149.20  135.30    6.67    3.71    3.15    4.36
  6 22 80  4 174  278.60  295.40  291.50  286.70    7.93    6.53    4.80    2.07  191.50  169.00  161.00  149.00    1.72    3.09    2.83    5.01
  6 22 80  5 174  279.90  295.00  292.10  285.90    8.27    7.23    4.73    1.88  198.20  181.90  168.70  156.90    2.66    4.31    3.04    8.79
  6 22 80  6 174  280.10  294.90  291.10  286.90    8.10    6.76    4.44    2.11  196.60  174.30  164.90  154.80    1.54    3.40    1.59    4.53
  6 22 80  7 174  280.10  294.50  291.40  291.50    7.23    4.50    3.68    2.82  186.50  167.50  165.80  158.90    8.72    6.71    7.04    6.73
  6 22 80  8 174  281.90  294.10  294.20  294.70    5.63    4.41    4.06    3.53  178.50  175.50  175.50  169.30    6.12    9.25   10.86   12.03
  6 22 80  9 174  282.40  295.50  296.00  296.70    5.89    5.68    5.45    4.69  175.60  178.10  179.90  175.20    5.67    5.37    5.17    6.68
  6 22 80 10 174  282.40  296.60  297.20  298.00    5.08    4.96    4.76    4.24  176.80  177.30  178.40  173.10    5.19    6.11    7.09    6.61
  6 22 80 11 174  282.00  297.90  298.50  299.40    4.10    3.87    3.68    3.22  176.60  178.10  181.00  176.00   12.42   14.31   15.02   15.31
  6 22 80 12 174  281.30  298.70  299.30  300.20    4.90    4.59    4.32    3.71  143.80  145.80  147.90  143.10    8.96    9.72   10.01   11.99
  6 22 80 13 174  279.80  299.50  300.00  300.70    4.91    4.61    4.43    3.85  157.70  160.80  162.80  157.60   12.50   13.88   15.56   16.12
  6 22 80 14 174  279.70  299.90  300.50  301.20    4.18    3.78    3.58    3.03  151.00  151.20  152.70  147.30   10.20   12.94   11.63   11.06
  6 22 80 15 174  280.40  300.40  301.00  301.80    4.26    4.02    3.89    3.39  165.20  168.00  170.60  168.10   17.78   17.86   19.20   21.49
  6 22 80 16 174  282.30  300.60  301.10  301.90    5.64    5.35    4.92    3.98  147.70  148.20  149.70  145.60    6.84    7.73    8.30    8.35
  6 22 80 17 174  283.00  300.90  301.40  302.00    5.48    5.22    4.76    4.02  157.70  158.70  160.50  156.50    8.08    9.05    9.29    9.03
  6 22 80 18 174  283.50  300.90  301.30  301.70    5.66    5.31    4.85    3.89  157.90  158.70  160.70  154.70    3.62    4.78    5.35    5.44
  6 22 80 19 174  283.90  300.60  300.90  300.30    5.34    4.58    3.88    2.32  149.10  149.10  150.00  144.10    9.68   10.25   10.38   11.05
  6 22 80 20 174  284.60  300.50  300.40  298.70    6.55    5.47    4.05    1.80  142.30  136.80  132.40  124.30    2.00    1.16    1.36    4.69
  6 22 80 21 174  285.60  299.90  299.30  297.30    8.28    6.45    4.77    2.39  130.00  123.00  120.20  111.80    2.77    3.05    2.84    2.17
  6 22 80 22 174  286.00  299.00  298.00  296.80    9.19    6.24    4.56    2.35  139.50  132.10  129.80  125.00    4.79    5.81    5.09    7.51
  6 22 80 23 174  285.90  298.50  297.50  295.80    8.06    6.05    4.48    2.03  157.50  142.00  139.20  132.30    6.99    3.50    2.91    3.29
  6 22 80 24 174  285.90  298.30  297.30  295.70    6.58    5.70    4.32    2.19  170.50  145.40  133.30  125.30    4.83    4.39    2.46    4.12
  6 23 80  1 175  285.90  297.80  296.70  295.00    5.55    5.61    4.06    1.77  167.00  143.40  136.00  128.20    7.27    4.88    5.02    6.71
  6 23 80  2 175  285.90  297.50  296.00  294.80    4.48    3.96    2.67    1.39  162.80  131.90  122.80   96.07    9.70    7.00    3.72   22.69
  6 23 80  3 175  287.20  295.10  294.40  293.90    6.19    4.79    3.97    2.66  206.90  201.60  201.50  194.10   40.17   47.19   48.83   48.33
  6 23 80  4 175  289.10  292.10  292.50  291.90    6.98    6.34    5.62    3.89  140.60  136.40  134.40  125.60   22.24   22.72   24.44   25.18
  6 23 80  5 175  290.40  292.00  292.30  292.10    7.92    6.95    6.06    3.86  147.50  136.10  132.40  124.20    7.86    4.90    5.57    5.53
  6 23 80  6 175  290.60  292.30  292.50  292.40    3.59    3.06    2.62    1.58  178.70  157.60  135.70  109.10   11.40   25.52   31.57   40.34
  6 23 80  7 175  290.50  292.30  292.60  292.90    2.26    1.67    1.47    1.18  119.30  101.40  100.30   92.99   14.36   14.39   15.59   15.59
  6 23 80  8 175  290.60  292.40  292.90  293.20    2.47    2.01    1.89    1.65  153.00  149.00  148.60  144.80    8.84   23.90   23.28   26.23
  6 23 80  9 175  289.90  293.00  293.40  293.60    4.28    4.01    3.68    3.05  147.80  149.00  149.40  145.80    5.56    5.51    5.79    4.96
  6 23 80 10 175  289.80  292.90  293.70  294.10    4.01    3.87    3.52    2.70  137.30  138.00  138.70  135.00    2.69    3.76    4.93    6.81
  6 23 80 11 175  290.00  293.10  293.80  294.30    4.36    4.16    3.89    2.87  132.20  133.10  133.40  128.20    7.87    7.79    9.47   10.49
  6 23 80 12 175  290.60  294.00  294.90  295.60    5.39    5.18    4.79    3.84  117.60  118.60  119.50  114.50    5.52    6.12    7.59    7.58
  6 23 80 13 175  289.10  294.60  295.40  295.80    6.22    5.84    5.27    4.10  126.50  126.20  126.40  121.50    4.04    5.02    5.75    5.98
  6 23 80 14 175  289.30  295.00  295.50  296.30    6.24    5.93    5.49    4.33  120.80  120.60  121.20  115.00    5.35    6.02    6.53    5.98
  6 23 80 15 175  289.30  294.60  295.20  295.60    5.78    5.15    4.54    3.27  125.20  126.00  127.60  122.60    4.51    5.54    5.76    7.14
  6 23 80 16 175  289.60  294.70  295.20  295.60    4.91    4.32    3.81    2.74  126.20  125.10  125.80  120.20    7.31    9.13    9.54   11.23
  6 23 80 17 175  289.80  294.60  295.10  295.70    4.19    3.74    3.45    2.72  121.30  120.50  120.80  116.40    6.27    7.01    6.71    6.96
  6 23 80 18 175  289.90  295.00  295.60  296.20    3.68    3.52    3.24    2.65  120.10  122.30  122.70  117.70    3.36    3.57    3.86    5.03
  6 23 80 19 175  289.90  295.10  295.60  295.90    3.31    3.15    2.85    2.07  113.30  114.10  114.40  109.40    5.86    6.93    7.46    6.95
  6 23 80 20 175  289.90  295.00  295.50  295.30    2.66    2.43    2.17    1.23  117.90  117.90  116.60  105.00    5.92    6.05    7.24   11.46
  6 23 80 21 175  289.80  294.90  295.20  294.90    2.92    2.41    2.02    1.30  109.70  109.10  104.60   94.97    3.62    3.47    3.07    7.69
  6 23 80 22 175  289.70  294.70  294.80  294.60    2.10    1.46    1.13    0.89   94.66   86.63   71.65   55.39   11.78   20.35   24.97   43.99
  6 23 80 23 175  289.80  294.10  294.20  294.10    3.93    3.30    2.84    2.14   66.97   58.15   54.74   45.95    8.20    8.34   13.55   18.63
  6 23 80 24 175  290.00  293.70  293.30  293.30    4.94    3.63    2.85    2.05   91.27   78.92   76.47   66.86   10.00   10.84   11.59   11.72
  6 24 80  1 176  289.90  293.40  292.80  292.80    5.12    4.18    3.34    2.42   96.36   82.14   78.64   70.52    2.55    4.18    4.94    5.36
  6 24 80  2 176  289.90  292.50  292.40  292.40    4.31    3.03    2.59    1.92  110.40   97.03   91.91   81.13    5.32   11.20   12.80   14.65
  6 24 80  3 176  289.40  292.00  292.00  292.20    2.67    1.99    1.81    1.36  132.00  131.20  130.40  122.30    6.18    9.41   11.44   15.92
  6 24 80  4 176  290.00  291.50  291.80  292.00    1.50    1.50    1.47    1.24  114.00  117.90  119.60  113.00   15.85   16.78   17.21   19.61
  6 24 80  5 176  289.80  291.10  291.40  291.60    1.64    1.55    1.53    1.23  111.60  114.70  126.30  116.70   12.65    9.06   11.23   12.75
  6 24 80  6 176  290.20  291.30  291.60  291.80    1.33    1.21    1.17    1.03   17.37   11.36    6.66  350.00   39.80   39.52   51.64   52.18
  6 24 80  7 176  290.40  291.60  291.90  292.20    2.82    2.73    2.69    2.32   44.16   46.87   48.96   41.84   10.32   12.40   13.98   15.79
  6 24 80  8 176  290.20  291.50  291.80  292.20    3.78    3.58    3.36    2.86   74.97   74.91   76.47   68.05    6.21    8.16    8.46    9.22
  6 24 80  9 176  290.50  291.90  292.30  292.90    4.22    3.88    3.60    3.10   94.24   94.27   95.02   85.10    7.63    8.04    8.51    7.76
  6 24 80 10 176  290.60  292.60  293.00  293.80    2.81    2.65    2.46    2.05  103.00  105.20  107.20  100.80   10.40   10.66   11.66   11.81
  6 24 80 11 176  291.10  293.80  294.10  294.80    2.58    2.47    2.38    2.07  106.70  111.30  112.50  107.40   20.77   22.51   24.53   24.45
  6 24 80 12 176  291.40  294.60  295.00  295.60    3.25    3.17    3.05    2.74   53.57   50.66   49.65   40.87   11.91   11.83   12.55   14.63
  6 24 80 13 176  290.50  295.10  295.80  296.50    3.49    3.47    3.28    2.98   76.41   75.63   75.99   67.37   10.47   10.62    9.64    8.62
  6 24 80 14 176  290.20  295.80  296.50  297.10    3.47    3.24    3.07    2.73  100.40  101.10  102.70   95.78   12.99   14.60   15.42   16.10
  6 24 80 15 176  290.30  296.60  297.20  298.00    3.41    3.25    3.10    2.70  107.10  108.00  109.40  103.90    5.49    7.69    8.62   11.08
  6 24 80 16 176  290.30  297.40  298.00  298.80    4.91    4.63    4.31    3.43  124.30  125.30  127.40  121.40    5.35    5.61    5.52    6.67
  6 24 80 17 176  290.30  297.70  298.30  298.90    4.92    4.62    4.19    3.35  127.70  128.10  128.60  123.50   10.16   10.47   10.52   12.89
  6 24 80 18 176  290.40  297.60  298.20  298.40    2.63    2.46    2.33    1.91  108.60  106.60  106.30   99.30    8.11    7.68    8.20    9.21
  6 24 80 19 176  290.40  297.60  298.10  298.40    1.51    1.34    1.22    1.06  108.00  104.60  101.80   93.07   12.13   10.61    9.88    8.23
  6 24 80 20 176  290.40  297.40  297.70  297.10    3.46    3.16    2.72    1.83  102.90  101.90  101.10   98.64    6.16    5.43    3.08    2.51
  6 24 80 21 176  290.40  297.20  297.40  296.00    4.71    4.33    3.59    1.85  124.10  122.50  118.00  109.60    3.47    3.95    3.89    4.92
  6 24 80 22 176  290.20  297.20  297.20  295.20    5.65    5.32    3.68    1.48  126.00  124.90  125.00  122.80    4.02    4.56    4.76    7.85
  6 24 80 23 176  290.40  296.90  296.30  294.50    5.83    4.51    3.06    1.28  134.30  126.00  120.40  114.20    1.65    3.97    7.14   11.60
  6 24 80 24 176  290.60  296.00  295.50  294.20    6.91    4.66    3.19    1.20  152.10  139.80  134.80  127.50    9.93    7.54    6.57    5.46
  6 25 80  1 177  290.40  295.40  294.90  293.70    6.14    3.73    2.68    1.12  170.70  169.30  171.20  164.80    4.81    9.83   14.34   18.04
  6 25 80  2 177  290.50  295.10  294.70  293.30    6.02    3.96    2.90    1.52  177.40  165.60  159.90  131.60    3.90    4.23    7.75   20.14
  6 25 80  3 177  290.40  294.80  294.20  292.80    4.29    3.02    2.36    1.53  176.00  148.90  122.40   90.31    6.25   12.11   24.27   27.46
  6 25 80  4 177  290.40  294.60  293.90  292.80    3.23    2.71    2.24    1.67  170.00  128.40   99.24   74.32    5.53    6.92    7.80   10.52
  6 25 80  5 177  290.30  294.60  293.80  291.90    3.09    3.44    2.78    1.77  161.30  122.80  100.80   79.05    4.24    5.35    4.47    3.11
  6 25 80  6 177  290.40  294.50  293.30  291.80    3.29    3.97    2.82    1.56  156.80  123.80  107.30   95.88    6.51    4.24    4.20   11.14
  6 25 80  7 177  290.30  293.80  292.50  292.60    4.42    2.73    2.31    1.85  139.50  124.80  124.10  116.20    2.95    5.62    6.05    9.23
  6 25 80  8 177  290.80  294.00  294.30  294.70    2.56    2.22    2.10    1.85  134.10  131.40  131.30  125.70    6.50    6.97    4.85    5.49
  6 25 80  9 177  291.30  295.80  296.30  296.90    2.59    2.49    2.43    2.12  105.20  107.10  107.70  103.20    6.27    6.85    8.19    9.46
  6 25 80 10 177  291.10  296.90  297.50  298.10    2.61    2.48    2.33    2.01  116.50  118.80  119.30  113.30    5.92    8.93   12.05   16.44
  6 25 80 11 177  291.10  297.70  298.30  299.00    2.64    2.44    2.36    2.05  138.80  138.30  137.80  131.30    9.50   11.74   16.59   19.72
  6 25 80 12 177  291.10  298.40  299.10  299.70    2.13    2.03    1.93    1.69  136.30  136.10  134.60  120.50   10.07   17.30   16.99   17.73
  6 25 80 13 177  291.10  299.10  299.80  300.40    2.09    1.97    1.91    1.78  127.90  130.40  133.80  128.30   31.64   34.47   39.30   39.73
  6 25 80 14 177  290.90  299.80  300.40  301.00    2.02    1.93    1.81    1.69  115.70  112.00  109.50   95.89    8.17    8.12    8.53   13.62
  6 25 80 15 177  290.90  300.10  300.70  301.30    1.86    1.70    1.65    1.53  129.20  128.40  123.90  112.70   19.51   22.81   30.85   29.44
  6 25 80 16 177  290.90  300.60  301.20  301.70    1.58    1.59    1.56    1.51  117.80  111.40  107.10  101.50   31.59   35.66   40.94   44.42
  6 25 80 17 177  290.50  300.70  301.30  301.70    1.46    1.44    1.44    1.22  136.20  139.70  144.30  132.20    8.49   11.49   12.94   20.41
  6 25 80 18 177  290.90  300.70  301.30  301.70    1.06    0.98    0.97    0.91  140.90  131.30  125.00  113.20   34.46   47.15   33.23   28.07
  6 25 80 19 177  290.40  300.60  301.10  301.20    1.52    1.32    1.21    0.95  151.90  152.20  155.10  143.20    6.54    6.19    6.53    7.26
  6 25 80 20 177  290.20  300.50  300.80  300.20    1.91    1.66    1.49    1.00  150.40  152.60  153.90  143.60    5.11    6.63    9.09   10.70
  6 25 80 21 177  290.30  300.30  300.70  299.50    1.92    1.60    1.46    1.06  148.50  145.10  145.00  134.20    6.61    6.95    7.55   10.02
  6 25 80 22 177  289.90  299.90  300.10  298.70    2.89    2.14    1.95    1.08  165.50  158.70  154.80  135.90    9.86   12.29   10.98    5.60
  6 25 80 23 177  289.90  299.80  299.20  298.00    3.86    2.80    1.75    0.74  187.90  189.90  185.50  139.80    2.02    2.55    4.63    6.47
  6 25 80 24 177  290.20  299.50  299.10  296.50    3.98    3.96    2.65    1.22  188.80  189.40  186.80  144.00    1.19    2.38    2.88    3.08
  6 26 80  1 178  289.80  299.30  298.70  295.20    3.88    3.88    2.90    1.22  189.00  188.50  184.10  145.10    1.02    1.18    1.62    5.10
  6 26 80  2 178  289.30  299.20  298.50  294.40    3.76    3.93    2.89    1.05  193.70  193.50  197.40  159.70    2.55    3.97    4.14   10.34
  6 26 80  3 178  289.60  298.80  297.70  294.10    3.50    3.37    1.63    0.62  200.10  198.70  192.90  115.80    6.29    6.87   16.16   25.02
  6 26 80  4 178  289.20  298.60  297.30  294.30    2.39    2.65    1.33    1.28  184.60  183.90  149.40   83.88    5.26    4.69   15.30   13.11
  6 26 80  5 178  289.50  298.10  296.80  294.00    3.14    2.92    1.53    1.00  196.30  198.10  170.00  115.20    3.51    4.04   18.15   30.12
  6 26 80  6 178  289.80  297.90  296.30  293.60    3.80    3.47    2.23    1.15  186.20  184.30  159.90  126.30    4.34    5.10    6.76    6.40
  6 26 80  7 178 -999.99 -999.99 -999.99 -999.99 -999.99 -999.99 -999.99 -999.99 -999.99 -999.99 -999.99 -999.99 -999.99 -999.99 -999.99 -999.99
  6 26 80  8 178 -999.99 -999.99 -999.99 -999.99 -999.99 -999.99 -999.99 -999.99 -999.99 -999.99 -999.99 -999.99 -999.99 -999.99 -999.99 -999.99
  6 26 80  9 178  292.00  298.20  298.70  299.40    2.62    2.57    2.51    2.24  175.00  172.60  174.80  170.90   13.89   17.98   19.59   15.75
  6 26 80 10 178  292.00  299.40  300.00  300.70    2.51    2.54    2.48    2.21  209.20  208.30  207.40  200.40   13.55   12.82   14.57   15.26
  6 26 80 11 178  291.50  300.10  300.70  301.40    2.53    2.56    2.54    2.26  179.30  179.90  180.60  174.50   14.60   15.31   15.00   14.12
  6 26 80 12 178  291.60  300.70  301.30  302.00    2.96    2.82    2.72    2.43  199.80  198.50  199.70  191.70   17.02   22.35   20.72   19.83
  6 26 80 13 178  291.80  301.30  301.80  302.50    2.52    2.38    2.32    2.06  188.70  187.70  191.20  184.00   14.88   18.80   20.77   29.12
  6 26 80 14 178 -999.99 -999.99 -999.99 -999.99 -999.99 -999.99 -999.99 -999.99 -999.99 -999.99 -999.99 -999.99 -999.99 -999.99 -999.99 -999.99
  6 26 80 15 178 -999.99 -999.99 -999.99 -999.99 -999.99 -999.99 -999.99 -999.99 -999.99 -999.99 -999.99 -999.99 -999.99 -999.99 -999.99 -999.99
  6 26 80 16 178 -999.99 -999.99 -999.99 -999.99 -999.99 -999.99 -999.99 -999.99 -999.99 -999.99 -999.99 -999.99 -999.99 -999.99 -999.99 -999.99
  6 26 80 17 178 -999.99 -999.99 -999.99 -999.99 -999.99 -999.99 -999.99 -999.99 -999.99 -999.99 -999.99 -999.99 -999.99 -999.99 -999.99 -999.99
  6 26 80 18 178 -999.99 -999.99 -999.99 -999.99 -999.99 -999.99 -999.99 -999.99 -999.99 -999.99 -999.99 -999.99 -999.99 -999.99 -999.99 -999.99
  6 26 80 19 178 -999.99 -999.99 -999.99 -999.99 -999.99 -999.99 -999.99 -999.99 -999.99 -999.99 -999.99 -999.99 -999.99 -999.99 -999.99 -999.99
  6 26 80 20 178 -999.99 -999.99 -999.99 -999.99 -999.99 -999.99 -999.99 -999.99 -999.99 -999.99 -999.99 -999.99 -999.99 -999.99 -999.99 -999.99
  6 26 80 21 178 -999.99 -999.99 -999.99 -999.99 -999.99 -999.99 -999.99 -999.99 -999.99 -999.99 -999.99 -999.99 -999.99 -999.99 -999.99 -999.99
  6 26 80 22 178 -999.99 -999.99 -999.99 -999.99 -999.99 -999.99 -999.99 -999.99 -999.99 -999.99 -999.99 -999.99 -999.99 -999.99 -999.99 -999.99
  6 26 80 23 178 -999.99 -999.99 -999.99 -999.99 -999.99 -999.99 -999.99 -999.99 -999.99 -999.99 -999.99 -999.99 -999.99 -999.99 -999.99 -999.99
  6 26 80 24 178 -999.99 -999.99 -999.99 -999.99 -999.99 -999.99 -999.99 -999.99 -999.99 -999.99 -999.99 -999.99 -999.99 -999.99 -999.99 -999.99
  6 27 80  1 179 -999.99 -999.99 -999.99 -999.99 -999.99 -999.99 -999.99 -999.99 -999.99 -999.99 -999.99 -999.99 -999.99 -999.99 -999.99 -999.99
  6 27 80  2 179 -999.99 -999.99 -999.99 -999.99 -999.99 -999.99 -999.99 -999.99 -999.99 -999.99 -999.99 -999.99 -999.99 -999.99 -999.99 -999.99
  6 27 80  3 179 -999.99 -999.99 -999.99 -999.99 -999.99 -999.99 -999.99 -999.99 -999.99 -999.99 -999.99 -999.99 -999.99 -999.99 -999.99 -999.99
  6 27 80  4 179 -999.99 -999.99 -999.99 -999.99 -999.99 -999.99 -999.99 -999.99 -999.99 -999.99 -999.99 -999.99 -999.99 -999.99 -999.99 -999.99
  6 27 80  5 179 -999.99 -999.99 -999.99 -999.99 -999.99 -999.99 -999.99 -999.99 -999.99 -999.99 -999.99 -999.99 -999.99 -999.99 -999.99 -999.99
  6 27 80  6 179 -999.99 -999.99 -999.99 -999.99 -999.99 -999.99 -999.99 -999.99 -999.99 -999.99 -999.99 -999.99 -999.99 -999.99 -999.99 -999.99
  6 27 80  7 179 -999.99 -999.99 -999.99 -999.99 -999.99 -999.99 -999.99 -999.99 -999.99 -999.99 -999.99 -999.99 -999.99 -999.99 -999.99 -999.99
  6 27 80  8 179 -999.99 -999.99 -999.99 -999.99 -999.99 -999.99 -999.99 -999.99 -999.99 -999.99 -999.99 -999.99 -999.99 -999.99 -999.99 -999.99
  6 27 80  9 179 -999.99 -999.99 -999.99 -999.99 -999.99 -999.99 -999.99 -999.99 -999.99 -999.99 -999.99 -999.99 -999.99 -999.99 -999.99 -999.99
  6 27 80 10 179 -999.99 -999.99 -999.99 -999.99 -999.99 -999.99 -999.99 -999.99 -999.99 -999.99 -999.99 -999.99 -999.99 -999.99 -999.99 -999.99
  6 27 80 11 179 -999.99 -999.99 -999.99 -999.99 -999.99 -999.99 -999.99 -999.99 -999.99 -999.99 -999.99 -999.99 -999.99 -999.99 -999.99 -999.99
  6 27 80 12 179 -999.99 -999.99 -999.99 -999.99 -999.99 -999.99 -999.99 -999.99 -999.99 -999.99 -999.99 -999.99 -999.99 -999.99 -999.99 -999.99
  6 27 80 13 179 -999.99 -999.99 -999.99 -999.99 -999.99 -999.99 -999.99 -999.99 -999.99 -999.99 -999.99 -999.99 -999.99 -999.99 -999.99 -999.99
  6 27 80 14 179 -999.99 -999.99 -999.99 -999.99 -999.99 -999.99 -999.99 -999.99 -999.99 -999.99 -999.99 -999.99 -999.99 -999.99 -999.99 -999.99
  6 27 80 15 179 -999.99 -999.99 -999.99 -999.99 -999.99 -999.99 -999.99 -999.99 -999.99 -999.99 -999.99 -999.99 -999.99 -999.99 -999.99 -999.99
  6 27 80 16 179 -999.99 -999.99 -999.99 -999.99 -999.99 -999.99 -999.99 -999.99 -999.99 -999.99 -999.99 -999.99 -999.99 -999.99 -999.99 -999.99
  6 27 80 17 179 -999.99 -999.99 -999.99 -999.99 -999.99 -999.99 -999.99 -999.99 -999.99 -999.99 -999.99 -999.99 -999.99 -999.99 -999.99 -999.99
  6 27 80 18 179 -999.99 -999.99 -999.99 -999.99 -999.99 -999.99 -999.99 -999.99 -999.99 -999.99 -999.99 -999.99 -999.99 -999.99 -999.99 -999.99
  6 27 80 19 179 -999.99 -999.99 -999.99 -999.99 -999.99 -999.99 -999.99 -999.99 -999.99 -999.99 -999.99 -999.99 -999.99 -999.99 -999.99 -999.99
  6 27 80 20 179 -999.99 -999.99 -999.99 -999.99 -999.99 -999.99 -999.99 -999.99 -999.99 -999.99 -999.99 -999.99 -999.99 -999.99 -999.99 -999.99
  6 27 80 21 179 -999.99 -999.99 -999.99 -999.99 -999.99 -999.99 -999.99 -999.99 -999.99 -999.99 -999.99 -999.99 -999.99 -999.99 -999.99 -999.99
  6 27 80 22 179 -999.99 -999.99 -999.99 -999.99 -999.99 -999.99 -999.99 -999.99 -999.99 -999.99 -999.99 -999.99 -999.99 -999.99 -999.99 -999.99
  6 27 80 23 179 -999.99 -999.99 -999.99 -999.99 -999.99 -999.99 -999.99 -999.99 -999.99 -999.99 -999.99 -999.99 -999.99 -999.99 -999.99 -999.99
  6 27 80 24 179 -999.99 -999.99 -999.99 -999.99 -999.99 -999.99 -999.99 -999.99 -999.99 -999.99 -999.99 -999.99 -999.99 -999.99 -999.99 -999.99
  6 28 80  1 180 -999.99 -999.99 -999.99 -999.99 -999.99 -999.99 -999.99 -999.99 -999.99 -999.99 -999.99 -999.99 -999.99 -999.99 -999.99 -999.99
  6 28 80  2 180 -999.99 -999.99 -999.99 -999.99 -999.99 -999.99 -999.99 -999.99 -999.99 -999.99 -999.99 -999.99 -999.99 -999.99 -999.99 -999.99
  6 28 80  3 180 -999.99 -999.99 -999.99 -999.99 -999.99 -999.99 -999.99 -999.99 -999.99 -999.99 -999.99 -999.99 -999.99 -999.99 -999.99 -999.99
  6 28 80  4 180 -999.99 -999.99 -999.99 -999.99 -999.99 -999.99 -999.99 -999.99 -999.99 -999.99 -999.99 -999.99 -999.99 -999.99 -999.99 -999.99
  6 28 80  5 180 -999.99 -999.99 -999.99 -999.99 -999.99 -999.99 -999.99 -999.99 -999.99 -999.99 -999.99 -999.99 -999.99 -999.99 -999.99 -999.99
  6 28 80  6 180 -999.99 -999.99 -999.99 -999.99 -999.99 -999.99 -999.99 -999.99 -999.99 -999.99 -999.99 -999.99 -999.99 -999.99 -999.99 -999.99
  6 28 80  7 180 -999.99 -999.99 -999.99 -999.99 -999.99 -999.99 -999.99 -999.99 -999.99 -999.99 -999.99 -999.99 -999.99 -999.99 -999.99 -999.99
  6 28 80  8 180 -999.99 -999.99 -999.99 -999.99 -999.99 -999.99 -999.99 -999.99 -999.99 -999.99 -999.99 -999.99 -999.99 -999.99 -999.99 -999.99
  6 28 80  9 180 -999.99 -999.99 -999.99 -999.99 -999.99 -999.99 -999.99 -999.99 -999.99 -999.99 -999.99 -999.99 -999.99 -999.99 -999.99 -999.99
  6 28 80 10 180 -999.99 -999.99 -999.99 -999.99 -999.99 -999.99 -999.99 -999.99 -999.99 -999.99 -999.99 -999.99 -999.99 -999.99 -999.99 -999.99
  6 28 80 11 180 -999.99 -999.99 -999.99 -999.99 -999.99 -999.99 -999.99 -999.99 -999.99 -999.99 -999.99 -999.99 -999.99 -999.99 -999.99 -999.99
  6 28 80 12 180 -999.99 -999.99 -999.99 -999.99 -999.99 -999.99 -999.99 -999.99 -999.99 -999.99 -999.99 -999.99 -999.99 -999.99 -999.99 -999.99
  6 28 80 13 180 -999.99 -999.99 -999.99 -999.99 -999.99 -999.99 -999.99 -999.99 -999.99 -999.99 -999.99 -999.99 -999.99 -999.99 -999.99 -999.99
  6 28 80 14 180 -999.99 -999.99 -999.99 -999.99 -999.99 -999.99 -999.99 -999.99 -999.99 -999.99 -999.99 -999.99 -999.99 -999.99 -999.99 -999.99
  6 28 80 15 180 -999.99 -999.99 -999.99 -999.99 -999.99 -999.99 -999.99 -999.99 -999.99 -999.99 -999.99 -999.99 -999.99 -999.99 -999.99 -999.99
  6 28 80 16 180 -999.99 -999.99 -999.99 -999.99 -999.99 -999.99 -999.99 -999.99 -999.99 -999.99 -999.99 -999.99 -999.99 -999.99 -999.99 -999.99
  6 28 80 17 180 -999.99 -999.99 -999.99 -999.99 -999.99 -999.99 -999.99 -999.99 -999.99 -999.99 -999.99 -999.99   17.19   10.71   15.56   20.86
  6 28 80 18 180  291.10  301.00  300.20  299.10    2.09    2.22    2.26    1.84   18.22   18.22    8.66    0.52   48.34   48.54   49.74   56.52
  6 28 80 19 180  288.40  301.30  300.70  299.80    1.60    1.32    1.33    1.36   31.28    2.32  348.70  115.10   54.23   74.12   82.96  103.90
  6 28 80 20 180  291.60  299.80  299.60  298.70    4.37    3.52    3.18    2.52  166.10  177.50  179.00  176.40   37.19   30.11   26.19   17.31
  6 28 80 21 180  291.00  297.80  297.40  297.00    3.44    2.95    2.53    1.73  218.60  214.20  214.80  213.80   14.37   16.51   18.64   21.55
  6 28 80 22 180  290.10  298.90  297.80  297.00    3.85    2.65    2.24    1.56  260.10  271.50  273.00  264.10    8.39   13.71   17.27   27.50
  6 28 80 23 180  290.90  298.10  297.30  296.70    3.69    2.60    1.92    1.44  289.80  293.00  293.50  283.20   13.63   21.64   44.90   75.92
  6 28 80 24 180  292.80  298.00  296.90  296.70    4.50    3.11    2.31    1.66  355.10  323.90  318.70  316.80   23.58   28.25   35.77   46.02
  6 29 80  1 181  291.90  296.40  295.80  295.60    3.73    3.31    2.69    1.86  144.90  156.40  165.80  164.90   60.28   57.48   61.59   56.89
  6 29 80  2 181  291.80  296.30  295.80  295.70    1.96    1.98    2.05    1.58  295.00  262.90  259.90  253.00   25.24   16.55   10.83   13.84
  6 29 80  3 181  291.50  295.90  295.90  295.80    4.03    3.79    3.50    2.57  353.30  340.20  331.10  323.30   14.03   20.90   25.99   28.03
  6 29 80  4 181  290.10  295.70  295.30  295.30    6.41    4.63    4.01    2.92    8.88  357.60  354.50  351.30    3.68    2.72    2.72    3.49
  6 29 80  5 181  288.70  295.50  294.80  294.60    7.34    5.28    4.32    2.92   21.17    9.08    5.06    2.27    3.68    3.38    3.95    7.19
  6 29 80  6 181  286.50  296.00  294.60  294.10    6.30    3.65    2.41    1.54   37.60   21.41    8.60  352.00    7.03    8.10    7.92    8.55
  6 29 80  7 181  286.60  295.90  294.70  294.70    1.79    1.35    1.55    1.46   57.26  187.40  203.40  201.40   12.49   63.29   61.40   59.82
  6 29 80  8 181  285.90  297.10  296.20  296.60    0.92    1.51    1.76    1.74  316.40  243.00  239.10  232.40   79.07   19.71   10.43    9.80
  6 29 80  9 181  286.20  298.10  298.00  298.60    2.00    2.19    2.10    1.94  208.80  220.20  224.20  217.70    9.75    6.34    9.09    7.88
  6 29 80 10 181  285.30  299.60  300.00  300.80    3.63    3.47    3.28    2.78  249.30  242.50  244.40  238.70   11.41    6.98    6.11    6.71
  6 29 80 11 181  285.50  300.00  300.70  301.50    7.46    7.19    6.69    5.54  295.00  296.70  297.10  295.10   21.19   24.82   23.38   25.14
  6 29 80 12 181  284.70  299.60  300.30  301.10    8.99    8.53    7.94    6.57  305.80  308.90  309.10  308.20    3.45    3.97    4.44    5.05
  6 29 80 13 181  283.50  300.10  300.70  301.50    9.10    8.50    7.90    6.45  291.70  296.20  297.20  295.60    5.60    4.77    4.55    5.10
  6 29 80 14 181  282.60  300.80  301.60  302.30    9.39    7.62    7.15    6.01  277.20  279.00  280.20  280.30    5.08    6.38    7.15    6.22
  6 29 80 15 181  281.00  300.80  301.40  302.10   12.55   11.11   10.02    8.06  291.90  295.00  295.70  294.70    5.34    5.42    5.40    5.05
  6 29 80 16 181  281.00  300.70  301.30  302.00   12.31   10.57    9.66    7.76  289.60  292.50  293.20  292.80    5.98    6.19    6.32    6.87
  6 29 80 17 181  281.30  300.70  301.30  301.90   11.61   10.29    9.12    7.37  292.20  295.00  295.60  294.50    8.03    8.59    9.61    8.75
  6 29 80 18 181  282.10  299.40  300.00  300.50   10.97    9.74    8.91    7.26  323.10  327.50  327.30  326.50    6.72    6.60    6.80    5.78
  6 29 80 19 181  282.20  297.70  298.10  298.40    9.30    7.48    6.69    5.15  331.90  335.40  335.10  334.60    3.68    3.23    2.91    2.27
  6 29 80 20 181  281.70  296.40  296.50  296.50    8.59    5.16    4.67    3.63  338.90  343.60  343.40  343.00    2.01    2.55    3.05    4.55
  6 29 80 21 181  281.50  295.60  295.50  295.20    8.87    4.88    4.06    2.94  335.80  342.70  343.60  343.50    1.34    1.49    0.90    2.28
  6 29 80 22 181  281.70  294.90  295.00  294.00    8.21    5.75    4.17    2.57  335.70  338.50  337.30  334.10    1.32    1.84    2.48    4.41
  6 29 80 23 181  281.70  294.50  294.60  293.20    8.16    6.26    4.46    2.61  333.60  335.60  333.70  328.50    1.44    2.36    4.63   10.07
  6 29 80 24 181  282.60  292.70  292.50  292.00    5.58    3.77    3.02    2.13  358.20  349.70  342.20  334.60   15.40    9.97    7.87    9.05
  6 30 80  1 182  283.70  292.20  291.90  291.20    6.92    4.57    3.20    2.25   15.01   10.70    1.17  350.20    1.28    3.99    6.00   10.71
  6 30 80  2 182  283.60  291.60  291.40  291.10    6.37    4.06    2.90    1.97   16.07   11.52    3.50  354.10    1.58    2.79    5.44    8.09
  6 30 80  3 182  283.80  291.10  290.80  290.50    5.65    3.72    2.68    1.76   17.32    8.06  358.30  346.40    1.14    1.75    2.97    4.61
  6 30 80  4 182  283.20  291.10  290.60  289.50    3.22    2.38    2.42    1.82    8.67  350.50  330.30  313.00    9.53    7.64    9.04    5.94
  6 30 80  5 182  283.00  291.00  289.90  287.90    3.28    3.01    2.00    2.10  324.10  293.20  282.00  245.00   11.59   13.46   10.19   13.27
  6 30 80  6 182  282.10  291.10  290.00  288.20    4.41    3.75    3.00    2.32  306.50  287.00  280.20  262.20    4.26    4.03    6.95   15.31
  6 30 80  7 182  281.80  291.00  290.70  290.20    4.98    4.35    3.61    2.90  306.50  294.70  291.90  292.60    3.27    4.01    4.79    5.25
  6 30 80  8 182  282.80  291.20  291.70  292.30    3.51    3.22    3.05    2.57  321.00  321.30  319.50  319.30    4.95    7.25    7.49    9.78
  6 30 80  9 182  282.10  292.00  292.70  293.30    3.28    3.30    3.33    3.01  340.80  347.30  349.40  352.50   10.79   11.77   11.44   11.16
  6 30 80 10 182  282.20  292.80  293.40  294.10    3.39    3.27    3.23    2.82  327.00  332.90  333.30  333.90   14.87   14.45   15.16   16.74
  6 30 80 11 182  282.50  293.90  294.40  295.10    3.64    3.44    3.29    2.76  311.80  313.80  313.30  312.30   11.64   12.63   13.48   17.45
  6 30 80 12 182  282.90  294.90  295.50  296.10    2.35    2.31    2.23    2.00  329.40  332.00  332.20  330.20   17.03   18.96   24.12   30.03
  6 30 80 13 182  283.50  295.90  296.50  297.10    2.32    2.18    2.08    1.96  288.80  307.60  318.60  341.80   46.58   46.63   44.41   36.82
  6 30 80 14 182  283.70  297.00  297.60  298.30    2.37    2.48    2.34    2.10  259.40  252.30  251.20  239.90   52.48   57.81   60.21   63.84
  6 30 80 15 182  284.80  297.50  298.10  298.80    2.35    2.36    2.28    2.10  148.00  150.50  154.40  152.40   38.22   46.66   49.87   50.76
  6 30 80 16 182  285.60  297.60  298.20  299.00    2.76    2.73    2.61    2.30  151.50  150.90  151.40  149.90   10.95   14.25   14.95   15.98
  6 30 80 17 182  285.40  297.80  298.30  298.60    2.63    2.58    2.42    1.99  148.00  145.60  144.20  139.90   11.38   11.80   11.46   12.16
  6 30 80 18 182  285.20  298.00  298.40  298.40    2.75    2.74    2.50    1.82  145.00  138.70  135.30  129.00    7.56    7.00    6.29    3.76
  6 30 80 19 182  285.60  297.90  298.20  297.50    3.37    3.28    3.04    1.77  128.50  124.60  123.20  119.40    6.25    6.76    8.29    8.05
  6 30 80 20 182  285.20  297.70  298.00  296.00    4.90    4.93    4.29    2.28  115.60  111.80  110.10  108.90    4.00    2.50    3.03    6.21
  6 30 80 21 182  284.80  297.60  297.40  294.60    6.94    6.43    4.77    2.35  127.00  120.90  119.30  119.30    6.05    4.52    5.73    9.19
  6 30 80 22 182  286.30  297.10  296.20  293.60    7.29    6.63    4.65    2.14  143.50  130.20  124.20  120.80    2.79    2.10    3.66    6.40
  6 30 80 23 182  285.60  296.90  294.80  292.30    9.87    7.15    4.85    2.06  151.10  143.40  140.40  141.10    1.57    5.99    6.24    6.66
  6 30 80 24 182  286.10  295.50  293.50  292.00   11.69    7.91    5.38    2.52  149.50  143.10  141.60  139.60    0.73    1.36    1.73    3.86
  7  1 80  1 183  286.60  293.80  292.90  292.20   10.31    7.02    5.04    2.91  149.40  146.00  146.30  147.30    2.07    3.69    5.27    6.41
  7  1 80  2 183  286.90  293.20  292.70  291.90    9.45    6.50    4.74    2.51  151.00  147.30  147.40  146.80    0.79    1.94    2.30    2.70
  7  1 80  3 183  286.80  293.00  292.70  292.20    9.84    6.93    5.43    3.57  154.10  153.10  154.40  153.50    1.36    2.21    2.99    2.86
  7  1 80  4 183  286.90  292.70  292.70  292.40    9.90    7.52    6.12    4.34  158.40  157.80  159.30  158.00    1.34    1.34    1.88    2.67
  7  1 80  5 183  287.10  292.70  292.80  292.60   10.81    8.38    6.96    5.24  161.20  160.90  163.10  160.30    1.52    2.43    2.48    3.07
  7  1 80  6 183  287.40  292.80  293.00  293.10   11.05    8.80    7.59    5.94  165.20  164.90  167.10  165.00    1.70    1.69    1.50    1.70
  7  1 80  7 183  288.00  293.70  294.00  294.40   11.01    9.23    8.25    6.52  171.80  171.30  173.80  171.40    2.31    2.36    1.78    2.29
  7  1 80  8 183  288.40  295.20  295.60  295.90   10.97    9.26    8.35    6.79  178.10  178.60  180.30  177.50    1.48    1.69    1.70    2.35
  7  1 80  9 183  289.40  296.40  296.80  297.30   10.05    8.87    8.16    6.64  180.70  180.40  183.10  180.40    1.95    2.23    2.16    2.15
  7  1 80 10 183  290.70  298.40  298.80  299.40    8.70    7.86    7.13    5.70  194.70  193.30  195.30  193.20    3.42    3.43    3.24    3.49
  7  1 80 11 183  291.70  299.60  300.10  301.00    8.38    7.70    7.12    5.62  200.40  199.20  200.80  199.90    2.32    2.50    2.67    3.43
  7  1 80 12 183  292.50  301.40  302.00  302.70    5.88    5.49    5.03    4.03  215.30  213.60  215.10  211.80    7.26    8.15    9.57    9.90
  7  1 80 13 183  292.90  302.70  303.30  304.10    5.23    4.91    4.55    3.82  213.90  210.50  211.60  207.60    3.74    6.13    7.63    7.69
  7  1 80 14 183  292.70  303.90  304.50  305.10    4.65    4.25    3.93    3.27  219.80  218.90  221.40  216.40    5.52    7.59    9.33   11.33
  7  1 80 15 183  293.50  304.60  305.10  305.70    3.21    2.98    2.70    2.33  209.50  208.10  209.40  206.10    9.49   13.18   14.34   15.42
  7  1 80 16 183  294.50  305.50  306.00  306.50    2.16    1.96    1.81    1.64  195.00  179.50  174.50  163.80   17.68   24.55   26.50   23.98
  7  1 80 17 183  294.60  306.50  306.80  307.10    2.25    1.91    1.73    1.55  201.90  191.50  184.40  175.40   10.69   13.17   12.19   10.53
  7  1 80 18 183  295.50  306.40  306.60  306.80    2.56    2.32    2.08    1.83  207.00  164.80  155.40  124.30   85.70   70.58   68.09   66.82
  7  1 80 19 183  294.50  305.50  305.60  305.10    5.59    4.65    3.79    2.60   31.24   29.34   29.94   27.36    2.47    4.74    5.43    4.02
  7  1 80 20 183  293.90  305.30  305.00  303.40    6.06    4.85    3.51    1.95   38.29   38.53   40.64   36.89    2.61    3.32    4.04    6.11
  7  1 80 21 183  293.80  305.10  304.60  302.70    4.84    4.45    3.03    1.56   52.59   59.14   58.37   53.86    5.10    7.33    4.55    8.19
  7  1 80 22 183  294.40  303.40  303.10  301.70    5.98    5.02    4.08    2.49   48.40   39.76   35.83   26.82    6.88   10.51   11.94   15.01
  7  1 80 23 183  294.90  302.20  301.60  301.10    7.20    5.58    4.62    3.10   30.51   14.83    7.89    3.14    6.89    4.16    3.52    4.36
  7  1 80 24 183  295.00  301.30  300.40  300.10    8.31    5.79    4.47    3.02   32.71   21.82   21.32   19.24    5.07    4.22    6.15    6.88
  7  2 80  1 184  295.10  299.80  299.60  299.40    7.25    5.00    3.86    2.54   25.71   18.03   16.54   14.95    7.08    6.98    7.24    6.52
  7  2 80  2 184  294.90  298.70  298.80  298.90    6.55    4.77    3.92    2.79   12.85    3.57  358.70  355.10    2.58    3.53    3.35    3.63
  7  2 80  3 184  294.60  297.80  297.90  298.10    6.48    4.83    4.16    3.11   11.17    2.69  358.90  356.20    2.83    4.44    5.10    6.09
  7  2 80  4 184  294.10  297.40  297.60  297.70    7.16    5.15    4.20    3.15   21.34   17.00   16.03   13.68    3.69    3.74    4.34    3.95
  7  2 80  5 184  293.70  297.20  297.50  297.60    6.57    4.79    4.02    3.03   19.77   13.98   12.57    9.98    3.46    6.07    7.59    7.91
  7  2 80  6 184  293.60  296.80  297.00  297.30    8.15    7.05    6.37    4.94  337.20  334.60  332.10  330.40   21.63   15.76   12.96    9.74
  7  2 80  7 184  292.90  296.20  296.70  297.00    6.31    5.89    5.49    4.41   13.62   13.33   13.19   13.11   11.06   10.90   11.71   11.78
  7  2 80  8 184  292.90  296.10  296.60  297.10    5.32    4.59    4.29    3.66   37.58   35.53   36.10   35.70   15.99   16.47   17.14   16.93
  7  2 80  9 184  292.80  296.10  296.70  297.30    6.36    6.42    6.19    5.37   13.67   13.71   13.04   13.07   13.14   11.64   11.84   11.58
  7  2 80 10 184  292.70  296.60  297.20  297.70    5.00    4.68    4.31    3.71   64.72   62.27   62.55   60.53   23.21   23.79   24.32   23.89
  7  2 80 11 184  292.50  296.60  297.20  297.80    4.93    4.81    4.88    4.16  350.50  352.60  352.70  353.40   35.15   34.82   35.50   31.53
  7  2 80 12 184  292.10  296.30  297.00  297.70    6.23    6.02    5.67    4.85    9.72    9.11    8.77    7.67   33.49   30.19   30.52   29.58
  7  2 80 13 184  292.00  297.50  298.10  298.90    4.12    3.93    3.76    3.31   32.82   32.95   34.13   35.14   16.23   16.69   17.88   19.15
  7  2 80 14 184  292.00  298.40  299.00  299.60    2.63    2.53    2.41    2.21   10.07    9.60    9.70    9.79   29.79   27.15   27.61   27.80
  7  2 80 15 184  291.80  298.40  299.00  299.60    6.28    5.93    5.55    4.52  301.10  303.00  303.00  303.40    3.46    5.18    7.26   10.13
  7  2 80 16 184  292.10  296.30  296.80  297.30    5.09    4.77    4.48    3.69  283.80  284.60  285.90  286.30   50.53   49.13   48.02   48.94
  7  2 80 17 184  292.10  295.90  295.80  295.90    8.14    7.15    6.22    4.57  159.70  161.10  165.10  165.70   28.19   26.43   26.27   26.09
  7  2 80 18 184  291.00  297.10  296.30  296.40    6.81    4.81    4.11    3.04  233.00  229.50  237.30  240.30   53.24   61.36   61.29   63.26
  7  2 80 19 184  292.80  295.60  296.10  296.60    3.59    3.63    3.48    3.05  353.20  356.80  357.10  359.20   14.56   11.12   11.10   10.69
  7  2 80 20 184  292.60  295.40  295.80  296.00    5.42    4.38    3.64    2.69   40.10   37.86   38.97   35.20   11.42    9.84   10.24    8.39
  7  2 80 21 184  291.90  296.10  296.00  295.90    4.03    2.84    2.40    1.90   53.18   61.19   66.50   73.89    6.26   10.87   14.99   22.63
  7  2 80 22 184  291.30  296.50  296.00  295.90    4.26    2.72    1.91    1.41   51.97   56.59   58.76   79.58    5.83    9.63    8.77   15.15
  7  2 80 23 184  292.80  295.50  295.80  296.10    2.91    2.02    1.88    1.69   26.24    1.50  349.50  346.20   23.92   27.97   28.40   58.25
  7  2 80 24 184  293.00  295.10  295.50  295.50    1.37    1.32    1.39    1.32  322.70  273.90  257.50  232.70   62.72   71.58   52.24   39.86
  7  3 80  1 185  289.80  294.10  294.40  294.50    4.68    4.33    3.87    3.00   23.05   17.63   16.89   15.13   41.64   42.20   46.49   54.51
  7  3 80  2 185  287.40  292.40  292.80  293.00    4.06    3.07    2.59    1.96   64.67   57.65   58.01   58.98   10.93   10.37   12.20   17.73
  7  3 80  3 185  288.70  291.80  291.60  291.70    3.85    3.18    2.73    2.02  131.50  129.80  135.60  137.90   54.26   80.48   82.94   82.19
  7  3 80  4 185  290.90  293.10  291.70  291.60    6.50    5.44    4.27    2.70  144.90  128.90  128.30  126.00    3.00    2.93    2.92    3.10
  7  3 80  5 185  291.70  293.90  292.40  292.30    5.22    3.29    2.02    1.05  154.00  143.50  146.80  153.20    5.17    8.86   13.29   39.94
  7  3 80  6 185  291.40  293.10  292.80  292.90    3.15    1.39    1.12    1.07  181.10  183.30  275.40  280.90   18.17   65.50  102.05   85.94
  7  3 80  7 185  291.50  293.00  292.70  292.70    2.34    1.68    1.58    1.33  156.10  102.60   88.53   91.98   23.49   21.08   16.11   17.79
  7  3 80  8 185  291.50  293.00  293.00  293.10    1.77    1.31    1.05    0.91  248.60  298.10  307.70  299.40   44.94   57.24   61.75   70.24
  7  3 80  9 185  291.40  292.90  292.70  293.00    2.49    1.02    0.74    0.76  221.20  234.50  263.90  281.50    7.34   67.34   83.23   84.91
  7  3 80 10 185  291.40  292.80  293.10  293.50    1.74    1.37    1.28    1.26  311.80  351.70  357.90    1.74   76.98   57.34   51.54   44.44
  7  3 80 11 185  291.20  292.50  292.80  293.30    4.56    4.59    4.36    3.62   49.66   47.39   48.87   49.23   41.65   42.43   44.64   48.55
  7  3 80 12 185  291.50  292.80  293.20  293.80    3.06    2.86    2.83    2.53   74.78   67.38   65.85   65.13   20.57   24.82   26.72   25.31
  7  3 80 13 185  291.90  293.30  293.90  294.40    0.98    1.12    1.08    1.03   96.04  105.50  113.30  119.40   58.99   55.28   54.85   56.54
  7  3 80 14 185  292.30  294.80  295.40  295.90    1.11    1.02    1.00    1.02  354.50   64.84   94.58   55.48   94.69   84.21   92.46   74.08
  7  3 80 15 185  292.40  295.80  296.40  297.00    1.69    1.65    1.49    1.40  261.10  269.30  271.10  267.70   22.29   21.01   20.78   24.07
  7  3 80 16 185  292.60  296.60  297.20  297.80    2.38    2.34    2.25    2.10   17.96   13.59   19.68   22.14   17.51   22.97   15.41   15.63
  7  3 80 17 185  292.60  297.30  297.80  298.40    2.23    2.09    1.98    1.82   61.67   63.54   66.31   65.96   15.82   19.65   20.54   22.85
  7  3 80 18 185  292.70  297.20  297.80  298.30    2.06    1.94    1.78    1.49  116.50  114.70  115.70  114.40   14.80   13.39   13.46   13.36
  7  3 80 19 185  293.00  297.00  297.50  297.70    3.36    3.21    2.79    2.00  110.80  107.10  106.50  100.80   11.40    9.15    9.19   10.89
  7  3 80 20 185  293.00  296.70  297.00  297.10    4.42    3.53    2.76    1.72  110.10  111.30  114.60  112.70    6.88    7.92    8.44    9.90
  7  3 80 21 185  292.60  296.90  296.80  296.70    4.50    3.51    2.64    1.43  118.90  112.40  114.10  114.80    5.61    3.72    3.95    6.05
  7  3 80 22 185  292.60  296.80  296.50  296.10    5.87    4.39    3.18    1.64  133.40  130.90  131.00  128.60    3.83    2.23    2.41    5.39
  7  3 80 23 185  293.00  296.80  296.30  295.90    6.33    3.92    2.65    1.26  136.30  128.50  128.60  127.70    4.07    4.63    6.58   13.48
  7  3 80 24 185  293.30  296.80  296.40  295.60    6.60    4.60    3.38    1.53  154.10  142.20  138.70  135.00    5.37    2.59    4.42    9.70
  7  4 80  1 186  293.30  296.20  295.90  295.40    7.18    4.83    3.44    1.81  162.60  151.80  147.30  143.40    4.48    8.39   10.21   11.27
  7  4 80  2 186  293.10  295.60  295.70  295.60    7.03    4.84    3.68    2.18  156.90  152.30  152.40  147.30    6.87    8.39    8.51    9.90
  7  4 80  3 186  293.40  295.00  295.30  295.50    8.67    6.76    5.79    4.31  167.30  167.90  170.20  168.70   15.70   20.64   24.21   27.81
  7  4 80  4 186  292.90  294.30  294.60  295.40    5.04    4.54    4.21    3.22  118.00  119.90  124.00  131.50   79.62   77.26   80.25   76.82
  7  4 80  5 186  290.30  293.10  293.40  293.70    6.96    5.71    5.09    3.75  239.10  243.30  245.50  241.00   69.84   71.29   71.11   66.86
  7  4 80  6 186  291.20  293.80  294.10  294.30    4.93    3.41    2.97    2.26  212.40  168.70  156.20  135.60   41.54   69.57   76.64   81.54
  7  4 80  7 186  291.80  294.40  294.70  295.00    5.27    4.78    4.15    3.19  172.00  165.50  166.50  166.80   18.02   25.68   28.69   29.66
  7  4 80  8 186  292.50  295.50  295.80  296.50    5.62    5.01    4.70    4.03  178.30  180.30  183.60  181.90    7.26    7.30    6.44    5.50
  7  4 80  9 186  293.80  296.80  297.30  298.10    4.85    4.77    4.47    3.78  195.70  194.80  196.90  193.30    7.67    6.23    6.89    8.56
  7  4 80 10 186  294.30  297.90  298.60  299.30    3.45    3.31    3.15    2.83  204.30  202.70  203.60  201.20    5.98    6.44    8.19   10.22
  7  4 80 11 186  294.90  299.20  299.80  300.50    2.04    1.92    1.81    1.57  241.50  241.80  244.50  238.70   19.54   21.96   24.01   32.02
  7  4 80 12 186  295.20  299.90  300.40  300.90    1.12    1.14    1.00    0.92  243.20  243.90  250.70  256.30   30.57   36.51   33.95   46.27
  7  4 80 13 186  295.60  300.50  301.10  301.50    0.99    0.95    0.96    0.99  299.20    2.94   27.75   31.18   62.30   87.34   72.67   73.39
  7  4 80 14 186  295.70  301.40  302.00  302.60    2.21    1.96    1.89    1.64  229.00  222.70  219.00  214.00   17.08   23.17   47.57   68.20
  7  4 80 15 186  295.80  302.20  302.70  303.40    2.71    2.51    2.35    2.05  229.70  226.50  229.50  225.50    8.84   11.33   13.96   20.75
  7  4 80 16 186  296.40  302.40  303.00  303.60    2.35    2.25    2.15    1.94  210.20  205.90  205.60  197.80   12.43   17.48   20.67   23.75
  7  4 80 17 186  296.80  302.80  303.30  303.80    2.60    2.40    2.29    2.06  207.20  204.50  206.10  201.40   11.25   10.43   10.34   10.53
  7  4 80 18 186  297.20  303.00  303.40  303.80    2.62    2.46    2.24    1.82  192.60  190.70  191.70  185.70    8.99    9.57    9.67   11.19
  7  4 80 19 186  297.00  303.20  303.40  303.20    3.23    2.57    2.23    1.51  180.00  168.10  160.00  145.90    3.82    5.49    7.65   11.35
  7  4 80 20 186  297.10  303.10  303.20  302.20    3.28    3.05    2.92    1.70  162.00  145.40  136.40  121.40   15.15   12.91    7.69    9.61
  7  4 80 21 186  296.90  303.20  303.10  301.20    3.34    3.42    3.28    1.30  167.00  146.70  136.70  125.20    9.53    3.00    3.58    8.32
  7  4 80 22 186  296.40  303.20  302.70  300.30    4.28    4.27    4.09    1.71  172.20  147.50  135.10  128.40    4.54    2.45    2.01    5.16
  7  4 80 23 186  296.00  303.30  302.30  299.60    6.05    6.28    4.92    2.11  171.00  159.80  150.30  145.70    2.27    4.22    5.07    6.42
  7  4 80 24 186  296.60  302.30  301.20  299.10    7.50    4.92    3.28    1.30  187.00  166.00  152.70  135.10    5.48    3.91    8.94   18.59
  7  5 80  1 187  297.70  301.50  300.10  298.80    9.61    5.81    4.18    2.14  203.10  189.40  184.60  172.60    4.71    8.44   12.48   20.91
  7  5 80  2 187  296.40  300.50  300.10  299.60   10.23    7.10    5.27    3.26  228.20  222.30  224.10  219.10    6.81    8.71   10.26   11.99
  7  5 80  3 187  293.30  298.20  298.20  298.20   14.48   12.11   10.59    7.95  280.30  279.60  278.90  278.50   34.94   37.58   36.01   37.98
  7  5 80  4 187  289.60  293.60  294.00  294.30    9.52    8.62    7.81    6.18  353.00  356.20  356.60  356.00   19.33   19.29   20.12   20.44
  7  5 80  5 187  289.20  293.60  293.70  293.50    4.55    4.12    3.65    2.55   56.26   68.27   75.09   81.13   42.16   49.44   53.01   56.27
  7  5 80  6 187  289.50  293.10  292.90  293.00    5.38    5.01    4.10    2.96  198.10  208.90  215.70  218.00   22.27   20.83   20.94   22.14
  7  5 80  7 187  290.50  293.10  293.70  294.20    6.35    5.31    4.55    3.59  215.80  216.10  219.00  216.60    2.30    2.30    3.42    4.12
  7  5 80  8 187  291.00  294.30  294.90  295.60    5.33    5.16    4.71    3.75  236.00  234.90  238.10  237.10    9.52    9.46    9.31    9.25
  7  5 80  9 187  291.60  295.70  296.30  297.00    3.94    3.93    3.69    3.11  247.40  244.40  247.60  246.80    3.70    3.85    4.22    5.30
  7  5 80 10 187  292.00  297.50  298.10  298.90    3.78    3.76    3.56    3.05  255.20  252.00  254.00  251.80    7.30    5.73    5.38    5.89
  7  5 80 11 187  291.80  299.70  300.30  301.20    5.05    4.73    4.40    3.67  268.60  268.10  269.20  268.10    3.50    5.47    5.58    7.85
  7  5 80 12 187  293.10  300.90  301.50  302.20    4.92    4.89    4.61    3.96  279.40  283.90  284.50  285.80    4.94    8.25    9.56   11.33
  7  5 80 13 187  291.60  301.80  302.50  303.20    5.56    5.37    5.15    4.21  308.10  311.00  310.20  310.80   11.15   11.46   10.87   12.97
  7  5 80 14 187  290.70  302.30  303.00  303.70    5.79    5.59    5.30    4.64  296.40  299.20  299.30  301.60    5.96    6.63    5.37    6.44
  7  5 80 15 187  291.70  302.40  302.90  303.60    4.61    4.43    4.24    3.68  295.50  297.90  298.80  299.80    5.38    4.57    4.53    5.47
  7  5 80 16 187  292.70  302.40  303.00  303.60    3.34    3.14    3.04    2.67  313.70  315.00  313.70  312.70    8.49    9.58    8.93    9.20
  7  5 80 17 187  292.60  302.60  303.20  303.80    3.44    3.24    3.09    2.65  302.80  304.80  303.80  303.30   13.24   15.25   16.45   18.91
  7  5 80 18 187  293.00  302.60  303.10  303.60    3.35    3.13    2.96    2.50  302.80  307.30  307.10  308.10    8.79    9.25    8.12    7.98
  7  5 80 19 187  292.90  302.30  302.70  302.90    3.24    3.06    2.60    2.08  309.80  313.70  314.10  314.40    6.29    7.72    7.60    8.87
  7  5 80 20 187  292.50  302.00  302.30  301.60    2.90    3.07    2.55    1.56  308.70  317.20  317.80  316.00    4.95    4.87    6.09   10.14
  7  5 80 21 187  292.10  301.80  301.80  300.30    3.18    3.31    2.82    1.36  315.00  320.50  320.20  320.40   11.12    8.87    7.59   12.91
  7  5 80 22 187  292.10  301.50  301.60  299.50    3.67    3.76    3.43    1.69  320.70  321.60  318.80  316.50    3.37    1.93    1.93    8.28
  7  5 80 23 187  291.10  301.60  301.20  299.10    4.04    4.36    3.57    1.97  334.90  333.50  332.70  333.80    5.92    4.76    5.30    7.29
  7  5 80 24 187  289.80  301.70  301.20  298.60    2.46    3.80    3.19    1.93  354.80  351.20  351.50  352.40    7.21    7.75    7.42    7.80
  7  6 80  1 188  289.90  301.70  300.60  298.50    3.05    4.50    3.33    1.72    6.46    3.92    4.76   16.57    1.19    2.00    3.29   14.07
  7  6 80  2 188  291.20  298.30  297.70  296.90    6.56    5.48    4.47    3.16   38.80   33.35   33.08   37.36   22.22   22.38   21.42   14.82
  7  6 80  3 188  290.80  293.60  294.00  294.20    7.95    6.20    5.42    4.25   71.58   67.75   68.04   66.81    4.81    4.96    5.22    6.75
  7  6 80  4 188  288.80  292.50  292.70  292.70    7.29    5.80    4.89    3.53   84.07   81.98   83.16   79.70    3.72    5.16    4.76    3.58
  7  6 80  5 188  287.80  291.90  291.90  291.70    6.80    5.37    4.40    2.97   90.66   84.79   83.46   78.56    2.31    2.48    2.44    3.01
  7  6 80  6 188  287.80  291.70  291.70  291.70    6.02    4.41    3.61    2.54   90.04   81.50   79.80   75.34    3.81    5.44    4.28    2.95
  7  6 80  7 188 -999.99 -999.99 -999.99 -999.99 -999.99 -999.99 -999.99 -999.99 -999.99 -999.99 -999.99 -999.99    2.37    2.35    3.01    3.22
  7  6 80  8 188 -999.99 -999.99 -999.99 -999.99 -999.99 -999.99 -999.99 -999.99 -999.99 -999.99 -999.99 -999.99 -999.99 -999.99 -999.99 -999.99
  7  6 80  9 188 -999.99 -999.99 -999.99 -999.99 -999.99 -999.99 -999.99 -999.99 -999.99 -999.99 -999.99 -999.99    2.15    4.98    6.59    7.60
  7  6 80 10 188  290.20  295.80  296.30  297.00    3.73    3.58    3.41    2.90  115.00  114.50  115.30  113.40    8.32   11.39   12.81   14.30
  7  6 80 11 188  291.30  297.30  297.80  298.50    3.54    3.45    3.24    2.67  120.20  122.00  122.80  119.20    8.89    9.49    9.97    9.70
  7  6 80 12 188  291.20  296.80  297.00  297.30    5.70    5.17    4.58    3.62  266.90  259.40  247.80  244.90   83.24   84.17   80.44   82.14
  7  6 80 13 188  291.80  294.90  294.90  295.00    5.38    4.60    3.78    2.46  142.10  138.30  136.10  131.20   45.45   35.93   34.63   34.32
  7  6 80 14 188  291.90  295.80  295.90  296.20    5.67    4.28    3.62    2.78  117.50  115.50  114.20  110.10    4.67    8.47   10.25   12.63
  7  6 80 15 188  291.80  296.80  297.20  297.80    2.96    2.82    2.62    2.29   98.77  101.70  103.50  101.30   16.75   15.82   15.90   16.71
  7  6 80 16 188  292.10  297.60  298.10  298.70    1.94    1.94    1.86    1.65   94.82   93.90   95.25   91.22   22.13   21.74   22.46   20.68
  7  6 80 17 188  292.20  298.30  298.70  299.20    2.63    2.60    2.47    2.10  131.90  133.30  134.50  133.20   11.07   13.11   13.98   15.51
  7  6 80 18 188  292.50  298.40  298.80  299.10    2.88    2.60    2.26    1.58  120.10  123.70  125.00  124.50    5.26    5.91    5.69    5.94
  7  6 80 19 188  292.50  298.50  298.80  298.30    3.94    3.45    2.71    1.40  132.40  137.40  140.80  142.40    5.77    5.12    6.74   10.61
  7  6 80 20 188  292.40  298.30  298.20  297.30    5.33    4.60    3.33    1.41  144.20  146.10  143.90  140.50    1.83    2.47    5.72    9.95
  7  6 80 21 188  292.40  297.90  297.70  296.20    6.64    5.26    3.97    1.63  142.60  149.60  146.80  140.10    2.89    3.20    3.88    7.05
  7  6 80 22 188  292.40  297.50  296.90  295.70    7.78    5.60    3.98    1.72  144.90  146.70  144.60  144.10    3.93    4.11    4.41    7.27
  7  6 80 23 188  291.10  297.40  296.30  295.00    8.84    5.70    4.10    2.03  153.00  156.80  157.80  155.70    1.97    2.76    4.59    6.34
  7  6 80 24 188  290.40  297.10  295.70  294.80    9.14    5.43    3.88    2.15  163.40  165.40  167.00  166.40    3.16    3.29    3.14    3.36
  7  7 80  1 189 -999.99  296.20  295.30  294.60    9.66    6.21    4.74    2.97  176.50  178.50  180.10  178.70    5.16    3.62    4.48    3.52
  7  7 80  2 189 -999.99  295.90  295.10  294.60    9.19    5.84    4.45    2.83  179.30  179.20  180.50  177.60    1.24    1.96    2.94    4.51
  7  7 80  3 189 -999.99  296.20  295.10  294.00    8.96    5.53    4.08    2.20  181.70  177.70  177.20  172.80    1.38    1.83    2.25    4.11
  7  7 80  4 189 -999.99  296.70  294.90  293.90    9.66    5.87    4.19    2.34  182.70  173.20  170.10  166.40    1.29    1.84    2.29    4.28
  7  7 80  5 189 -999.99  296.70  294.90  293.70    9.83    5.95    4.21    2.27  185.70  175.60  172.70  167.60    0.70    1.33    2.29    3.46
  7  7 80  6 189  291.50  296.40  295.10  294.60   10.10    6.17    4.67    3.00  187.20  180.00  180.30  177.60    1.54    2.83    3.29    3.07
  7  7 80  7 189  292.40  296.30  296.20  296.40    8.48    5.90    4.95    3.68  189.80  187.10  188.10  185.00    2.10    3.72    4.52    6.16
  7  7 80  8 189  293.70  297.60  297.90  298.50    7.72    6.10    5.53    4.39  195.00  194.00  195.60  194.10    2.39    2.12    2.40    4.10
  7  7 80  9 189  295.10  299.40  299.90  300.60    5.23    4.72    4.35    3.69  208.30  206.80  207.10  206.00    5.48    4.61    4.71    5.79
  7  7 80 10 189  295.50  301.00  301.60  302.40    5.23    4.84    4.42    3.66  219.30  218.00  219.90  216.80    3.79    4.96    6.22    6.58
  7  7 80 11 189  296.00  302.30  302.90  303.70    5.18    4.83    4.41    3.80  220.10  220.60  221.70  215.60    5.70    6.95    8.45    8.42
  7  7 80 12 189  296.20  303.40  304.00  304.80    5.02    4.67    4.21    3.61  217.60  216.50  218.80  214.50    3.16    4.46    6.12    7.62
  7  7 80 13 189  296.00  304.30  304.90  305.70    5.35    4.91    4.38    3.60  224.20  224.70  227.00  225.30    4.19    5.14    6.14    8.32
  7  7 80 14 189  295.80  304.80  305.40  306.20    6.11    5.61    4.82    3.85  224.30  225.30  226.70  224.90    8.06    8.35    9.28    9.77
  7  7 80 15 189  295.80  305.20  305.70  306.40    7.00    6.33    5.29    4.22  225.20  225.10  227.20  223.00    2.03    2.23    3.41    4.52
  7  7 80 16 189  295.70  305.40  305.80  306.50    6.32    5.54    4.62    3.55  229.50  228.30  231.10  228.00    2.41    3.65    3.26    4.11
  7  7 80 17 189  295.70  305.50  305.70  306.10    5.97    4.90    3.87    3.02  224.20  222.40  223.00  217.30    2.69    2.76    3.18    5.93
  7  7 80 18 189  295.40  305.30  305.30  305.20    6.04    4.77    3.84    2.55  213.30  209.00  208.00  201.50    7.10    8.20    7.77    8.32
  7  7 80 19 189  294.60  305.50  305.10  303.70    6.69    5.38    4.23    2.43  207.40  199.40  196.20  186.80    1.56    1.88    3.47    4.83
  7  7 80 20 189  294.30  305.40  305.20  301.90    7.37    6.84    5.20    2.64  197.90  191.10  186.50  178.00    4.41    4.22    2.99    2.46
  7  7 80 21 189  294.80  305.10  304.20  300.90    8.92    7.75    5.40    2.74  192.20  187.80  186.30  181.00    2.23    1.55    1.59    2.40
  7  7 80 22 189  295.40  304.10  302.10  300.40   11.29    7.37    5.23    2.91  195.70  190.60  191.40  187.90    2.69    2.00    2.73    2.98
  7  7 80 23 189  295.40  303.20  301.20  299.90   11.92    7.33    5.30    3.03  199.20  196.80  198.60  194.50    1.07    1.91    2.01    3.53
  7  7 80 24 189  295.70  302.10  300.40  299.10   11.13    6.61    4.62    2.49  201.60  198.70  198.30  191.00    1.65    0.73    1.00    1.79
  7  8 80  1 190  295.80  301.10  299.80  299.00   10.59    6.53    4.69    2.74  215.00  209.30  211.10  206.70    6.24    4.28    5.30    5.21
  7  8 80  2 190  294.80  301.70  299.80  298.90   10.87    6.41    4.11    2.08  234.80  226.50  224.90  217.70    4.07    4.37    4.16    4.76
  7  8 80  3 190  293.80  301.30  299.80  298.80   10.92    6.65    4.69    2.66  247.10  240.20  239.10  235.70    3.42    6.07    7.38    7.31
  7  8 80  4 190  292.60  301.20  299.90  299.10   11.38    7.08    5.56    3.42  252.30  248.80  250.00  246.50    0.84    1.28    1.52    1.66
  7  8 80  5 190  292.20  300.60  299.40  298.50   11.45    7.29    5.58    3.41  257.20  253.10  252.80  246.50    1.36    1.80    1.57    1.51
  7  8 80  6 190  291.90  300.10  299.10  298.70   10.53    6.71    5.24    3.42  261.50  256.10  255.90  251.60    1.31    1.21    1.08    1.81
  7  8 80  7 190  292.30  299.70  299.60  299.80    7.89    5.77    4.77    3.32  262.00  257.30  255.80  250.70    1.65    1.94    2.89    2.81
  7  8 80  8 190  292.90  301.10  301.40  301.80    7.34    5.69    5.13    3.94  269.70  265.10  262.70  259.30    3.95    4.71    4.46    5.32
  7  8 80  9 190 -999.99 -999.99 -999.99 -999.99 -999.99 -999.99 -999.99 -999.99 -999.99 -999.99 -999.99 -999.99    2.09    5.33    5.33    3.96
  7  8 80 10 190 -999.99 -999.99 -999.99 -999.99 -999.99 -999.99 -999.99 -999.99 -999.99 -999.99 -999.99 -999.99    0.15    1.30    2.45    0.60
  7  8 80 11 190  294.10  303.90  304.50  305.30    7.01    6.47    6.20    5.15  285.90  289.30  292.30  293.00    5.89    5.56    4.81    4.36
  7  8 80 12 190  293.90  304.50  305.00  306.00    5.90    5.82    5.62    4.65  278.90  279.00  278.50  278.50    6.47   11.08   13.44   15.49
  7  8 80 13 190  294.00  305.10  305.70  306.70    5.30    5.05    4.82    4.00  272.30  270.00  271.00  269.60    2.71    4.16    5.88    6.90
  7  8 80 14 190  294.10  305.80  306.30  307.30    4.85    4.77    4.56    3.87  266.10  266.00  267.90  267.30   10.04   11.89   11.94   11.45
  7  8 80 15 190  294.90  305.60  306.00  306.90    6.00    5.72    5.23    4.07  242.10  241.30  242.80  240.50    5.00    5.63    5.31    5.37
  7  8 80 16 190  294.80  306.00  306.40  307.10    5.81    5.41    4.87    3.82  243.90  244.30  245.10  242.40    2.46    1.89    3.26    3.25
  7  8 80 17 190  295.50  306.10  306.30  306.80    5.47    4.59    3.98    3.07  241.00  239.70  240.10  236.90    4.36    4.18    4.25    3.98
  7  8 80 18 190  295.80  306.00  306.00  306.30    5.47    4.21    3.24    2.29  237.00  233.00  233.40  229.20    3.28    4.14    5.50    5.33
  7  8 80 19 190  295.30  306.00  305.60  304.90    5.86    4.74    3.27    1.75  237.50  232.00  232.00  224.00    4.55    2.96    2.00    3.23
  7  8 80 20 190  295.20  305.60  305.20  302.90    6.88    5.80    4.31    2.04  228.50  222.10  219.90  209.80    8.92    7.73    7.99    5.46
  7  8 80 21 190  293.90  306.10  305.70  301.70    6.64    6.07    4.50    1.86  233.20  226.70  216.90  209.20    5.69    6.93    4.11    4.36
  7  8 80 22 190  293.20  305.90  305.60  300.80    5.26    5.21    3.97    1.44  221.70  214.90  209.10  206.40    6.10    5.75    4.74    5.75
  7  8 80 23 190  293.40  305.50  304.60  299.40    6.19    6.30    4.82    1.77  204.30  199.80  192.60  184.70    8.12    7.83    5.76    6.09
  7  8 80 24 190  292.40  305.50  304.20  299.60    9.00    7.99    5.50    2.63  199.90  193.40  190.10  186.90    3.72    1.92    1.24    1.22
  7  9 80  1 191  293.30  304.50  302.70  299.10    9.51    7.26    4.64    2.09  198.80  187.30  184.50  179.90    2.95    2.03    3.08    6.14
  7  9 80  2 191  294.00  303.00  300.60  298.90   10.19    6.68    4.60    2.32  211.00  196.10  195.20  192.20    8.07    8.43    9.37   11.12
  7  9 80  3 191  292.90  302.30  299.80  298.40    9.88    6.14    3.99    1.99  233.60  217.20  214.00  208.80    6.10    6.87    4.94    4.01
  7  9 80  4 191  292.50  301.70  299.50  297.80   10.78    6.38    3.92    1.71  240.70  229.70  226.80  218.30    1.49    3.78    5.54    6.16
  7  9 80  5 191  292.00  301.70  299.60  298.10   11.55    6.89    4.82    2.34  247.00  240.70  239.50  233.20    3.19    4.04    4.32    5.61
  7  9 80  6 191  291.70  301.80  299.40  298.00   11.80    6.84    4.38    2.17  245.00  237.90  236.20  231.50    0.99    1.16    1.32    3.43
  7  9 80  7 191  292.10  300.30  299.40  299.20    9.47    5.90    4.05    2.37  239.70  234.10  234.10  229.90    3.35    4.39    4.97    5.58
  7  9 80  8 191 -999.99 -999.99 -999.99 -999.99 -999.99 -999.99 -999.99 -999.99 -999.99 -999.99 -999.99 -999.99    1.10    0.39    1.59    2.30
  7  9 80  9 191  293.60  301.30  301.60  302.20    6.64    5.48    4.74    3.55  255.60  254.40  254.60  253.00   18.64   20.45   21.79   22.80
  7  9 80 10 191  293.70  301.00  301.40  301.90    3.53    3.51    3.50    3.09    5.22   13.97   15.83   17.28   36.94   38.52   39.21   37.25
  7  9 80 11 191  294.10  300.40  300.80  301.50    4.45    4.43    4.22    3.60   81.10   79.39   78.77   76.68   23.42   21.26   19.78   19.19
  7  9 80 12 191  294.40  301.70  302.10  302.80    3.14    3.11    3.00    2.57  130.50  126.90  127.60  126.80   20.42   19.90   22.89   24.88
  7  9 80 13 191  295.40  303.30  303.80  304.50    4.02    3.82    3.64    3.13  168.40  166.00  164.80  160.10   28.57   28.45   29.35   31.12
  7  9 80 14 191  294.20  304.90  305.40  306.10    5.93    5.63    5.13    4.05  214.90  214.50  214.70  209.10    2.47    3.02    4.30    4.26
  7  9 80 15 191  294.00  305.60  306.00  306.60    7.03    6.07    5.11    4.03  218.10  218.30  219.20  212.50    3.31    3.28    4.49    5.27
  7  9 80 16 191  294.80  305.90  306.30  306.90    6.38    5.38    4.60    3.46  225.40  225.10  226.80  223.00    5.44    5.83    5.58    8.43
  7  9 80 17 191  295.00  306.30  306.40  306.80    6.85    5.34    4.20    3.10  224.30  222.30  222.40  214.70    4.01    3.44    5.02    4.47
  7  9 80 18 191  294.90  306.40  306.20  306.20    6.51    4.83    3.51    2.38  229.00  224.50  224.10  214.30    1.99    2.20    2.78    3.28
  7  9 80 19 191  294.70  306.20  305.70  304.70    6.90    5.16    3.86    2.17  223.30  215.90  212.50  203.90    2.13    3.00    3.81    3.52
  7  9 80 20 191  294.30  306.00  305.30  302.90    7.37    5.29    3.98    1.88  226.20  219.50  213.20  208.30    2.50    3.07    2.79    2.56
  7  9 80 21 191  293.70  305.80  303.80  301.60    9.02    5.52    3.41    1.33  235.80  229.80  230.60  224.80    4.84    4.15    7.74    8.93
  7  9 80 22 191  294.00  305.60  303.10  301.20    9.94    6.32    4.52    2.49  262.60  250.70  249.20  241.40    6.68    5.72    3.84    4.11
  7  9 80 23 191  294.50  304.60  303.60  301.80    8.39    5.69    4.52    2.94  291.20  281.10  273.10  256.60    7.42    6.66    7.36    8.46
  7  9 80 24 191  294.90  304.10  302.70  300.50    5.18    4.56    4.15    2.50  291.60  271.50  259.80  239.20    4.64    7.74    9.64    8.69
  7 10 80  1 192  294.40  304.60  303.50  300.60    5.14    5.06    4.15    2.78  274.10  268.80  265.90  249.80    6.39    7.75    9.71    8.53
  7 10 80  2 192  294.00  303.70  302.10  299.90    5.36    4.84    3.84    2.22  268.30  252.30  248.60  238.20   19.68   26.20   27.16   31.28
  7 10 80  3 192  294.00  303.20  301.40  299.30    5.46    5.15    3.67    1.99  264.50  249.90  245.20  235.90    5.78    8.72    9.71   10.14
  7 10 80  4 192  293.80  302.80  301.50  299.60    5.29    3.75    3.08    1.78  286.10  275.30  265.50  245.90    9.79   12.27   19.65   43.48
  7 10 80  5 192  293.70  301.60  300.50  298.40    3.99    3.60    3.18    1.85  268.40  245.50  229.60  204.50    7.93   11.41   13.90   13.82
  7 10 80  6 192  292.50  296.60  296.40  296.50    8.77    8.21    7.87    6.16  335.10  337.90  338.40  340.60   35.71   42.45   46.35   50.24
  7 10 80  7 192  290.50  294.50  294.10  294.20    7.54    7.47    6.41    4.36  255.50  244.10  237.30  232.90   41.15   47.07   50.90   53.23
  7 10 80  8 192  291.30  296.40  295.10  295.20    7.46    4.95    3.77    2.49  230.70  222.40  220.30  213.50    4.87    7.34   10.41   14.35
  7 10 80  9 192  292.80  298.00  297.40  298.20    7.53    6.12    5.27    3.92  227.00  225.00  227.60  222.60    4.90    4.38    3.84    4.18
  7 10 80 10 192  293.60  300.10  300.20  300.70    7.62    6.77    6.01    4.58  234.50  234.70  237.40  237.50    3.01    4.78    5.11    6.08
  7 10 80 11 192  293.50  301.00  301.60  302.30    7.17    6.81    6.38    4.96  239.60  242.20  245.10  242.60    3.57    3.46    3.00    3.79
  7 10 80 12 192  294.50  301.90  302.50  303.30    5.80    5.60    5.29    4.30  254.40  252.80  254.60  254.70    4.28    5.20    5.06    7.37
  7 10 80 13 192  294.60  302.70  303.20  304.10    5.49    5.37    5.16    4.20  273.80  275.30  275.90  276.60   11.86   15.55   17.07   18.82
  7 10 80 14 192  295.30  303.10  303.70  304.30    5.01    4.92    4.73    3.96  294.60  298.60  298.90  300.40    7.37    5.42    5.38    5.81
  7 10 80 15 192  295.80  303.50  304.10  304.70    5.17    5.12    4.93    4.06  318.80  319.40  317.30  317.70    5.92    7.58    8.80    9.28
  7 10 80 16 192  294.70  303.80  304.40  305.00    5.91    5.68    5.39    4.34  315.70  317.40  315.10  317.40    2.42    4.07    4.26    5.67
  7 10 80 17 192  295.00  303.50  304.10  304.60    5.21    4.93    4.75    4.02  320.90  322.40  320.80  321.70    8.35    8.88    8.99   10.04
  7 10 80 18 192  295.20  303.10  303.50  303.90    4.25    3.72    3.55    2.91  330.70  329.70  327.10  328.90   12.50   13.37   13.34   14.61
  7 10 80 19 192  294.00  303.00  303.10  303.10    4.50    3.58    2.93    2.23  336.70  338.20  336.80  336.40    3.66    2.96    3.75    5.46
  7 10 80 20 192  294.10  302.60  302.60  302.10    4.22    3.45    2.49    1.57  327.30  327.10  322.60  319.40    4.31    3.54    3.47    5.00
  7 10 80 21 192  294.30  302.50  302.70  301.50    4.10    3.58    2.99    1.65  326.30  324.50  316.90  312.00    3.46    2.51    1.74    3.78
  7 10 80 22 192  294.50  302.00  301.90  300.70    3.53    3.32    2.57    1.43  356.00  349.80  341.40  342.20   14.84   13.76   17.58   18.75
  7 10 80 23 192  294.30  301.30  301.10  300.20    4.23    3.50    2.86    1.57   42.42   29.55   22.88   16.60   14.28   15.41   14.60   19.01
  7 10 80 24 192  293.50  300.90  300.60  299.30    5.49    4.25    3.31    2.08   67.84   69.02   65.17   64.98    3.52    8.67    8.64   15.58
  7 11 80  1 193  293.30  300.50  299.60  298.50    6.07    4.69    3.43    2.17   83.51   81.95   77.25   77.51    6.55    5.91    4.24    3.43
  7 11 80  2 193  293.40  299.90  299.20  297.80    6.05    4.75    3.45    1.81   92.54   95.30   94.74   91.16    2.89    2.71    5.03    5.40
  7 11 80  3 193  293.20  299.60  298.40  296.70    5.62    3.59    2.44    1.07  123.50  120.20  128.40  163.30   12.32   11.92   15.72   34.62
  7 11 80  4 193  293.00  299.50  298.10  295.80    5.51    3.52    2.22    1.03  153.90  151.20  170.60  225.90    4.74    5.04    7.28   10.09
  7 11 80  5 193  293.10  299.20  297.80  296.20    4.73    2.62    1.52    0.79  169.30  168.50  208.40  258.80    3.03    4.39   20.28   66.79
  7 11 80  6 193  293.30  298.90  297.40  296.60    4.36    1.96    0.89    0.58  166.00  160.20  142.90  107.20    2.18    6.43   77.87   51.30
  7 11 80  7 193  292.90  299.20  297.90  297.30    4.94    2.90    1.67    1.14  156.70  148.20  132.70  116.70    4.31    7.00   18.28   28.15
  7 11 80  8 193  294.50  298.70  298.70  299.20    3.22    2.34    2.24    1.96  178.10  175.30  177.20  175.30    6.35    5.87    7.12    8.82
  7 11 80  9 193  295.60  299.50  299.90  300.40    2.20    2.20    2.14    1.92  171.90  171.70  172.40  171.70   14.19   13.78   13.69   14.63
  7 11 80 10 193  295.70  300.60  301.10  301.70    2.42    2.32    2.28    1.98  176.10  177.40  178.10  176.30   12.96   14.79   14.77   16.88
  7 11 80 11 193  295.90  301.70  302.10  302.90    2.85    2.57    2.52    2.27  210.20  211.20  211.40  208.50    7.37    9.00   10.97   15.34
  7 11 80 12 193  296.30  302.20  302.80  303.30    2.08    2.14    2.08    1.79  210.30  203.50  203.40  193.50   16.65   22.72   26.26   32.38
  7 11 80 13 193  296.80  302.10  302.40  302.90    2.01    1.98    1.83    1.48  141.20  134.40  133.10  129.40   14.79   13.68   13.66   14.95
  7 11 80 14 193  297.60  302.50  302.80  303.30    3.47    3.34    3.17    2.53  174.60  170.20  170.20  167.80   12.02   14.45   15.33   13.92
  7 11 80 15 193  297.60  303.00  303.40  303.80    3.34    2.82    2.46    1.94  195.10  194.10  193.60  186.20    3.21    4.53    4.86    8.02
  7 11 80 16 193  297.80  303.70  304.10  304.70    1.98    1.86    1.78    1.60  162.20  162.70  164.80  162.30   11.22   12.32   10.96   14.99
  7 11 80 17 193  297.70  303.80  304.20  304.40    2.24    2.27    2.06    1.52  135.30  128.70  126.20  118.70   10.13    9.31   10.53   13.03
  7 11 80 18 193  297.70  303.80  304.10  303.90    3.33    3.11    2.55    1.74  118.10  108.90  105.60  103.10    7.24    4.21    4.10    7.10
  7 11 80 19 193  297.30  303.90  303.80  303.30    5.23    4.64    3.59    2.10  126.10  120.00  120.50  120.50    8.04    9.24    9.87   11.78
  7 11 80 20 193  297.90  304.00  303.30  302.30    5.98    5.45    3.99    1.98  143.50  127.70  123.20  119.40    2.05    3.59    5.23    8.71
  7 11 80 21 193  297.80  303.40  302.20  301.60    8.36    5.95    4.22    2.08  145.90  136.60  136.00  135.70    2.17    5.84    7.47    6.94
  7 11 80 22 193  298.20  301.80  301.40  300.70    7.41    5.11    3.58    1.59  144.90  139.40  136.20  133.00    3.71    4.03    5.54    7.57
  7 11 80 23 193  298.40  301.70  301.00  299.90    8.10    5.73    3.97    1.76  157.90  151.30  149.70  148.20    4.42    3.55    4.06    3.77
  7 11 80 24 193  297.40  302.60  300.60  299.60    8.91    6.10    4.30    2.19  178.90  164.90  163.20  161.90    5.34    4.34    4.96    6.50
  7 12 80  1 194  294.80  303.30  300.80  299.90    9.98    5.96    4.30    2.41  193.60  183.20  182.10  178.20    2.81    5.02    5.92    5.92
  7 12 80  2 194  293.90  303.20  301.10  299.80   10.34    6.21    4.36    2.32  202.10  190.60  189.10  185.30    3.83    3.66    3.59    4.73
  7 12 80  3 194  293.00  302.40  300.20  299.40    9.65    5.59    3.68    1.96  221.80  211.10  212.70  208.30    8.01    6.62    6.98    6.76
  7 12 80  4 194  291.80  302.60  299.90  298.80    9.22    5.18    2.99    1.17  240.00  223.40  220.00  215.30    3.07    3.09    2.71    4.69
  7 12 80  5 194  290.70  302.60  299.80  298.10    9.94    6.14    3.48    1.33  245.30  228.10  225.40  225.20    1.73    1.26    1.49    5.47
  7 12 80  6 194  290.40  301.50  299.40  298.20   10.38    6.16    3.81    1.70  244.70  231.90  229.20  225.40    2.91    3.80    4.27    4.98
  7 12 80  7 194  290.30  300.80  299.80  299.50    9.25    5.94    4.18    2.50  248.00  239.10  236.00  232.50    0.69    3.17    3.76    6.82
  7 12 80  8 194  290.50  301.50  301.40  301.60    7.69    5.60    4.73    3.38  253.80  249.20  248.60  245.30    2.00    1.70    2.46    2.70
  7 12 80  9 194  291.10  302.40  302.60  303.10    8.02    6.48    5.74    4.26  255.30  251.50  250.00  248.40    2.58    3.00    2.56    3.68
  7 12 80 10 194  291.80  303.00  303.30  304.10    7.57    6.84    6.38    4.90  255.40  252.00  250.60  246.90    1.78    1.94    2.03    3.58
  7 12 80 11 194  292.70  303.80  304.20  305.00    7.15    6.75    6.25    4.85  256.10  251.70  251.90  249.40    6.53    5.26    4.58    4.95
  7 12 80 12 194  292.30  304.80  305.40  306.20    8.27    7.13    6.47    5.17  273.30  270.40  269.80  270.70    4.93    5.52    6.02    7.91
  7 12 80 13 194  293.40  305.10  305.70  306.60    6.48    5.76    5.47    4.62  275.30  276.60  276.80  276.40    2.04    4.36    4.84    6.48
  7 12 80 14 194  294.70  305.30  306.00  306.80    6.88    6.08    5.75    4.99  276.50  279.60  280.20  280.30    1.61    3.59    4.55    5.87
  7 12 80 15 194  295.40  305.30  305.90  306.70    8.14    7.25    6.73    5.48  286.40  287.20  288.20  288.10    7.72    9.57    9.68   10.68
  7 12 80 16 194  296.20  305.20  305.70  306.40    7.93    7.08    6.72    5.52  290.30  291.50  293.50  293.40    6.21    6.33    5.02    4.96
  7 12 80 17 194  296.60  305.30  305.80  306.50    7.78    6.67    6.06    4.85  296.00  295.50  295.40  295.70    4.72    4.05    3.15    4.07
  7 12 80 18 194  295.60  305.10  305.40  305.90    7.78    6.46    5.45    4.14  312.80  312.40  311.10  311.00    3.72    3.03    3.44    4.87
  7 12 80 19 194  294.10  304.50  304.40  304.40    8.24    6.44    5.04    3.64  318.30  315.80  312.60  311.90    4.94    5.52    5.29    5.50
  7 12 80 20 194  294.00  303.40  303.10  302.40    8.38    6.43    4.62    2.89  318.70  314.50  309.50  307.50    1.17    2.27    3.28    3.89
  7 12 80 21 194  294.20  302.80  302.30  301.30    9.13    6.62    4.94    3.05  322.30  316.60  310.50  308.30    2.56    5.37    7.48    7.93
  7 12 80 22 194  294.20  302.10  301.80  300.40    8.03    7.01    5.23    3.04  327.40  320.60  316.20  314.20    3.77    1.95    2.67    4.54
  7 12 80 23 194  293.80  301.30  300.40  299.60    7.31    6.13    4.50    2.86  336.90  327.80  321.40  320.90    4.65    4.86    6.56    8.10
  7 12 80 24 194  294.00  300.20  299.80  299.10    6.12    4.84    4.08    2.75  347.20  342.80  337.60  337.70    8.08    9.43   13.78   13.53
  7 13 80  1 195  294.70  298.50  298.70  298.70    7.71    6.09    5.17    3.92   28.75   26.46   24.40   23.90    8.32   10.56   11.97   11.10
  7 13 80  2 195  294.50  297.20  297.50  297.70    7.02    5.74    5.03    3.72   41.69   39.67   39.21   38.07    3.36    3.39    3.16    4.07
  7 13 80  3 195  292.50  296.10  296.40  296.60    7.07    5.75    5.06    3.73   49.29   45.93   43.54   41.69    1.54    2.21    2.30    3.87
  7 13 80  4 195  292.10  295.30  295.60  295.60    5.60    4.31    3.52    2.45   40.93   38.83   36.22   32.32    4.60    4.07    4.35    5.18
  7 13 80  5 195  291.90  294.90  295.20  295.00    4.56    3.73    3.27    2.27   28.11   25.41   24.99   23.29    9.75    9.85    8.68    5.03
  7 13 80  6 195  291.60  294.40  294.70  295.00    5.20    4.31    3.78    2.98   22.95   21.38   19.86   21.21    8.28    9.81    9.79    8.55
  7 13 80  7 195  291.50  294.00  294.40  294.80    3.64    3.41    3.21    2.72   22.58   23.68   23.85   25.07    4.09    3.38    3.81    4.61
  7 13 80  8 195  291.50  294.30  294.80  295.40    2.98    3.20    3.13    2.76   25.88   25.02   23.87   22.75   10.55   14.49   16.21   16.25
  7 13 80  9 195  291.50  294.20  294.70  295.30    3.05    3.37    3.26    2.93   10.74   16.16   17.37   17.19    7.89    8.87    9.33    9.65
  7 13 80 10 195  291.30  294.00  294.50  295.20    3.33    3.35    3.24    2.81   37.42   38.10   37.77   36.61    7.63    7.09    8.45   10.15
  7 13 80 11 195  291.90  295.70  296.20  296.90    2.85    2.81    2.68    2.36   51.92   57.38   57.52   56.23    5.62    6.59    9.33   10.40
  7 13 80 12 195  292.80  297.30  297.70  298.40    2.02    1.97    1.93    1.76   66.56   70.53   65.67   65.94   15.17   19.72   21.17   24.11
  7 13 80 13 195  293.80  298.70  299.20  299.90    1.95    1.89    1.86    1.71   45.82   38.02   33.03   32.50   21.29   26.35   29.53   33.76
  7 13 80 14 195  294.30  299.90  300.40  301.10    2.00    1.91    1.82    1.64   65.67   71.92   76.41   83.06   14.57   22.52   26.57   32.43
  7 13 80 15 195  294.40  300.90  301.30  301.80    1.70    1.71    1.75    1.59   66.81   58.11   54.99   53.34   28.08   37.28   44.38   43.89
  7 13 80 16 195  294.40  301.40  301.70  302.30    1.65    1.61    1.63    1.43   70.19   70.53   71.29   70.76   17.61   16.40   18.97   22.31
  7 13 80 17 195  294.30  301.60  301.90  302.50    1.90    1.77    1.70    1.52  102.40  103.90  106.60  100.50   18.61   24.67   27.29   29.25
  7 13 80 18 195  294.60  301.60  302.00  302.40    2.68    2.28    1.97    1.61  106.60  109.80  112.60  112.10    7.38    7.66    8.68    9.75
  7 13 80 19 195  294.30  301.40  301.70  301.30    3.98    3.43    2.76    1.43  119.50  121.40  124.60  127.50    5.67    3.82    4.46    8.64
  7 13 80 20 195  294.40  301.20  301.40  300.20    4.86    3.79    3.06    1.43  117.00  117.00  117.30  119.30    2.08    2.80    5.32    7.22
  7 13 80 21 195  294.20  301.10  300.90  299.30    6.19    4.81    3.48    1.32  135.90  132.70  130.80  131.70    4.02    4.91    3.28    5.82
  7 13 80 22 195  294.10  300.90  300.50  298.10    7.00    6.07    4.46    1.62  137.40  139.50  137.70  140.80    2.23    0.93    1.87    3.50
  7 13 80 23 195  294.40  300.30  299.30  297.30    9.15    6.75    4.74    2.03  145.40  141.10  139.30  140.80    2.02    2.69    4.09    8.47
  7 13 80 24 195  294.30  299.20  298.20  296.70    9.29    6.15    4.47    1.94  152.30  152.80  151.90  150.70    3.34    4.01    3.95    5.61
  7 14 80  1 196  294.30  298.90  297.50  296.60   10.47    6.50    4.55    2.23  153.70  151.30  149.80  149.10    1.62    2.47    4.54    6.26
  7 14 80  2 196  294.20  297.90  297.10  296.40    9.94    6.55    4.81    2.84  159.30  158.40  158.90  158.40    2.03    1.47    1.45    3.10
  7 14 80  3 196  293.90  297.30  296.60  296.10    9.67    6.21    4.66    2.87  168.60  168.00  169.00  168.40    2.03    2.21    3.04    4.20
  7 14 80  4 196  293.70  297.00  296.40  295.90    9.26    5.91    4.50    2.69  170.60  166.10  164.80  161.40    1.25    1.91    3.19    5.30
  7 14 80  5 196  293.70  296.40  295.90  295.50    7.82    5.11    3.85    2.22  169.50  161.70  160.00  156.70    1.08    1.32    1.90    2.56
  7 14 80  6 196  293.90  296.40  295.90  295.80    8.54    5.66    4.48    2.89  172.50  167.50  167.80  165.00    2.38    4.29    5.86    8.18
  7 14 80  7 196  294.20  296.70  296.80  297.20    7.52    5.70    4.90    3.79  178.10  178.40  179.80  178.60    2.00    2.05    1.88    2.86
  7 14 80  8 196  294.90  297.90  298.30  298.80    7.43    6.58    6.08    4.86  180.60  181.00  183.30  182.00    2.46    2.23    2.94    3.66
  7 14 80  9 196  295.40  299.10  299.60  300.40    7.11    6.69    6.27    5.01  186.40  186.90  188.20  185.70    2.25    4.28    5.02    5.51
  7 14 80 10 196  295.70  300.50  301.00  301.80    6.86    6.53    6.24    5.17  191.10  190.70  192.40  189.10    2.12    3.36    3.51    5.70
  7 14 80 11 196  296.00  301.80  302.20  303.10    6.63    6.33    5.98    4.97  195.60  195.60  197.50  194.20    3.77    4.85    5.73    5.54
  7 14 80 12 196  296.40  302.90  303.30  304.10    5.79    5.60    5.31    4.42  195.20  195.50  196.10  192.60    3.25    4.45    4.96    6.07
  7 14 80 13 196  296.60  303.90  304.30  305.20    5.22    4.90    4.70    3.99  196.00  194.70  195.40  192.60    6.68    7.88    8.94   10.08
  7 14 80 14 196 -999.99 -999.99 -999.99 -999.99 -999.99 -999.99 -999.99 -999.99 -999.99 -999.99 -999.99 -999.99 -999.99 -999.99 -999.99 -999.99
  7 14 80 15 196  296.80  305.40  305.70  306.40    5.90    5.68    5.31    4.31  173.30  172.70  173.80  171.00    3.03    4.29    4.73    4.02
  7 14 80 16 196  296.70  305.60  305.80  306.20    6.24    5.26    4.60    3.63  170.00  168.90  168.90  167.40    2.07    2.84    3.78    4.68
  7 14 80 17 196  296.90  305.60  305.50  305.90    7.27    5.64    4.74    3.50  161.40  158.30  158.40  156.70    2.46    2.80    3.07    2.34
  7 14 80 18 196  295.80  305.90  305.30  305.00    8.83    6.58    5.20    3.42  160.80  156.50  156.70  155.30    1.76    2.19    3.31    2.93
  7 14 80 19 196  296.80  305.00  304.60  303.90    9.25    7.05    5.48    3.40  156.60  154.70  155.60  154.90    1.39    1.39    1.91    1.52
  7 14 80 20 196  297.10  304.00  303.50  302.60   10.21    7.60    5.80    3.53  159.60  157.60  159.00  156.90    1.38    0.70    0.99    1.70
  7 14 80 21 196  296.70  303.10  302.70  301.60    9.67    6.93    5.31    3.09  163.80  160.80  160.30  156.60    1.66    1.52    2.17    2.26
  7 14 80 22 196  296.60  302.60  301.90  300.90   10.94    7.70    5.92    3.56  169.90  167.90  168.30  166.20    2.39    2.93    3.63    4.62
  7 14 80 23 196  296.40  302.00  301.40  300.40   10.59    7.28    5.51    3.33  176.80  176.70  179.30  176.60    2.20    2.29    2.76    2.01
  7 14 80 24 196  296.30  301.50  300.60  299.90   11.20    7.34    5.56    3.52  182.30  182.10  185.10  184.40    1.47    1.43    2.76    5.41
  7 15 80  1 197  295.80  301.00  300.20  299.50   11.41    7.65    5.98    3.80  188.70  184.10  184.10  180.40    3.42    2.15    3.55    6.27
  7 15 80  2 197  295.10  300.90  299.70  298.90   11.22    7.06    5.25    3.17  196.20  191.20  190.80  186.00    0.92    2.22    2.44    1.55
  7 15 80  3 197  294.70  300.30  299.20  298.20   10.81    6.76    4.90    2.71  200.30  195.70  195.80  190.60    1.75    1.73    2.37    3.09
  7 15 80  4 197  294.20  300.00  298.60  297.60   10.70    6.34    4.52    2.48  205.60  198.50  199.70  195.70    1.46    0.99    1.66    1.69
  7 15 80  5 197  292.80  300.60  298.20  297.00   10.84    6.37    4.50    2.35  215.20  204.60  205.40  201.60    4.19    3.42    3.30    3.28
  7 15 80  6 197  290.70  300.90  297.80  297.00   10.71    6.64    4.83    2.76  219.70  204.90  205.10  201.50    1.55    1.98    2.51    2.47
  7 15 80  7 197  289.60  301.00  299.30  299.00    9.91    6.25    4.59    2.94  225.20  215.30  213.90  209.10    3.15    4.35    4.49    5.40
  7 15 80  8 197  289.10  301.90  301.50  301.70    9.61    7.05    5.47    3.87  233.60  228.50  228.80  225.00    4.07    5.17    6.07    5.61
  7 15 80  9 197  289.50  302.50  302.80  303.30    9.05    7.31    6.02    4.48  237.30  235.50  236.60  234.30    2.06    2.50    2.28    3.10
  7 15 80 10 197  290.30  303.50  303.90  304.60    8.42    7.17    6.35    4.85  242.80  241.30  242.80  240.20    8.34    9.39    9.07    8.78
  7 15 80 11 197  291.10  304.30  304.80  305.70    7.99    7.22    6.46    4.92  241.00  240.10  241.90  239.80    3.38    3.78    3.65    4.31
  7 15 80 12 197  291.40  305.00  305.40  306.30    7.70    7.19    6.44    4.90  238.90  238.40  239.40  238.10    3.91    4.93    5.05    4.62
  7 15 80 13 197  292.20  305.50  306.00  306.90    6.92    6.27    5.46    4.36  225.70  225.40  226.50  226.70    6.46    7.03    7.50    9.81
  7 15 80 14 197  292.90  306.20  306.70  307.50    6.53    5.48    4.68    3.85  225.40  224.40  227.00  225.50    3.26    3.82    4.51    7.31
  7 15 80 15 197  293.20  307.00  307.40  308.10    7.39    6.13    5.06    4.03  225.50  224.80  226.00  223.10    1.81    2.16    3.52    4.15
  7 15 80 16 197  293.60  307.50  307.80  308.50    6.28    4.95    4.10    3.21  228.60  227.50  229.00  227.30    2.06    2.64    2.31    3.54
  7 15 80 17 197  293.60  308.00  307.80  308.20    6.93    4.84    3.58    2.59  225.40  223.80  225.70  220.10    2.57    2.47    3.26    6.42
  7 15 80 18 197  293.30  308.10  307.60  307.10    7.00    4.84    3.57    2.20  220.60  215.40  213.80  203.20    1.74    3.76    5.79    7.30
  7 15 80 19 197  291.30  308.70  307.30  304.90    7.76    5.78    4.29    2.07  218.40  208.30  203.80  195.60    1.73    3.03    4.40    5.61
  7 15 80 20 197  290.10  308.80  308.00  302.50    6.92    6.36    5.01    1.94  212.00  203.20  194.60  186.50    4.51    5.40    5.77    5.34
  7 15 80 21 197  290.90  307.90  307.40  301.10    8.53    8.01    6.29    2.82  194.40  188.30  183.30  174.20    6.81    5.27    6.21    5.51
  7 15 80 22 197  292.40  305.20  304.30  301.30   10.84    7.76    6.10    3.15  189.60  185.70  184.50  177.90    4.00    4.77    5.38    4.98
  7 15 80 23 197  290.90  305.90  302.50  299.90   14.17    9.03    6.30    3.44  192.40  193.00  193.40  187.50    1.13    1.28    1.56    2.44
  7 15 80 24 197  290.20  305.40  302.30  299.60   12.65    8.19    5.56    2.90  189.70  186.50  188.70  187.90    0.58    2.52    2.91    2.03
  7 16 80  1 198  291.00  303.40  301.10  298.00   11.45    8.01    5.39    2.34  193.80  183.00  185.40  185.30    2.83    2.38    3.40    5.55
  7 16 80  2 198  290.90  302.20  299.30  297.00   11.41    7.17    4.85    2.47  210.60  196.20  196.00  194.70    6.13    5.32    5.20    4.63
  7 16 80  3 198  289.50  303.20  298.50  296.60   11.83    7.06    4.64    2.28  230.00  212.00  211.60  207.00    3.71    2.81    2.20    3.15
  7 16 80  4 198  288.80  303.40  299.30  296.70   11.10    6.70    3.83    1.53  241.30  223.10  219.40  216.00    3.78    4.13    4.53    8.09
  7 16 80  5 198  288.70  302.70  299.20  296.30    9.93    6.17    3.74    1.38  246.20  227.60  222.70  218.20    3.19    2.81    3.54    7.45
  7 16 80  6 198  290.00  300.60  299.40  298.40    6.88    5.16    4.14    2.80  331.90  333.40  335.30  340.10   42.45   45.92   44.11   45.15
  7 16 80  7 198  290.80  299.30  299.20  299.10    5.65    3.94    3.19    2.15   69.64   81.59   89.43   99.12   25.41   36.44   43.93   51.09
  7 16 80  8 198  291.20  299.40  299.60  300.10    4.39    3.49    3.00    2.36  129.00  141.70  146.00  148.00    4.46    8.32   11.46   14.62
  7 16 80  9 198  291.90  300.30  300.70  301.30    5.56    5.12    4.58    3.48  134.00  135.60  136.70  134.60    2.81    4.31    5.03    4.89
  7 16 80 10 198  292.20  300.90  301.40  301.90    4.96    4.59    4.23    3.44  110.10  109.20  108.70  105.40   10.88   11.93   13.19   14.11
  7 16 80 11 198  293.30  301.90  302.30  303.20    4.54    4.37    4.17    3.60  149.50  149.80  151.60  149.10   19.79   20.39   21.01   21.93
  7 16 80 12 198  293.90  303.50  304.00  304.80    6.55    6.05    5.60    4.53  188.70  188.60  190.50  188.10    6.25    5.59    5.42    7.05
  7 16 80 13 198  293.80  304.80  305.30  306.00    6.22    5.94    5.46    4.52  204.80  206.10  208.50  204.70    5.48    5.22    5.96    6.85
  7 16 80 14 198  292.80  305.10  305.50  306.20    7.32    6.44    5.52    4.18  227.80  227.40  228.80  225.20    7.70    7.17    8.18    8.66
  7 16 80 15 198  292.60  305.40  305.90  306.80    6.77    6.26    5.85    4.67  262.00  259.80  258.10  255.90    6.04    5.66    5.59    7.39
  7 16 80 16 198  293.50  305.00  305.50  306.30    6.56    6.00    5.74    4.74  291.10  293.80  293.80  294.70   12.37   14.06   15.62   14.25
  7 16 80 17 198  293.00  304.60  305.10  305.80    7.42    6.72    6.19    5.18  297.80  299.10  299.00  299.10    3.56    2.93    2.56    2.92
  7 16 80 18 198  293.20  304.10  304.50  305.10    6.31    5.29    4.65    3.80  301.30  301.90  301.60  300.10    2.88    3.12    3.09    2.92
  7 16 80 19 198  293.40  303.80  303.80  304.00    6.52    5.00    4.00    2.97  301.40  302.60  301.70  301.90    1.92    2.71    3.41    4.01
  7 16 80 20 198  293.30  302.80  302.60  302.30    7.70    6.17    4.83    3.31  329.90  327.50  323.90  321.80   13.60   14.92   14.08   13.93
  7 16 80 21 198  290.90  301.20  301.10  300.80    4.58    4.19    3.69    2.67  350.50  350.10  348.10  348.10    6.46    5.78    5.79    7.16
  7 16 80 22 198  289.30  300.10  299.70  299.40    2.90    3.77    2.80    1.92 -999.99    2.94  359.10    1.36    2.77    3.94    3.97    4.59
  7 16 80 23 198  286.20  300.50  299.20  298.20    3.58    4.39    3.03    2.05  359.40  357.90  352.20  348.30    2.97    3.90    3.39    5.14
  7 16 80 24 198  285.00  300.90  299.50  296.90    2.91    3.92    2.80    1.98  359.10  353.70  341.40  324.30    3.50    6.80    8.98    7.52
  7 17 80  1 199  285.50  299.60  298.60  296.30    4.08    4.60    3.48    2.14  345.30  331.40  320.20  316.30    6.53    6.27    9.20    7.65
  7 17 80  2 199  286.50  299.50  298.50  295.60    6.30    5.20    3.53    2.06  334.80  324.50  312.20  310.20    2.25    3.41    2.81    3.79
  7 17 80  3 199  285.50  299.80  299.00  295.40    3.99    4.28    3.25    1.78  335.70  322.10  303.00  275.70    2.04    6.79   12.00   34.87
  7 17 80  4 199  285.20  299.80  298.10  292.80    2.30    2.97    2.26    1.55  308.50  289.50  277.80  239.40   11.09    5.42    8.07   11.55
  7 17 80  5 199  284.60  299.70  297.80  293.30    3.11    4.12    3.43    1.67  313.50  304.50  298.10  288.80    4.71    9.95    8.58   27.60
  7 17 80  6 199 -999.99 -999.99 -999.99 -999.99 -999.99 -999.99 -999.99 -999.99 -999.99 -999.99 -999.99 -999.99    1.13    1.04    1.53    2.89
  7 17 80  7 199  284.70  298.50  295.60  295.30    4.38    2.49    1.70    1.35  330.00  322.90  312.70  308.00    6.40    8.37   15.96   15.45
  7 17 80  8 199  286.30  298.20  297.30  297.60    2.45    1.49    1.39    1.49  339.20  334.30  346.30    0.93    4.63    6.58   11.32   16.41
  7 17 80  9 199  287.40  299.10  299.30  299.70    2.37    2.40    2.32    2.16  359.10  359.50  359.70    2.70   11.11    9.59    4.52    7.21
  7 17 80 10 199  287.90  300.10  300.60  301.40    2.27    2.41    2.34    2.09   18.47   22.02   21.38   22.07   11.14   17.50   21.17   22.73
  7 17 80 11 199  286.40  301.60  302.10  302.70    1.74    1.66    1.61    1.65   35.45   45.37   46.89   45.25   11.43   23.80   28.96   33.47
  7 17 80 12 199  285.70  302.50  303.00  303.60    1.64    1.57    1.47    1.46   18.86   12.48   13.35   20.59   23.34   13.26   14.39   17.32
  7 17 80 13 199  287.00  302.90  303.40  304.20    1.82    1.72    1.69    1.64  129.90  128.90  128.30  117.90   20.05   21.72   24.03   28.07
  7 17 80 14 199  287.80  303.30  303.80  304.60    1.80    1.79    1.71    1.68  149.20  155.60  156.60  150.30   29.85   27.48   47.39   36.66
  7 17 80 15 199  288.30  303.40  303.90  304.60    2.29    2.29    2.25    2.09  174.80  183.80  187.10  182.10   11.35    6.21    6.08    9.17
  7 17 80 16 199  287.30  303.90  304.20  304.90    2.58    2.48    2.38    2.04  184.90  187.80  189.30  187.50    7.17    6.08    6.12    5.64
  7 17 80 17 199  288.80  303.80  304.10  304.50    3.27    3.11    2.86    2.22  190.80  193.10  194.80  192.80    5.60    5.27    5.12    5.79
  7 17 80 18 199  288.00  303.70  303.80  303.70    3.68    3.11    2.70    1.76  197.40  201.90  204.20  199.10    6.00    6.77    6.65    5.71
  7 17 80 19 199  283.70  304.30  304.30  302.90    2.99    2.60    2.16    1.14  193.40  197.60  199.90  191.20    3.86    5.57    6.13    8.51
  7 17 80 20 199  283.60  304.10  304.20  301.30    2.38    1.98    1.79    1.43  157.00  144.70  140.10  105.00    9.12   13.78   14.78   17.16
  7 17 80 21 199  284.90  303.90  303.80  300.20    3.75    3.15    2.99    1.62  154.40  142.70  136.90  123.20    3.17    5.18    6.53   11.68
  7 17 80 22 199  285.90  303.10  302.70  297.40    6.08    4.99    4.42    2.27  183.80  175.30  166.80  157.30    9.67   11.91   10.07    6.19
  7 17 80 23 199  284.90  303.50  302.80  297.30    6.29    5.78    4.58    2.18  183.10  186.10  180.90  154.40    3.86    2.05    2.65    3.26
  7 17 80 24 199  285.90  302.30  300.70  295.70    8.11    6.11    4.57    1.95  189.30  180.60  170.10  152.10    5.58    4.03    8.95   12.16
  7 18 80  1 200  286.30  301.00  298.90  293.70   10.27    6.51    4.81    1.87  201.70  191.60  180.70  172.60    3.66    5.04    7.59   13.50
  7 18 80  2 200  285.70  300.70  298.00  293.00   10.72    6.53    4.52    1.92  205.40  199.90  189.20  175.10    2.24    2.72    3.49    6.48
  7 18 80  3 200  286.00  301.10  298.00  292.40   10.12    6.83    5.00    1.89  198.70  186.80  172.50  158.40    3.06    4.08    4.39    4.38
  7 18 80  4 200  284.30  301.20  298.00  292.50   12.05    9.38    6.52    3.00  186.20  178.50  169.70  163.10    4.24    3.47    2.20    3.25
  7 18 80  5 200  284.60  300.90  296.70  293.00   11.16    7.47    4.93    2.26  179.80  171.20  162.90  150.60    1.75    1.63    5.32   14.64
  7 18 80  6 200  285.60  300.00  296.90  294.00    9.77    6.79    5.43    2.66  188.70  175.40  162.40  150.50   31.23   38.01   42.97   49.28
  7 18 80  7 200  286.50  298.90  297.40  297.00    7.90    5.10    3.71    2.57  306.30  308.40  307.10  310.20   12.41   13.51   13.92   14.02
  7 18 80  8 200  287.90  298.60  298.20  298.40    4.76    3.24    2.68    2.15  333.60  324.30  319.80  319.30   12.68    9.72   11.08   14.16
  7 18 80  9 200  287.50  299.80  298.10  297.60    2.39    3.01    2.70    1.85   39.14   69.25   81.41  100.00   37.36   41.38   46.39   56.48
  7 18 80 10 200  289.10  298.30  297.50  297.20    5.80    5.01    4.15    2.77   81.91   82.52   81.38   79.98   19.68   24.25   27.42   30.36
  7 18 80 11 200  291.70  297.90  298.20  298.70    4.65    3.79    3.31    2.64  115.90  118.50  119.60  122.80   25.96   26.03   26.32   27.38
  7 18 80 12 200  289.90  301.00  301.40  302.20    6.78    6.59    6.08    4.82  155.40  156.40  157.70  157.40    6.62    6.90    7.57    6.84
  7 18 80 13 200  288.50  302.00  302.40  303.10    9.33    8.23    7.51    6.11  167.00  168.90  170.90  168.80    2.66    3.03    4.02    4.11
  7 18 80 14 200  288.60  302.80  303.10  303.80    8.51    7.93    7.45    5.86  169.90  172.50  173.70  172.10    3.94    3.43    3.29    3.27
  7 18 80 15 200  289.30  303.40  303.70  304.20    9.49    8.52    7.78    6.14  176.30  178.80  181.30  179.60    3.96    4.69    5.02    4.87
  7 18 80 16 200 -999.99 -999.99 -999.99 -999.99 -999.99 -999.99 -999.99 -999.99 -999.99 -999.99 -999.99 -999.99    1.83    1.84    2.78    2.72
  7 18 80 17 200 -999.99 -999.99 -999.99 -999.99 -999.99 -999.99 -999.99 -999.99 -999.99 -999.99 -999.99 -999.99 -999.99 -999.99 -999.99 -999.99
  7 18 80 18 200  290.20  304.20  303.90  303.40    9.57    7.34    6.06    4.10  177.80  177.30  179.30  176.70    1.38    1.27    1.36    2.02
  7 18 80 19 200  289.30  304.10  303.30  302.20   11.45    8.40    6.48    4.07  179.90  179.20  180.50  178.10    1.10    1.53    1.76    2.21
  7 18 80 20 200  290.10  303.10  301.80  299.50   11.36    7.91    5.87    3.23  172.50  168.50  169.10  167.70    2.07    3.16    4.16    5.26
  7 18 80 21 200  290.50  301.50  300.50  298.10   11.05    7.67    5.56    2.85  176.00  174.80  176.90  174.80    0.79    1.87    2.01    2.90
  7 18 80 22 200  289.50  301.00  299.90  297.20   11.76    8.13    6.05    3.22  178.60  176.40  176.60  172.80    0.79    1.31    1.59    2.06
  7 18 80 23 200  289.20  300.40  299.20  296.80   11.60    8.04    6.04    3.23  179.30  175.80  175.60  174.90    1.22    1.37    1.73    2.64
  7 18 80 24 200  289.50  300.00  298.40  296.90   11.74    7.47    5.49    3.09  187.10  182.00  182.70  177.70    2.19    2.14    2.81    3.27
  7 19 80  1 201  289.80  299.60  298.10  296.80   11.29    7.08    5.27    3.06  190.20  186.20  187.80  184.30    1.78    2.95    3.42    5.70
  7 19 80  2 201  289.70  299.60  297.60  295.90   10.41    7.27    5.24    2.82  196.50  188.50  188.20  186.00    2.02    1.00    1.78    3.41
  7 19 80  3 201  289.50  299.30  297.20  295.70   10.75    7.61    5.50    3.11  196.20  184.80  183.60  180.40    1.94    1.57    2.74    4.12
  7 19 80  4 201  289.40  298.80  296.50  294.70    9.65    6.45    4.57    2.27  196.50  181.90  181.00  177.50    1.66    1.81    1.95    3.71
  7 19 80  5 201  289.30  298.30  295.90  294.80   11.16    6.98    5.08    2.91  197.30  184.20  184.70  180.80    1.43    2.63    2.65    2.69
  7 19 80  6 201  289.00  298.00  295.80  294.90   10.51    5.83    4.10    2.25  202.70  192.20  189.30  182.40    1.96    3.12    4.56    5.04
  7 19 80  7 201  289.00  297.90  296.40  296.30    9.08    5.15    3.86    2.60  201.90  190.40  187.80  182.40    1.74    2.62    3.57    4.87
  7 19 80  8 201  289.60  299.20  299.00  299.40    7.42    5.44    4.64    3.58  206.90  200.30  199.30  196.00    3.52    5.00    5.93    5.92
  7 19 80  9 201  290.80  300.80  301.20  302.00    5.22    4.24    3.70    3.07  220.10  217.10  218.80  215.50    3.67    5.58    6.92    7.10
  7 19 80 10 201  292.50  302.70  303.10  304.10    4.37    4.13    3.82    3.36  213.40  209.30  209.20  205.30   10.18    8.61    8.20    9.84
  7 19 80 11 201  294.20  303.70  304.10  305.40    3.50    3.39    3.24    2.85  198.50  192.50  192.50  188.90    2.27    4.20    5.07    4.88
  7 19 80 12 201  295.00  304.60  305.00  306.20    3.17    3.14    3.08    2.74  194.30  190.50  192.70  189.00    6.27    6.36    7.67    9.04
  7 19 80 13 201  295.30  305.50  305.90  307.30    3.30    3.26    3.14    2.77  183.50  182.40  183.50  181.80    7.60    8.13    9.25   10.86
  7 19 80 14 201  294.90  306.20  306.60  307.70    4.17    4.03    3.85    3.27  175.60  176.20  178.80  175.40    3.89    4.30    5.34    6.53
  7 19 80 15 201  294.40  306.60  306.90  308.00    3.85    3.76    3.53    2.94  175.30  178.40  181.30  179.20    5.34    7.11    8.01    7.95
  7 19 80 16 201  293.90  307.30  307.60  308.60    4.00    3.71    3.20    2.49  160.70  163.00  165.60  166.70   10.03   12.63   15.05   13.52
  7 19 80 17 201 -999.99 -999.99 -999.99 -999.99 -999.99 -999.99 -999.99 -999.99 -999.99 -999.99 -999.99 -999.99    1.53    1.18    1.87    2.39
  7 19 80 18 201  293.70  306.90  306.50  306.30    8.94    6.92    5.37    3.10  152.20  149.80  149.70  147.10    1.43    2.24    2.90    2.79
  7 19 80 19 201  292.50  305.90  305.20  304.20   10.60    7.76    6.00    3.50  155.10  154.20  154.20  152.70    0.97    1.83    2.58    3.24
  7 19 80 20 201  291.50  304.90  303.90  301.60   11.37    8.61    6.50    3.46  158.80  157.30  158.20  156.60    0.82    1.37    2.51    4.63
  7 19 80 21 201  290.60  303.60  302.10  300.10   12.97    9.10    6.70    3.62  155.70  155.20  155.40  152.90    1.04    1.84    3.41    4.39
  7 19 80 22 201  289.60  302.40  301.40  300.20   12.32    8.48    6.60    4.20  162.40  162.20  164.30  164.20    2.12    2.91    3.33    3.49
  7 19 80 23 201  289.50  301.90  300.40  298.80   12.35    8.05    6.06    3.59  169.10  167.20  168.70  168.00    2.13    1.08    1.13    1.82
  7 19 80 24 201  289.50  301.30  299.40  296.40   11.09    6.96    4.90    2.50  176.60  176.30  178.40  182.00    1.48    2.65    2.72    5.70
  7 20 80  1 202  289.90  301.10  298.80  294.80   11.84    7.94    5.55    2.55  182.20  178.50  177.60  176.90    1.22    0.94    1.90    4.38
  7 20 80  2 202  289.60  300.90  297.60  294.50   13.47    8.32    5.59    2.80  186.50  179.80  179.30  178.30    2.21    2.34    5.52    6.91
  7 20 80  3 202  289.50  300.50  297.10  295.00   12.89    7.81    5.54    2.93  195.20  184.40  185.30  180.00    2.35    1.73    3.01    4.51
  7 20 80  4 202  289.30  300.70  297.20  295.10   13.67    8.39    5.89    3.31  200.60  187.70  185.80  180.20    2.77    3.35    2.57    3.43
  7 20 80  5 202  289.50  300.20  297.30  295.50   12.95    8.53    5.90    3.39  204.60  190.90  188.90  183.90    1.51    0.86    1.59    1.93
  7 20 80  6 202  289.50  299.80  296.70  295.70   12.28    7.53    5.39    3.21  204.00  187.70  185.40  179.10    2.39    4.53    5.78    6.32
  7 20 80  7 202  290.00  299.40  297.90  297.80   10.87    7.07    5.49    3.76  200.10  187.90  187.70  183.40    2.73    1.73    2.11    3.47
  7 20 80  8 202  291.00  299.80  299.90  300.30    8.00    5.95    5.04    3.93  203.80  201.80  203.30  200.30    5.09    5.48    5.82    5.06
  7 20 80  9 202  291.30  301.40  301.70  302.30    7.67    6.26    5.66    4.34  206.70  202.90  203.60  199.60    2.34    3.72    4.00    4.04
  7 20 80 10 202  292.10  302.80  303.30  303.90    8.24    7.30    6.57    5.09  202.00  200.90  202.20  199.90    1.87    2.33    3.26    2.68
  7 20 80 11 202  292.00  304.00  304.40  305.10    9.00    8.34    7.69    5.94  202.00  200.80  202.60  201.10    1.70    2.80    2.08    2.75
  7 20 80 12 202  291.70  305.10  305.50  306.20    8.65    8.22    7.52    5.78  200.40  201.70  202.80  200.70    2.20    3.54    3.27    4.52
  7 20 80 13 202  291.50  306.00  306.40  307.00    6.82    6.47    5.97    4.59  205.20  204.70  205.10  201.10    3.51    4.47    3.92    4.55
  7 20 80 14 202  290.70  306.70  307.00  307.70    6.24    5.76    5.25    4.06  202.30  202.50  203.80  198.30    3.02    3.06    2.32    2.63
  7 20 80 15 202  291.30  306.80  307.10  307.40    6.00    5.58    5.08    3.92  187.50  186.60  187.20  183.80    6.54    6.93    7.06    6.60
  7 20 80 16 202  291.00  306.90  307.00  307.10    6.45    5.61    4.99    3.72  179.20  179.20  180.40  178.30    5.24    5.05    3.70    2.83
  7 20 80 17 202  291.30  306.70  306.60  306.60    6.86    5.44    4.58    3.27  170.90  169.80  170.80  167.70    1.30    1.32    2.17    3.09
  7 20 80 18 202  289.90  306.70  306.10  305.30    7.83    6.19    4.91    3.11  169.30  166.50  167.00  165.80    1.33    1.59    2.05    2.62
  7 20 80 19 202  290.20  306.30  305.30  303.30    9.42    7.56    5.51    3.07  165.90  162.00  162.10  159.50    4.13    2.74    2.29    1.66
  7 20 80 20 202  292.90  304.50  303.30  301.70   12.06    8.74    6.65    3.99  164.50  162.50  163.60  162.60    1.17    2.13    3.26    4.00
  7 20 80 21 202  293.20  302.90  301.90  300.80   11.76    8.10    6.13    3.79  172.50  171.50  173.70  173.80    3.17    2.80    3.52    3.12
  7 20 80 22 202  292.90  301.80  300.90  299.70   11.24    7.77    5.90    3.50  181.60  181.60  184.30  183.50    2.54    2.65    3.17    3.78
  7 20 80 23 202  292.30  301.70  300.40  298.40   11.14    7.62    5.35    2.82  190.00  188.30  187.50  181.60    1.84    1.17    3.05    6.56
  7 20 80 24 202  291.90  301.50  299.90  297.20   10.79    7.37    5.07    2.42  192.50  184.60  183.40  179.70    2.19    1.56    2.68    6.88
  7 21 80  1 203  292.10  300.40  299.60  298.20    7.31    5.20    3.88    2.24  235.40  235.30  238.50  249.70   37.62   44.09   45.00   51.59
  7 21 80  2 203  290.00  299.00  299.30  299.30    6.66    5.83    5.02    3.69   14.70   13.62   12.13   12.20   32.20   28.17   26.11   23.08
  7 21 80  3 203  288.60  297.80  297.80  297.60    6.56    4.85    3.98    2.79   58.20   59.10   59.57   60.68    6.47    7.42    8.93   11.89
  7 21 80  4 203  288.70  297.30  297.20  297.20    7.10    6.10    5.22    3.90   15.18   14.70   12.92   13.19   33.35   36.07   39.39   41.91
  7 21 80  5 203  289.30  296.60  296.70  296.60    5.07    4.28    3.61    2.61   21.63   17.64   16.59   19.64   10.17    8.25    9.27    9.71
  7 21 80  6 203  288.70  296.80  296.30  295.80    6.13    4.27    3.43    2.15   55.90   57.85   58.81   61.65    9.15   11.24   15.62   23.57
  7 21 80  7 203  288.40  297.40  297.00  297.20    5.29    3.29    2.62    1.97   86.43   89.13   88.31   88.21    5.37    3.24    6.57   11.26
  7 21 80  8 203  289.00  297.90  298.10  298.40    3.04    2.44    2.24    1.86   60.68   48.15   40.91   33.97   22.74   30.24   31.71   32.73
  7 21 80  9 203  290.60  297.10  297.80  298.20    2.03    2.32    2.39    2.01   14.49    3.36  357.80  354.50   19.60   18.40   17.31   16.00
  7 21 80 10 203  291.60  296.20  296.90  297.50    2.90    2.78    2.75    2.46   20.17   12.36    8.55    6.16    9.50   10.80   12.12   11.15
  7 21 80 11 203  292.20  298.20  298.60  299.20    2.14    2.25    2.23    1.98   33.72   27.35   24.77   25.88   11.70   12.52   13.76   16.76
  7 21 80 12 203  292.00  299.60  300.00  300.70    2.01    2.10    2.16    1.95    2.36    1.74    0.97    4.31   18.25   15.04   17.64   20.79
  7 21 80 13 203  291.70  299.60  300.00  300.40    3.01    3.01    3.02    2.49  294.10  293.30  291.10  290.10   25.98   26.81   28.62   32.09
  7 21 80 14 203  292.70  296.40  296.50  296.80    5.23    4.56    4.00    3.00  214.60  208.30  207.60  202.40   23.64   27.12   26.39   25.98
  7 21 80 15 203  292.70  295.30  295.60  296.10    5.21    4.15    3.64    2.83  202.40  201.20  202.40  200.00   19.50   20.26   21.80   22.07
  7 21 80 16 203  292.80  294.90  295.30  295.80    5.23    4.50    4.01    3.15  207.20  207.70  208.70  207.10    8.76   10.23   11.43   12.97
  7 21 80 17 203  292.90  295.40  295.80  296.30    2.94    2.84    2.68    2.19  272.30  267.90  266.60  265.10   32.87   33.97   33.20   35.09
  7 21 80 18 203  291.70  295.50  295.90  296.30    2.83    2.80    2.61    2.12  268.40  262.80  258.10  252.20   41.99   44.63   49.62   55.81
  7 21 80 19 203  291.30  295.00  295.40  295.60    3.15    2.94    2.49    1.67  223.90  219.90  219.30  213.70   12.76   10.82   11.10   15.27
  7 21 80 20 203  291.60  294.60  294.80  294.90    5.63    4.94    3.88    2.55  212.60  211.20  213.00  210.30    3.48    3.31    3.73    4.65
  7 21 80 21 203  290.40  294.90  294.40  294.50    6.24    4.23    2.98    1.85  226.70  223.20  224.30  222.30    4.70    4.21    4.61    7.07
  7 21 80 22 203  290.80  294.70  294.20  294.20    6.69    4.06    2.82    1.57  236.70  231.40  231.20  228.30    4.62    7.00    8.40   13.81
  7 21 80 23 203  292.00  294.30  294.30  294.40    6.34    4.48    3.74    2.62  259.00  253.90  251.10  247.10    6.19    3.12    3.75    6.47
  7 21 80 24 203  292.30  294.30  293.90  293.90    5.65    3.73    2.55    1.49  252.10  234.80  224.70  207.90    3.22    5.62    6.75    9.31
  7 22 80  1 204  292.20  294.00  293.80  293.90    4.66    3.22    2.59    1.98  248.10  224.90  212.20  195.20    6.83   11.46   11.68   10.02
  7 22 80  2 204  292.20  293.80  293.90  294.20    3.32    2.85    2.51    1.86  255.80  238.90  232.70  224.50   15.17   18.13   19.30   22.33
  7 22 80  3 204  292.10  293.90  294.10  294.30    4.30    3.50    3.12    2.22  286.10  267.50  260.90  255.40    6.83   11.17   14.83   20.44
  7 22 80  4 204  291.40  293.90  293.70  294.00    6.60    4.60    3.80    2.92  312.90  298.20  294.50  292.30    7.45    7.28    8.22    7.73
  7 22 80  5 204  290.30  294.20  293.40  293.50    6.86    4.94    3.82    2.78  328.10  308.30  302.00  300.90    4.44    2.86    3.03    3.98
  7 22 80  6 204  289.10  294.30  293.70  293.20    6.47    5.17    3.84    2.60  336.20  319.10  308.00  306.60    1.57    4.12    1.97    2.61
  7 22 80  7 204  289.20  293.80  293.40  293.90    5.77    4.52    3.85    3.05  332.80  316.10  311.40  311.10    2.63    5.65    4.76    4.08
  7 22 80  8 204  289.90  294.50  294.90  295.50    3.54    3.50    3.49    3.04  337.60  337.70  335.20  337.80    6.23    6.68    6.69    8.41
  7 22 80  9 204  289.90  295.70  296.20  296.80    3.48    3.33    3.26    2.82  330.30  333.20  332.00  336.00    5.78    8.94   10.44   12.49
  7 22 80 10 204  289.70  296.60  297.10  298.00    4.78    4.63    4.34    3.64  323.80  323.90  322.10  325.10    6.62    8.27    8.47    8.97
  7 22 80 11 204  287.80  297.30  297.90  298.60    5.60    5.37    5.14    4.19  331.70  332.60  330.70  333.50    6.96    7.47    8.16    8.71
  7 22 80 12 204  286.30  297.80  298.50  299.20    5.33    5.19    5.08    4.44  336.10  338.50  337.60  340.90    7.00    7.88    8.62    8.95
  7 22 80 13 204  285.90  298.20  298.80  299.70    6.21    5.91    5.67    4.71  323.70  324.50  322.00  325.30    8.98   10.35   11.30   12.96
  7 22 80 14 204  285.40  298.60  299.20  300.10    4.54    4.84    4.88    4.11  341.40  342.80  342.10  345.80   10.44   12.78   13.26   14.58
  7 22 80 15 204  286.10  298.80  299.30  300.00    4.37    5.03    5.08    4.40  351.20  353.40  352.20  355.60   12.04   12.11   12.20   12.47
  7 22 80 16 204  286.10  298.80  299.30  299.90    4.11    4.95    5.05    4.42  354.70  356.50  355.30  358.20    7.50    7.33    7.23    7.33
  7 22 80 17 204  286.40  298.90  299.40  300.00    4.37    5.88    5.89    5.01  359.50    2.90    1.69    3.26    5.79    6.19    6.02    5.77
  7 22 80 18 204  286.90  298.70  299.20  299.60    3.18    3.66    3.87    3.40  353.30  353.70  352.50  355.50    5.22    4.47    4.40    5.04
  7 22 80 19 204  286.60  298.50  298.70  299.00    3.55    2.92    2.90    2.35  344.70  346.90  345.50  348.60    2.53    3.83    5.12    7.00
  7 22 80 20 204  287.20  297.60  297.50  297.40    4.37    3.85    3.48    2.67  350.50  347.60  343.80  343.40    4.61    3.46    3.70    4.47
  7 22 80 21 204  287.90  296.30  296.10  296.00    6.06    4.91    4.03    2.85    5.49    1.94  357.00  355.20    8.58    7.61    9.44   10.94
  7 22 80 22 204  287.60  295.60  295.50  295.10    8.32    6.09    4.97    3.26   19.43   16.52   14.30   14.19    1.51    1.67    2.21    2.82
  7 22 80 23 204  287.50  294.90  294.60  294.50    7.56    5.14    4.05    2.87   16.47    9.86    5.89    5.53    2.17    2.65    3.97    5.07
  7 22 80 24 204  287.20  294.00  293.80  293.30    7.94    6.04    4.99    3.29   33.73   24.77   20.09   18.86    9.43    7.31    5.95    4.90
  7 23 80  1 205  287.00  293.20  293.00  292.30    5.59    4.20    3.72    2.37   57.67   45.42   38.60   34.22   11.06   11.08   12.83   14.59
  7 23 80  2 205  286.60  292.80  292.10  291.70    5.19    2.75    2.09    1.33   83.91   66.43   61.21   64.07    2.10    2.43    4.91   21.43
  7 23 80  3 205  286.80  292.20  291.80  291.50    4.25    2.50    1.94    1.20   94.83   72.01   62.27   42.76    4.04    4.31    4.93    4.09
  7 23 80  4 205  286.60  292.10  291.70  291.60    3.14    1.90    1.84    1.70   85.63   46.67   28.32   13.83    7.95   12.53   14.27   14.43
  7 23 80  5 205  286.30  291.60  291.30  290.80    2.73    1.85    1.64    1.10   70.81   36.36   10.48  353.40    6.29    7.30    8.50   16.27
  7 23 80  6 205  286.10  291.50  290.80  290.90    2.51    1.84    1.52    1.25   63.61   19.82  359.60  350.70    7.04    8.36    7.93   10.21
  7 23 80  7 205  286.50  291.80  291.60  291.80    2.56    1.75    1.66    1.43   72.72   56.26   40.85   35.88    5.67   10.95   11.65   10.72
  7 23 80  8 205  287.10  292.80  293.10  293.70    1.59    1.66    1.65    1.44   57.03   55.70   57.32   59.40    8.03    7.74   13.28   21.17
  7 23 80  9 205  286.80  294.10  294.50  295.10    1.85    1.75    1.68    1.43   51.13   52.60   46.30   39.27   14.74   17.73   20.69   25.46
  7 23 80 10 205  286.60  295.20  295.70  296.40    2.70    2.65    2.50    2.23   39.39   41.19   40.52   40.09   13.37   13.56   14.57   14.59
  7 23 80 11 205  285.60  296.00  296.50  297.30    3.25    3.23    3.13    2.68   19.52   19.00   15.08   11.76   17.16   16.48   17.77   18.92
  7 23 80 12 205  284.70  296.70  297.20  298.10    3.58    3.55    3.44    2.94   19.40   19.78   18.97   18.98   11.83   13.61   14.70   14.93
  7 23 80 13 205  284.00  297.20  297.70  298.60    3.60    3.44    3.20    2.70   35.40   35.49   33.85   33.37   16.50   17.73   18.87   20.11
  7 23 80 14 205  283.80  297.70  298.20  299.00    3.91    3.98    3.85    3.33   28.24   28.04   27.90   28.17   16.86   19.35   20.86   20.20
  7 23 80 15 205  283.50  298.10  298.60  299.30    3.66    3.70    3.60    3.01   25.65   28.48   29.08   30.72   11.97   13.44   15.01   18.64
  7 23 80 16 205  284.00  298.30  298.80  299.40    4.56    4.20    4.00    3.40   60.60   64.93   66.51   67.64   18.95   21.19   22.52   23.15
  7 23 80 17 205  283.30  298.60  299.10  299.60    3.95    3.70    3.47    2.85   45.18   48.13   48.13   48.74   10.94   15.81   17.36   17.83
  7 23 80 18 205  284.00  298.30  298.60  298.90    4.25    3.98    3.60    2.70   51.74   52.34   52.45   52.26    7.25    9.13   10.67   12.71
  7 23 80 19 205  283.50  298.10  298.50  298.10    3.60    3.33    3.02    2.02   42.52   40.56   37.43   29.94    3.39    3.85    5.49    6.72
  7 23 80 20 205  285.10  297.20  297.30  296.50    3.48    3.00    2.72    1.81   99.76   92.29   83.47   76.04   37.33   34.30   30.63   28.79
  7 23 80 21 205  285.30  296.80  296.80  295.80    2.45    1.99    1.78    1.35  130.70  129.20  123.70   94.48    3.36    7.82   15.71   16.47
  7 23 80 22 205  285.40  296.30  296.00  294.50    1.73    1.05    1.04    0.64  136.20   98.27   63.15   79.13    7.68   17.95   39.47   39.37
  7 23 80 23 205  285.00  295.90  295.50  293.80    1.70    1.08    1.08    1.09  142.30  112.20   83.25   94.53    6.24   23.90   40.73   20.04
  7 23 80 24 205  284.50  295.80  295.10  292.60    2.60    2.12    2.12    1.45  118.20  106.50   98.25   93.58    6.97    6.79    4.30   11.50
  7 24 80  1 206  284.70  295.50  295.10  291.40    3.89    3.39    2.86    1.09  117.90  112.60  113.50  114.50    7.80    4.98    6.44   11.15
  7 24 80  2 206  285.10  294.40  293.80  291.10    3.85    3.34    2.59    1.39  109.90   97.65   86.93   77.16    6.11    8.12    9.42   11.56
  7 24 80  3 206  284.20  294.10  293.10  291.10    4.83    2.78    1.67    0.65  113.90  107.40   91.76   74.86    8.01   14.19   16.08   26.15
  7 24 80  4 206  283.10  293.60  292.30  290.60    5.18    2.30    1.33    0.64  114.20  116.50   89.27   59.85    3.00    9.73   21.31   17.43
  7 24 80  5 206  283.20  292.70  291.50  290.10    5.12    2.48    1.89    1.10  107.70   87.59   66.00   50.64    1.71    4.19    4.20    2.54
  7 24 80  6 206  281.60  293.10  291.10  289.60    6.07    3.83    2.60    1.59  118.00  101.50   81.10   76.54    3.57    2.58    3.77    6.14
  7 24 80  7 206  281.00  293.10  290.60  290.40    7.37    3.94    2.43    1.56  129.70  117.90  115.80  112.10    3.92    6.16    9.01   14.14
  7 24 80  8 206  283.70  292.70  292.50  293.10    5.01    3.62    3.22    2.64  138.80  135.10  134.20  132.30    4.50    5.11    3.45    4.84
  7 24 80  9 206 -999.99 -999.99 -999.99 -999.99 -999.99 -999.99 -999.99 -999.99 -999.99 -999.99 -999.99 -999.99    4.24    4.11    3.20    3.81
  7 24 80 10 206  285.50  295.90  296.30  297.10    2.82    2.81    2.69    2.37  144.50  147.80  149.70  148.90    3.98    6.49    7.96    8.33
  7 24 80 11 206  284.90  296.80  297.20  298.10    2.82    2.65    2.58    2.29  160.30  160.00  164.20  159.30    8.76   13.99   14.68   20.98
  7 24 80 12 206  284.60  297.40  297.90  298.80    2.73    2.62    2.59    2.27  161.00  163.80  167.50  168.00   19.11   17.41   19.08   20.92
  7 24 80 13 206  284.70  297.90  298.30  299.10    2.76    2.62    2.56    2.24  166.50  159.40  159.00  156.50   19.27   24.05   24.05   26.79
  7 24 80 14 206  285.00  298.40  298.80  299.60    2.27    2.25    2.20    2.07  180.50  186.40  187.70  185.50   28.23   32.36   35.94   40.54
  7 24 80 15 206  284.90  298.60  299.10  299.80    1.91    2.03    2.01    1.82  125.50  124.50  125.10  123.00   25.33   34.05   37.01   37.15
  7 24 80 16 206  285.10  298.80  299.20  299.90    1.94    1.97    1.92    1.76  152.00  155.30  150.40  133.30   26.21   37.01   42.03   54.47
  7 24 80 17 206  285.10  298.60  299.00  299.50    1.46    1.57    1.54    1.36  173.20  178.10  181.70  179.90   28.08   29.22   32.45   36.15
  7 24 80 18 206  285.20  298.60  299.00  299.40    3.21    3.10    2.90    2.23  173.80  177.60  180.60  180.70    8.62    8.97    8.06    7.04
  7 24 80 19 206  285.00  298.40  298.60  298.10    3.20    2.97    2.62    1.59  164.40  168.40  170.10  167.50    6.46    6.78    6.99    8.35
  7 24 80 20 206  285.00  298.10  298.40  296.90    3.15    3.16    3.10    1.97  158.60  158.70  159.30  153.40    4.64    5.43    6.25   11.55
  7 24 80 21 206  285.00  297.90  298.20  295.70    4.01    4.04    4.08    2.09  146.00  146.50  146.80  143.10    4.93    4.93    4.16    1.86
  7 24 80 22 206  284.80  297.70  297.70  293.20    5.98    5.81    5.54    2.23  146.60  145.90  145.90  146.40    1.84    2.36    2.89    2.86
  7 24 80 23 206  284.80  297.20  295.90  291.80    8.45    7.18    5.07    1.68  150.70  152.70  151.10  144.80    1.23    1.18    2.94    5.03
  7 24 80 24 206  284.10  297.40  295.90  291.30    7.17    6.28    4.38    1.69  154.00  155.80  155.80  149.30    1.41    2.07    0.87    3.99
  7 25 80  1 207  284.00  296.80  295.90  290.60    7.35    6.72    4.85    1.98  155.80  157.10  157.60  147.50    4.17    5.43    4.66    7.33
  7 25 80  2 207  283.90  296.50  294.60  289.60    7.64    6.29    4.30    1.77  163.50  162.20  165.40  159.10    2.98    2.72    2.72    3.63
  7 25 80  3 207  284.10  296.20  294.40  289.80    7.41    6.52    4.81    1.68  166.30  163.00  162.00  147.70    1.87    1.75    2.33    2.94
  7 25 80  4 207  284.60  295.80  294.90  288.80    7.45    7.59    5.43    2.50  168.90  164.30  164.80  154.00    2.39    0.98    1.19    4.44
  7 25 80  5 207  285.00  295.50  294.40  288.30    6.62    7.50    5.08    2.16  175.40  165.00  164.70  153.90    1.97    0.66    1.21    3.89
  7 25 80  6 207  285.10  295.30  293.60  288.00    6.90    7.35    5.08    1.89  183.60  173.70  171.80  171.60    2.40    3.12    2.66    8.95
  7 25 80  7 207  284.90  295.50  293.40  290.90    6.95    5.89    3.45    1.73  190.50  180.50  175.20  172.70    1.98    0.84    2.21    3.28
  7 25 80  8 207  286.10  295.20  294.20  294.80    5.70    3.61    3.18    2.70  190.50  186.90  187.50  186.50    1.20    2.46    4.18    6.88
  7 25 80  9 207  287.60  296.00  296.40  297.10    4.04    3.93    3.85    3.35  195.30  195.50  197.50  196.10    2.86    7.22    9.09   11.14
  7 25 80 10 207 -999.99 -999.99 -999.99 -999.99 -999.99 -999.99 -999.99 -999.99 -999.99 -999.99 -999.99 -999.99    7.15    4.02    2.66    4.35
  7 25 80 11 207  287.70  298.30  298.80  299.70    3.73    3.65    3.55    3.06  194.30  195.00  197.40  196.50    7.31   11.73   14.49   15.01
  7 25 80 12 207  287.90  299.30  299.80  300.70    3.24    2.96    2.91    2.63  209.60  204.70  203.30  205.60   13.60   13.46   14.21   19.27
  7 25 80 13 207  288.10  300.00  300.50  301.40    3.41    3.24    3.09    2.68  204.20  205.50  208.50  208.60   18.23   20.00   20.28   22.30
  7 25 80 14 207  287.90  300.60  301.10  301.90    2.81    2.76    2.77    2.51  191.40  184.40  183.80  176.40   16.04   21.22   23.70   27.91
  7 25 80 15 207  288.20  301.00  301.50  302.20    2.98    2.87    2.71    2.44  182.10  183.60  185.30  182.10   16.96   20.14   22.56   26.84
  7 25 80 16 207  288.10  301.10  301.50  302.40    3.31    3.19    3.03    2.61  158.60  159.50  161.10  159.90    7.11    6.83    8.50   12.46
  7 25 80 17 207  287.60  301.20  301.60  302.30    4.06    3.94    3.63    2.93  155.70  157.30  158.30  157.50    6.54    6.15    5.39    5.86
  7 25 80 18 207  286.10  301.00  301.30  301.50    4.12    3.74    3.21    2.22  158.10  157.00  156.70  154.70    2.46    3.92    4.93    6.99
  7 25 80 19 207  287.20  300.70  300.90  300.00    4.58    4.29    3.70    1.54  151.50  149.60  148.30  142.40    1.93    1.30    1.60    2.67
  7 25 80 20 207  287.80  300.20  299.90  297.20    7.26    6.69    5.33    1.95  147.40  144.90  143.20  141.60    2.11    3.01    2.97    2.34
  7 25 80 21 207  287.10  300.00  299.00  295.50    8.11    7.51    5.67    1.95  150.80  146.10  144.30  143.00    1.20    1.67    1.26    3.94
  7 25 80 22 207  286.70  300.10  298.40  294.30    8.93    7.51    5.31    1.68  151.80  150.30  145.30  141.70    1.02    1.05    1.15    3.03
  7 25 80 23 207  287.50  299.30  296.90  293.90   10.29    7.21    4.99    1.95  147.90  143.90  139.70  134.00    3.08    2.93    3.11    3.72
  7 25 80 24 207  287.70  298.80  296.20  292.50   10.71    7.83    5.33    1.65  152.60  148.70  145.30  142.50    2.28    2.16    2.49    4.91
  7 26 80  1 208  287.30  298.40  295.50  292.30    8.65    7.31    5.32    1.77  171.90  152.80  147.20  142.00    6.83    3.53    2.26    4.31
  7 26 80  2 208  286.40  299.00  295.50  291.50    7.36    7.07    4.94    1.70  188.40  163.50  156.80  149.80    2.39    2.28    2.50    6.48
  7 26 80  3 208  286.40  298.10  295.10  291.10    8.54    7.02    4.56    1.81  184.70  170.00  164.40  158.50    1.31    3.72    5.29    7.93
  7 26 80  4 208  287.30  297.10  294.40  291.40    8.56    5.81    3.82    1.54  181.60  169.40  161.70  149.30    2.88    3.32    3.11    3.51
  7 26 80  5 208  287.80  296.30  293.60  291.40    9.12    5.50    3.86    1.35  178.80  165.30  157.30  144.80    1.38    1.70    2.44    5.95
  7 26 80  6 208  287.60  296.00  292.80  291.10   10.84    6.35    4.37    2.15  178.40  164.60  160.90  162.90    1.76    2.11    3.95    9.45
  7 26 80  7 208  287.80  294.90  293.50  293.50    9.60    5.93    4.56    3.19  175.70  166.90  165.60  163.60    2.51    2.62    4.98    6.29
  7 26 80  8 208  288.80  295.30  295.40  295.90    5.80    4.46    3.95    3.18  181.50  179.60  179.40  176.20    4.72    5.33    4.81    3.52
  7 26 80  9 208  289.40  295.50  295.70  296.10    4.44    3.25    2.81    2.26  196.30  198.30  200.70  201.20    8.25   10.04   11.39   13.79
  7 26 80 10 208  289.60  296.40  296.80  297.50    4.51    3.73    3.32    2.80  222.40  222.50  225.00  222.50    7.60    6.94    7.89    7.39
  7 26 80 11 208  289.00  297.10  297.60  298.40    4.21    4.12    3.92    3.33  282.90  282.20  281.80  283.70   22.43   24.97   24.09   27.32
  7 26 80 12 208  288.90  297.20  297.80  298.40    2.05    1.95    1.83    1.65  242.10  237.40  230.90  235.90   35.68   42.83   57.45   53.56
  7 26 80 13 208  289.70  296.80  297.30  297.90    2.54    2.50    2.44    2.02  248.50  248.70  248.40  245.20   20.52   20.33   21.10   23.57
  7 26 80 14 208  290.40  295.90  296.30  296.70    3.52    3.38    3.15    2.60  235.70  242.20  244.20  244.70   40.15   37.07   35.77   36.86
  7 26 80 15 208  290.80  294.80  295.10  295.60    3.72    3.61    3.34    2.77  281.00  292.20  294.00  296.70    8.99    4.20    4.63    4.80
  7 26 80 16 208  290.30  294.60  294.90  295.30    3.46    3.28    3.14    2.67  307.90  316.00  315.90  318.50   16.26   16.71   15.59   15.78
  7 26 80 17 208  289.50  294.50  294.70  295.00    1.34    2.04    2.08    1.75  351.60  356.40  359.10    3.23    6.15   10.49   13.91   16.04
  7 26 80 18 208  289.80  294.40  294.70  294.90    0.97    1.09    1.08    0.90  330.80  339.00  342.00  360.00   72.79   74.28   71.79   82.59
  7 26 80 19 208  291.10  294.20  294.70  295.00    0.71    0.72    0.78    0.74   95.89   97.26  100.40  107.00   85.08   76.04   61.90   82.39
  7 26 80 20 208  289.90  294.50  294.60  294.70    0.62    1.05    1.05    0.70  130.00  123.90  129.40  138.60   66.29   59.89   62.01   63.33
  7 26 80 21 208  290.80  294.10  294.50  294.50    0.91    0.98    0.94    0.72  104.90  117.40  150.10  185.30   86.60   86.24   74.33   58.99
  7 26 80 22 208  290.40  294.10  294.30  294.30    1.95    1.54    1.42    1.07   83.72   74.18   69.90   71.02   12.22   25.67   30.27   40.06
  7 26 80 23 208  289.80  294.30  294.20  294.20    2.57    2.23    1.78    1.16   88.06   86.51   84.50   85.10    7.38   10.37   10.35   10.58
  7 26 80 24 208  290.30  293.30  293.70  293.70    2.28    1.65    1.44    0.92   79.78   69.54   63.05   60.33   15.84   23.19   25.76   28.39
  7 27 80  1 209  290.50  293.10  293.50  293.80    1.74    1.63    1.60    1.43   18.93  358.20  353.60  351.30    9.29    6.14    7.62   13.24
  7 27 80  2 209  290.50  293.10  293.50  293.80    1.67    1.65    1.71    1.52   15.55    2.03    0.87    4.67    7.99   10.23   11.14   12.30
  7 27 80  3 209  290.10  293.20  293.60  293.60    2.17    2.21    2.12    1.55   31.91   28.97   27.19   32.90   20.40   20.01   19.73   26.23
  7 27 80  4 209  290.20  293.00  293.30  293.40    1.82    1.82    1.74    1.40   41.99   38.86   42.39   52.84   24.27   30.01   33.75   36.99
  7 27 80  5 209  290.30  292.50  292.60  292.80    2.59    2.31    2.05    1.54   26.92   36.98   38.56   40.19   10.91   14.89   17.05   22.35
  7 27 80  6 209  290.20  292.30  292.60  292.80    3.43    3.45    3.09    2.29   11.27   11.97   10.23   11.10    7.29   12.28   13.29   13.99
  7 27 80  7 209  290.10  292.50  292.80  293.20    3.84    3.72    3.43    2.88    7.76    5.26    3.78    5.69    6.76    6.51    6.87    6.00
  7 27 80  8 209  290.40  292.40  292.90  293.30    2.70    2.49    2.56    2.26    3.37  356.30  353.60  357.00    8.81    9.81   10.22    8.24
  7 27 80  9 209  290.60  292.40  293.00  293.40    2.60    3.02    3.28    2.93  347.10  344.50  341.70  341.80    3.42    3.79    5.93    8.89
  7 27 80 10 209  290.40  292.10  292.60  293.10    3.64    3.96    3.96    3.29  341.70  340.40  338.10  337.90    4.15    2.44    2.46    5.19
  7 27 80 11 209  290.40  291.80  292.10  292.60    4.81    4.86    4.66    3.81  337.50  336.70  334.50  335.60    2.90    2.87    3.03    3.99
  7 27 80 12 209  290.50  291.60  291.90  292.50    5.07    5.04    4.89    4.07  336.30  336.20  334.40  336.00    2.10    2.62    2.76    3.33
  7 27 80 13 209  290.20  291.80  292.40  293.20    4.90    4.85    4.58    3.68  328.90  329.70  328.30  328.90    2.68    3.60    3.30    4.58
  7 27 80 14 209  289.90  292.00  293.00  293.60    5.57    5.40    5.16    4.22  320.00  321.10  320.80  322.30    5.11    6.32    6.13    6.36
  7 27 80 15 209  289.80  292.20  293.30  293.80    5.97    5.36    4.94    4.05  328.00  328.50  326.60  328.00    5.24    7.59    8.03    8.73
  7 27 80 16 209  289.50  292.40  293.10  293.60    4.98    5.03    5.20    4.40  343.90  345.20  343.00  346.10    5.68    5.90    5.83    6.88
  7 27 80 17 209  289.40  292.10  292.70  293.30    5.38    5.19    5.03    4.29  340.40  340.80  340.00  340.70    6.89    6.84    6.93    7.81
  7 27 80 18 209  289.30  292.40  293.00  293.50    3.91    4.19    4.43    3.74  346.70  347.80  345.80  348.10    3.53    4.54    4.90    5.70
  7 27 80 19 209  289.40  292.50  293.10  293.60    3.48    3.81    3.84    3.38  354.70  354.60  351.80  354.00    6.27    6.58    7.17    7.43
  7 27 80 20 209  289.40  292.50  293.10  293.50    3.35    3.92    4.12    3.51  352.70  352.50  350.80  353.00    3.42    4.53    5.04    5.23
  7 27 80 21 209  289.50  292.20  292.60  293.20    3.41    3.78    3.68    3.15  355.30  355.80  353.00  354.00    4.00    5.40    5.81    5.29
  7 27 80 22 209  289.60  292.10  292.60  293.10    3.34    3.82    3.74    3.23  359.60  358.40  357.40  358.20    2.28    2.81    3.78    4.67
  7 27 80 23 209  289.50  292.10  292.60  293.10    2.86    3.13    2.98    2.55  352.50  349.20  345.10  345.20    7.36    8.87    8.80    9.79
  7 27 80 24 209  289.60  292.10  292.50  292.90    4.23    3.43    3.10    2.48  342.20  339.40  336.30  335.80    1.74    1.82    1.87    2.28
  7 28 80  1 210  289.40  292.30  292.50  292.80    4.34    3.96    3.44    2.68  338.10  327.20  322.80  322.30    5.36    3.73    4.55    5.18
  7 28 80  2 210  289.50  292.20  292.30  292.70    5.32    3.98    3.39    2.64  316.40  307.50  306.40  308.90    4.40    3.68    3.72    5.45
  7 28 80  3 210  289.50  291.70  291.90  292.30    4.64    3.51    3.07    2.41  328.20  319.90  316.40  315.60    2.82    5.82    5.12    4.87
  7 28 80  4 210  289.30  291.60  291.60  291.90    3.49    3.18    2.78    2.19  335.00  315.70  311.30  311.20    4.46    5.68    4.53    4.59
  7 28 80  5 210  288.90  291.30  290.90  291.00    5.70    4.86    3.96    2.84  331.20  318.00  312.10  313.10    3.16    5.42    3.10    4.05
  7 28 80  6 210  288.40  291.60  290.90  291.00    6.66    4.29    3.24    2.31  326.40  315.80  310.80  312.10    2.43    5.19    5.57    4.60
  7 28 80  7 210  288.20  291.50  291.00  291.40    4.65    3.21    2.69    2.04  333.40  321.60  316.40  318.10    5.26    4.77    5.17    5.72
  7 28 80  8 210  288.80  291.70  292.20  292.90    3.31    3.15    3.16    2.81  339.60  340.40  338.70  341.60    4.35    5.57    5.72    8.19
  7 28 80  9 210  289.00  292.90  293.40  294.10    2.69    2.73    2.92    2.63  339.70  343.70  343.10  346.90    6.00    7.13    8.44   10.24
  7 28 80 10 210  288.70  294.20  294.70  295.60    3.00    2.88    2.84    2.45  317.50  319.30  318.50  322.20   11.82   15.91   16.19   18.47
  7 28 80 11 210  288.00  295.10  295.50  296.30    2.94    2.85    2.74    2.33  309.10  311.30  311.40  313.60   15.03   18.38   22.10   22.54
  7 28 80 12 210  287.50  296.10  296.70  297.40    3.18    3.19    3.03    2.62  310.60  312.30  313.60  314.50    9.43   11.64   12.25   15.87
  7 28 80 13 210  286.80  296.80  297.30  297.90    2.77    2.67    2.51    2.24  324.80  325.50  325.80  331.30   17.56   15.79   16.40   19.64
  7 28 80 14 210  286.80  297.20  297.60  298.30    2.34    2.24    2.22    2.00  342.10  346.80  346.40  345.70   27.07   32.15   39.18   44.50
  7 28 80 15 210  286.90  297.90  298.40  299.20    2.23    2.19    2.14    1.81  284.90  284.90  282.40  278.60   35.95   35.93   34.19   40.16
  7 28 80 16 210  287.20  298.00  298.50  299.20    2.94    2.81    2.73    2.44  197.50  197.40  198.70  194.80   17.81   19.89   22.54   21.76
  7 28 80 17 210  287.30  298.10  298.50  299.20    2.86    2.74    2.65    2.40  192.80  192.00  192.20  188.20    6.30    8.53   11.01   15.55
  7 28 80 18 210  287.40  298.10  298.40  298.90    2.66    2.57    2.48    2.05  190.40  186.90  187.50  183.30    7.16    6.00    5.98    8.57
  7 28 80 19 210  287.30  297.90  298.20  297.70    3.02    2.82    2.62    1.67  181.70  179.40  176.10  164.30    4.06    3.60    6.19    9.76
  7 28 80 20 210  287.00  297.60  297.80  295.90    3.58    3.51    3.36    2.23  179.90  175.70  173.00  161.20    2.36    4.77    4.38    2.68
  7 28 80 21 210  286.80  297.50  297.60  293.80    4.40    4.63    4.57    2.50  174.80  173.20  171.60  158.60    4.00    4.04    3.81    4.42
  7 28 80 22 210  287.40  297.10  296.90  292.40    5.04    4.93    4.59    2.20  186.00  180.30  173.90  165.00    8.28    6.19    1.97    4.31
  7 28 80 23 210  287.10  297.10  296.60  291.30    6.57    5.88    4.98    2.26  198.80  195.30  187.60  166.40    2.25    2.27    4.42    3.11
  7 28 80 24 210  286.60  297.20  296.10  290.30    7.93    7.77    5.63    2.28  192.20  189.00  178.90  172.00    2.44    2.58    2.98    7.53
  7 29 80  1 211  287.00  296.80  295.20  290.30    9.89    8.76    5.98    2.65  185.20  180.40  173.00  169.10    2.73    2.26    1.93    6.08
  7 29 80  2 211  287.20  295.40  292.90  290.20   10.58    7.06    4.95    2.39  198.10  186.30  182.10  178.00    3.21    3.88    4.51    3.92
  7 29 80  3 211  287.00  294.90  292.50  290.30   11.07    6.62    4.60    2.26  200.80  191.80  185.80  176.20    1.74    2.41    3.28    5.46
  7 29 80  4 211  287.20  295.00  292.40  290.20   11.15    7.15    5.13    2.66  189.10  176.10  168.70  161.70    4.08    6.09    5.33    3.64
  7 29 80  5 211  287.40  294.00  292.60  291.50   12.55    8.21    6.18    3.90  179.90  173.20  172.30  169.90    4.86    3.75    3.78    4.02
  7 29 80  6 211  288.00  292.90  292.50  292.10   10.44    7.27    5.74    3.82  173.80  170.90  171.50  170.90    4.11    6.59    8.04   10.50
  7 29 80  7 211  288.50  292.40  292.60  293.00    6.67    5.09    4.39    3.33  186.10  183.30  184.00  182.00    2.99    2.52    2.91    3.39
  7 29 80  8 211  289.30  293.90  294.40  295.00    4.86    4.30    3.99    3.34  206.70  204.50  206.30  204.50    8.89   10.32   10.04   12.34
  7 29 80  9 211  289.40  295.60  296.10  296.90    4.67    4.35    4.13    3.36  250.90  249.50  252.10  253.80   20.37   20.21   19.03   18.62
  7 29 80 10 211  289.40  296.70  297.10  297.90    4.16    4.20    4.12    3.52  297.50  297.30  297.50  297.30   11.54   11.60   12.05   12.02
  7 29 80 11 211  290.00  297.70  298.20  299.00    3.82    3.74    3.57    3.13  312.90  312.90  311.60  311.00    8.01   10.62   12.31   15.73
  7 29 80 12 211  290.20  299.10  299.70  300.50    4.52    4.35    4.19    3.55  319.00  320.00  319.10  321.40    6.93    9.59   10.44   13.46
  7 29 80 13 211  290.20  300.50  301.20  302.00    5.47    5.08    4.88    4.21  327.20  330.10  329.00  331.90    4.75    6.59    6.35    8.44
  7 29 80 14 211  290.40  301.20  301.90  302.60    4.77    5.00    5.06    4.38  343.10  346.90  346.70  351.50    4.53    5.01    6.09    5.81
  7 29 80 15 211  290.30  301.70  302.40  303.00    4.67    4.80    4.88    4.27  342.00  344.70  345.40  348.20    5.05    5.58    4.91    5.87
  7 29 80 16 211  289.60  302.20  302.80  303.40    4.55    4.74    4.80    4.22  344.60  347.20  345.90  348.60    8.36    8.41    8.53    8.70
  7 29 80 17 211  289.60  302.30  302.80  303.30    3.47    4.20    4.27    3.85  352.80  353.60  352.10  353.90    4.98    4.45    3.36    4.16
  7 29 80 18 211  289.70  302.00  302.40  302.80    3.58    4.07    3.72    3.17    5.36    7.11    6.49    8.52    3.70    3.10    3.50    4.84
  7 29 80 19 211  289.70  301.50  301.80  301.50    4.87    4.22    3.63    2.60   10.87   10.69   10.22   13.49    2.92    2.72    2.96    3.89
  7 29 80 20 211  287.80  301.30  301.20  300.40    5.65    4.22    3.46    2.26   15.89   13.96   10.67   12.85    1.76    2.01    1.78    1.75
  7 29 80 21 211  288.20  300.70  300.10  298.00    4.67    3.04    1.76    0.67   23.93   15.56    5.61  344.00    4.82    4.78   12.14   59.83
  7 29 80 22 211  289.00  299.80  299.20  297.00    5.29    3.69    2.48    1.06   44.75   36.92   32.24   19.87    5.18    7.53    9.98   18.52
  7 29 80 23 211  288.80  299.20  297.90  295.60    5.53    3.37    2.16    0.83   59.89   51.57   46.40   80.03    4.07    9.56   15.31   75.84
  7 29 80 24 211  288.00  298.70  297.20  295.20    6.82    4.06    2.41    0.98   65.46   65.50   63.95   56.27    2.08    3.68    7.60   52.75
  7 30 80  1 212  288.00  297.30  296.20  295.20    6.40    3.70    2.69    1.59   64.75   55.29   47.90   38.95    4.23   10.17   15.56   20.46
  7 30 80  2 212  289.50  295.10  294.40  293.50    7.70    4.50    3.25    1.81   83.73   79.07   76.66   76.83    8.73   14.50   16.93   24.85
  7 30 80  3 212  289.50  294.70  293.30  292.10   10.96    6.73    4.85    2.66  101.60  106.00  108.90  110.00    9.77   12.95   15.06   18.37
  7 30 80  4 212  289.00  294.20  293.70  292.70    7.44    4.79    3.54    1.80  107.60  105.50  105.80  110.50    7.85   12.53   17.39   26.23
  7 30 80  5 212  289.10  294.80  293.60  292.50    8.43    5.26    3.87    1.98  118.40  117.90  117.50  121.90   10.12   17.25   21.41   31.88
  7 30 80  6 212  289.70  295.10  293.10  291.80   10.30    6.52    4.57    2.37  136.00  139.30  141.30  142.90    3.65    5.74    9.23   12.88
  7 30 80  7 212  289.70  293.80  293.10  293.10    8.92    6.30    5.06    3.54  103.30   93.11   90.43   87.57   29.49   28.30   28.46   27.85
  7 30 80  8 212  288.70  293.90  294.20  294.80    7.72    6.02    5.35    4.23   97.82   98.05   99.20   97.65   15.21   17.52   17.50   17.32
  7 30 80  9 212  289.60  295.60  296.10  297.00    5.89    5.35    4.84    3.79  131.50  132.60  133.70  132.60    7.11    7.35    7.56    7.72
  7 30 80 10 212  291.50  297.60  298.20  299.20    5.35    5.08    4.52    3.71  136.10  136.30  137.30  137.90    9.33    9.64    9.99   11.17
  7 30 80 11 212  291.50  299.40  299.90  301.00    7.45    7.31    6.74    5.50  150.30  151.70  154.10  154.40    3.91    6.26    7.01    7.54
  7 30 80 12 212  290.80  300.80  301.40  302.20    7.82    7.36    6.61    5.16  154.00  154.20  155.80  155.70    2.71    3.88    4.15    4.41
  7 30 80 13 212  290.90  301.40  301.90  302.60    8.13    7.28    6.58    5.30  160.90  162.30  164.30  163.00    2.93    3.43    3.35    3.12
  7 30 80 14 212  292.20  302.20  302.70  303.60    8.10    7.84    7.37    6.13  168.60  168.60  170.60  169.40    3.42    4.67    3.93    4.69
  7 30 80 15 212  292.70  303.50  304.00  304.70    8.98    8.32    7.69    6.32  173.20  174.00  176.00  174.60    1.89    2.07    2.12    2.90
  7 30 80 16 212  293.00  304.30  304.70  305.20    9.28    8.16    7.42    5.79  178.10  178.50  181.30  178.40    3.09    2.86    2.72    2.93
  7 30 80 17 212  293.00  305.00  305.20  305.50    8.35    6.89    6.05    4.70  178.30  178.80  180.30  179.20    1.52    2.57    2.98    2.75
  7 30 80 18 212  293.00  304.80  304.80  304.80    8.43    6.58    5.49    3.88  164.50  162.00  162.90  162.40    4.19    5.35    6.09    6.42
  7 30 80 19 212  293.30  303.80  303.20  302.50    9.43    6.93    5.35    3.42  159.30  153.70  154.00  153.90    2.03    1.83    1.74    2.04
  7 30 80 20 212  292.70  302.50  301.60  300.50   11.26    7.87    5.87    3.63  164.40  161.50  162.90  162.00    2.77    3.04    2.90    2.37
  7 30 80 21 212  292.50  301.50  300.40  299.50   12.64    8.86    6.84    4.49  170.40  167.20  168.00  166.90    1.92    1.54    1.36    2.02
  7 30 80 22 212  293.00  300.50  299.50  298.40   12.35    8.39    6.43    4.07  174.60  171.50  172.40  170.70    1.20    2.35    3.06    2.88
  7 30 80 23 212  293.20  300.00  299.30  298.60   12.58    8.76    6.86    4.60  180.70  178.50  179.70  177.20    1.98    2.03    1.69    1.46
  7 30 80 24 212  293.30  299.70  298.80  298.40   13.02    8.82    6.94    4.76  189.90  184.90  186.70  185.60    2.77    1.64    1.84    2.05
  7 31 80  1 213  293.10  299.40  298.50  297.80   12.00    7.93    6.05    3.83  196.50  192.00  193.30  191.00    2.44    3.28    4.52    5.01
  7 31 80  2 213  292.70  299.20  298.50  297.90   11.77    7.86    6.11    3.92  208.40  206.50  208.90  206.20    4.14    5.37    5.40    5.64
  7 31 80  3 213  291.90  300.00  298.20  297.60   13.19    8.50    6.64    4.20  217.10  207.70  207.10  203.20    2.05    1.36    2.39    4.47
  7 31 80  4 213  290.90  299.80  298.50  297.80   11.98    7.83    5.86    3.72  220.90  213.30  212.50  206.60    2.80    2.87    3.06    2.51
  7 31 80  5 213  289.40  300.80  300.00  299.40   12.50    8.59    6.21    3.99  227.40  223.30  223.40  217.90    1.69    3.15    4.11    6.13
  7 31 80  6 213  288.90  300.30  300.10  299.80    8.28    6.01    4.76    3.31  254.80  258.10  259.00  255.70   16.33   19.26   20.21   21.58
  7 31 80  7 213  288.20  299.70  299.20  298.70    8.09    5.28    4.16    2.49  256.80  253.70  251.00  241.80    3.69    5.03    5.46    5.14
  7 31 80  8 213  287.10  300.20  299.00  298.40    8.22    5.36    3.88    2.35  256.10  246.40  243.50  237.40   10.75   12.67   14.63   19.76
  7 31 80  9 213  287.60  299.40  299.00  298.80    6.14    4.60    3.77    2.44  255.30  251.60  249.10  242.50    9.90    7.71    6.56    6.50
  7 31 80 10 213  289.10  299.60  299.90  300.40    5.65    4.74    4.15    3.19  254.10  252.00  252.80  252.40    6.80    5.78    5.28    4.49
  7 31 80 11 213  289.90  299.30  299.70  300.30    5.94    5.00    4.52    3.56  258.20  256.20  256.20  254.70    8.99    9.90    9.39    8.48
  7 31 80 12 213  291.90  299.60  300.00  300.60    5.93    4.99    4.32    3.31  244.00  242.00  243.10  243.80    2.16    3.19    4.22    6.60
  7 31 80 13 213  291.10  299.90  300.40  301.10    6.24    5.77    5.39    4.35  257.70  254.20  253.40  251.60    4.22    2.29    2.10    2.75
  7 31 80 14 213  293.50  300.20  300.60  301.40    5.89    5.21    4.97    3.97  265.30  261.10  259.20  257.10    6.10    5.65    5.49    8.02
  7 31 80 15 213  294.50  301.20  301.70  302.30    5.22    4.87    4.71    3.88  269.20  264.40  262.80  261.70    2.87    3.88    4.47    6.52
  7 31 80 16 213  294.70  301.40  301.90  302.60    4.99    4.67    4.37    3.51  263.30  259.00  257.80  257.40    5.62    5.82    5.96    7.43
  7 31 80 17 213  295.30  301.00  301.30  301.60    4.30    3.76    3.10    2.22  248.50  240.20  237.90  234.70    7.75    8.17    9.09   13.43
  7 31 80 18 213  294.50  300.80  300.90  301.10    5.19    4.11    3.47    2.41  253.70  251.50  250.50  246.20    6.42    6.38    5.59    2.80
  7 31 80 19 213  294.00  300.90  300.90  300.50    4.15    3.34    2.77    1.73  245.10  237.00  230.30  211.80    6.59    9.08   10.59   15.37
  7 31 80 20 213  293.60  301.00  301.00  300.20    3.14    2.81    2.40    1.44  267.30  258.40  253.90  233.50   12.32   18.81   20.90   17.21
  7 31 80 21 213  293.50  301.10  301.00  299.80    2.22    1.96    1.56    1.30  275.20  271.40  270.30  239.90   18.67   24.30   38.22   63.97
  7 31 80 22 213  293.70  300.40  300.00  298.10    3.59    3.73    3.21    1.92  227.20  217.10  218.10  213.30   14.78   16.32   21.30   24.72
  7 31 80 23 213  293.00  300.60  300.20  298.00    4.44    4.25    3.49    1.69  248.90  245.80  252.70  254.90   12.73   18.86   17.88   24.47
  7 31 80 24 213  292.90  300.70  300.50  298.70    1.70    1.54    1.30    0.95  269.40  245.60  245.50  105.40   18.79   32.13   58.60   78.60
  8  1 80  1 214  293.20  300.60  300.50  298.40    2.03    2.24    2.01    1.40  342.40  313.10  320.70   15.62   20.43   30.02   27.64   40.91
  8  1 80  2 214  293.50  300.00  299.20  297.30    2.57    3.01    2.03    1.50  358.30  331.80  348.00    8.82   38.84   48.06   69.16   72.99
  8  1 80  3 214  293.40  299.40  298.20  296.30    3.66    2.66    2.35    1.69  107.90  108.90  144.20  161.10   29.87   60.79   20.70   19.53
  8  1 80  4 214  292.40  298.70  297.90  296.80    4.06    2.78    2.06    1.37  132.60  118.30   97.37   66.65    8.49   24.02   39.95   59.35
  8  1 80  5 214  291.20  296.90  296.70  296.30    6.65    4.55    3.43    1.89  168.30  169.20  173.40  178.70   13.94   21.02   28.64   39.93
  8  1 80  6 214  290.10  297.00  295.80  295.50   11.21    7.44    5.96    3.99  175.70  177.10  180.50  181.00    6.45   10.85   13.75   15.20
  8  1 80  7 214  290.50  295.90  295.70  295.90    8.05    5.19    4.16    2.88  188.70  190.50  193.50  185.90    5.53    7.46   10.58   14.08
  8  1 80  8 214  291.20  297.10  297.00  297.70    6.36    4.42    4.06    3.44  198.70  193.20  192.40  191.20    8.63    9.65   10.29   21.05
  8  1 80  9 214  291.30  298.80  298.80  299.30    3.89    2.47    2.14    1.88  194.20  183.70  182.90  174.00    5.92    8.54   10.34   13.42
  8  1 80 10 214  292.10  299.90  300.50  301.20    2.70    2.36    2.13    1.88  237.00  232.70  227.50  221.40   36.91   39.61   37.86   43.19
  8  1 80 11 214  292.20  301.00  301.60  302.30    1.81    1.88    1.73    1.53  120.30   84.99   91.05  104.80   94.80   87.53   78.83   89.72
  8  1 80 12 214  293.10  301.00  301.50  302.30    3.79    3.66    3.37    2.83  126.70  123.40  125.40  125.20    8.73    8.70    9.86   11.38
  8  1 80 13 214  293.40  302.10  302.70  303.70    4.36    4.14    3.72    3.28  141.90  140.90  142.10  141.90   10.81   11.96   12.64   15.32
  8  1 80 14 214  292.20  302.60  303.10  303.70    4.49    4.24    3.94    3.35  173.10  175.40  179.70  179.30    4.50    5.54    6.09    6.79
  8  1 80 15 214  292.80  303.10  303.60  304.40    5.26    5.04    4.74    4.16  176.30  177.50  180.80  178.70    4.66    3.82    4.78    6.62
  8  1 80 16 214  293.00  304.10  304.50  305.20    4.77    4.36    4.04    3.41  176.20  176.70  179.40  178.00    2.96    5.35    5.65    6.33
  8  1 80 17 214  294.00  304.80  305.10  305.70    4.91    4.21    3.77    3.11  174.70  175.50  178.90  179.10    8.76    9.79   10.69   10.79
  8  1 80 18 214  293.50  305.10  305.00  304.90    6.15    4.70    3.74    2.59  173.50  166.40  165.10  161.10    3.31    2.54    2.31    3.39
  8  1 80 19 214  292.80  305.00  304.60  303.20    8.15    6.08    4.64    2.66  174.50  167.00  163.10  157.50    1.91    1.09    2.01    2.30
  8  1 80 20 214  292.70  304.30  303.30  300.40   11.03    7.72    5.66    2.91  175.50  169.80  167.00  161.30    3.13    3.24    3.62    4.94
  8  1 80 21 214  293.00  302.90  301.70  300.00   13.11    9.20    7.00    4.32  177.40  172.80  174.90  173.60    1.47    2.35    4.10    4.59
  8  1 80 22 214  293.30  301.60  300.90  300.40   13.51    9.52    7.78    5.37  183.10  180.80  183.00  180.60    2.33    2.52    2.52    2.16
  8  1 80 23 214  293.90  300.90  300.30  299.90   12.71    9.05    7.25    4.97  187.80  185.40  186.50  184.60    0.72    1.11    1.35    2.13
  8  1 80 24 214  293.90  300.40  300.00  299.50   12.10    8.64    6.97    4.74  189.50  185.60  186.70  184.90    1.01    0.89    1.26    1.51
  8  2 80  1 215  293.50  300.00  299.70  299.20   11.58    8.21    6.57    4.45  194.50  192.10  193.80  190.40    1.19    1.54    1.93    1.71
  8  2 80  2 215  293.10  299.50  299.30  298.90   11.54    8.16    6.56    4.38  197.50  196.10  197.90  195.40    1.54    2.09    2.55    3.42
  8  2 80  3 215  292.70  299.10  298.70  298.10   11.15    7.56    5.97    3.78  198.40  196.30  197.90  196.00    0.91    1.76    2.38    2.59
  8  2 80  4 215  292.20  298.80  298.10  297.50   12.40    8.37    6.56    4.28  198.50  195.00  197.30  194.90    1.20    2.58    2.63    2.81
  8  2 80  5 215  291.70  298.30  297.50  297.10   12.32    8.29    6.44    4.23  201.10  198.30  200.40  198.30    0.86    0.77    1.66    2.52
  8  2 80  6 215  291.20  298.00  297.50  297.30   11.56    7.87    6.16    4.21  199.80  196.60  198.40  196.70    2.03    1.99    2.43    2.70
  8  2 80  7 215  290.20  298.80  298.40  298.40   12.46    9.16    7.64    5.42  206.20  201.70  202.80  200.70    2.97    3.86    4.95    5.40
  8  2 80  8 215  289.90  299.50  299.60  299.90   11.17    8.75    7.30    5.53  215.40  213.10  214.40  211.00    2.28    2.67    2.80    3.91
  8  2 80  9 215  287.80  300.80  300.90  301.10   11.56    9.09    7.32    5.34  223.40  221.90  223.30  220.70    3.68    4.35    4.87    6.81
  8  2 80 10 215  287.50  300.40  300.40  300.40   10.25    7.86    6.18    4.15  231.70  231.20  232.60  229.90    2.60    3.40    3.71    3.18
  8  2 80 11 215  287.70  299.50  299.50  299.50    8.42    6.30    4.89    3.24  230.00  227.50  227.30  223.10    8.04   10.16   11.81   15.90
  8  2 80 12 215  288.30  299.50  299.20  299.20    7.12    4.85    3.72    2.51  208.50  200.30  197.90  191.60    8.60   13.05   15.20   18.49
  8  2 80 13 215  289.60  299.90  299.80  299.90    8.63    6.26    5.12    3.62  205.90  200.40  201.10  196.10    5.88    8.43    9.11    9.96
  8  2 80 14 215  288.60  301.00  300.70  300.40   10.32    7.75    5.96    4.04  231.40  227.70  227.70  225.50    8.12    8.24    8.07    9.58
  8  2 80 15 215  288.70  299.80  299.90  299.80   10.11    7.77    6.59    4.78  255.10  254.30  254.10  254.20   12.00   11.97   11.66   11.71
  8  2 80 16 215  288.30  298.30  298.60  298.70    9.40    6.67    5.70    4.44  270.80  269.50  269.70  267.90    4.09    3.54    3.16    3.19
  8  2 80 17 215  289.00  296.20  296.10  296.00   10.07    7.44    6.17    4.36  246.50  243.20  242.50  238.90   23.37   22.67   22.02   21.63
  8  2 80 18 215  288.50  298.70  297.00  295.90   10.11    6.23    4.50    2.54  231.80  231.70  234.10  229.10   14.67   19.51   20.97   21.73
  8  2 80 19 215  287.90  299.10  298.40  297.40   10.49    7.14    5.60    3.63  244.70  244.70  244.70  240.40   15.16   20.31   23.91   32.72
  8  2 80 20 215  288.30  298.60  297.60  296.90    8.91    6.11    5.05    3.74  272.20  281.10  286.90  294.70   12.19   11.06   10.72   13.32
  8  2 80 21 215  288.90  297.50  296.40  296.10   10.32    6.32    4.91    3.62  289.80  287.90  286.00  287.50    5.06    7.14    8.09   11.09
  8  2 80 22 215  289.20  296.40  295.80  294.90    6.07    4.73    3.54    1.98  223.00  210.90  205.80  198.70   23.07   21.23   19.41   30.03
  8  2 80 23 215  288.40  298.20  297.10  295.10    6.45    4.73    3.03    1.19  238.10  236.50  240.50  229.90    6.06    5.86    8.85   16.22
  8  2 80 24 215  288.50  298.10  297.50  294.80    5.31    4.62    3.44    1.70  259.20  248.50  241.20  231.70   11.03   13.70   13.07   17.12
  8  3 80  1 216  289.30  296.70  296.50  295.30    6.28    5.47    4.13    2.78  293.60  290.10  286.90  285.80    6.13    7.93    9.76   18.89
  8  3 80  2 216  290.20  294.80  294.50  293.70    6.84    7.00    5.19    3.45  319.70  315.80  310.40  309.10    8.02    5.93    5.92    3.28
  8  3 80  3 216  290.50  293.30  293.00  292.80    7.92    6.28    4.82    3.42  338.30  331.90  326.30  324.00    1.83    3.15    3.82    4.28
  8  3 80  4 216  290.40  292.40  292.50  292.70    6.15    4.59    3.92    3.01  339.90  338.70  335.70  334.80    2.60    2.34    2.49    2.93
  8  3 80  5 216  290.10  292.00  292.00  292.20    5.92    4.79    3.96    2.94  340.20  337.20  333.50  331.50    3.02    3.06    3.40    3.90
  8  3 80  6 216  289.40  291.10  291.40  291.80    4.02    4.04    3.82    3.11  353.10  351.90  350.20  351.50    5.71    6.91    7.22    8.79
  8  3 80  7 216  288.90  291.40  291.80  292.30    4.41    3.81    3.46    2.98   13.89   13.93   12.94   14.81    5.49    7.69    8.68    9.43
  8  3 80  8 216  288.80  292.40  293.00  293.60    3.98    3.72    3.54    3.15   15.99   16.20   16.04   18.55    2.62    3.42    4.76    5.38
  8  3 80  9 216  288.60  294.00  294.50  295.20    4.40    4.15    4.01    3.54   18.52   17.72   16.91   17.85    2.40    4.36    4.52    7.41
  8  3 80 10 216  288.50  295.30  295.90  296.70    4.80    4.73    4.54    3.98   20.28   20.92   20.37   20.84    8.95    9.43   10.23   10.81
  8  3 80 11 216  288.50  296.40  297.00  297.90    3.89    3.86    3.65    3.13   15.92   15.65   13.56   13.65   13.22   13.19   15.99   16.51
  8  3 80 12 216  288.20  297.50  298.00  298.80    3.43    3.49    3.34    3.00   10.04   10.54    8.27    7.76    5.85    6.56    7.67    8.91
  8  3 80 13 216  288.30  298.50  299.00  299.80    2.71    2.72    2.58    2.29   14.04   17.58   13.72    8.93   10.51   12.60   12.96   13.78
  8  3 80 14 216  288.10  299.20  299.70  300.50    2.53    2.58    2.51    2.38   13.23   10.87    8.16    8.90   17.57   20.97   21.91   25.32
  8  3 80 15 216  288.00  299.90  300.30  301.00    1.79    1.84    1.79    1.69   31.70   29.75   32.63   34.87   31.52   43.18   56.02   50.21
  8  3 80 16 216  288.10  300.10  300.50  301.00    1.75    1.68    1.60    1.43   64.98   63.54   65.96   68.25   19.97   20.64   33.80   38.30
  8  3 80 17 216  288.00  300.20  300.60  301.20    1.92    1.82    1.74    1.49   99.98  102.90  106.00  103.40   26.58   33.02   33.58   30.52
  8  3 80 18 216  287.60  300.30  300.60  301.20    1.35    1.30    1.27    1.08  121.60  123.40  126.90  117.90   17.48   18.80   24.34   35.65
  8  3 80 19 216  287.00  300.10  300.50  300.30    1.11    1.20    1.19    0.95  142.60  153.10  158.70  153.90   34.07   36.77   38.85   42.18
  8  3 80 20 216  288.20  299.60  299.90  297.10    4.57    4.37    3.96    2.30  161.50  163.80  167.40  163.10    7.23    8.06    7.45    6.30
  8  3 80 21 216  288.70  299.30  299.30  296.10    5.43    5.04    4.37    2.06  158.10  158.90  156.70  144.20    5.01    4.52    2.75    7.65
  8  3 80 22 216  288.50  299.20  299.10  295.70    4.56    4.70    3.74    1.67  149.00  148.30  146.40  126.00    5.00    5.38    6.11   10.51
  8  3 80 23 216  288.70  298.80  298.50  294.70    4.52    4.76    3.97    1.94  132.80  134.60  121.50  104.50    2.44    1.98    3.36    7.38
  8  3 80 24 216  289.60  298.00  296.90  293.10    6.75    6.38    4.37    1.74  143.80  141.50  128.90  121.50    4.24    3.12    5.25   10.94
  8  4 80  1 217  289.90  297.70  295.90  292.20    7.66    6.97    4.63    1.73  143.50  143.70  134.30  133.80    2.85    3.05    4.94    9.31
  8  4 80  2 217  289.90  297.50  295.50  291.30    9.88    7.88    5.44    2.08  149.10  151.50  147.60  147.20    3.00    2.72    4.22    7.40
  8  4 80  3 217  290.50  296.60  293.80  291.70   11.05    7.00    4.66    2.01  144.30  143.30  140.00  138.80    4.48    4.96    7.10    9.34
  8  4 80  4 217  290.70  296.20  293.60  292.00   11.41    7.08    4.82    2.22  145.20  144.70  141.90  138.10    2.33    3.01    4.40    8.86
  8  4 80  5 217  290.50  294.80  293.10  292.20   10.72    6.69    4.61    2.40  145.50  139.20  137.40  135.50    2.90    4.71    6.66   10.75
  8  4 80  6 217  290.70  294.30  293.00  292.50   10.04    6.18    4.32    2.25  152.70  146.30  147.20  146.50    2.93    3.07    3.97    6.43
  8  4 80  7 217  291.00  294.00  293.50  293.80    7.29    4.81    3.77    2.66  157.20  147.80  146.90  144.60    3.47    8.94    9.83   10.23
  8  4 80  8 217  292.00  294.90  295.40  296.10    5.35    4.83    4.43    3.63  161.80  158.70  158.60  157.30    8.21    9.03    9.95   11.50
  8  4 80  9 217  292.70  296.70  297.20  298.00    6.58    6.21    5.77    4.90  177.30  176.00  176.70  176.00    6.43    6.18    5.88    8.16
  8  4 80 10 217  293.00  299.00  299.50  300.30    4.98    4.80    4.61    4.06  179.00  178.40  181.20  180.50    6.97    7.05    7.32    8.08
  8  4 80 11 217  293.60  300.90  301.40  302.30    5.04    4.88    4.64    4.12  171.50  171.00  173.70  172.40    3.88    6.71    7.41    9.76
  8  4 80 12 217  293.90  302.40  302.90  303.80    5.38    5.19    4.97    4.30  179.30  179.50  181.30  180.30    7.78    7.77    8.56    9.13
  8  4 80 13 217  294.10  303.50  304.00  304.90    5.77    5.65    5.26    4.46  185.80  185.90  188.50  185.90    7.65    9.42    9.75   10.22
  8  4 80 14 217  293.60  304.50  305.00  305.80    6.70    6.32    5.95    4.88  186.00  186.90  189.30  186.20    5.65    6.20    6.72    6.43
  8  4 80 15 217  292.80  305.20  305.60  306.30    7.30    6.77    6.31    5.17  178.30  180.00  181.70  180.80    5.72    5.37    5.72    5.93
  8  4 80 16 217  291.10  303.30  303.60  303.70    8.31    7.39    6.38    4.73  194.70  195.80  197.70  196.80   17.35   16.49   16.55   16.62
  8  4 80 17 217  289.30  300.10  299.30  299.30   11.08    8.31    6.61    4.43  156.70  156.40  158.50  156.90   33.15   32.81   32.81   33.34
  8  4 80 18 217  289.90  301.30  300.20  299.70   10.90    7.38    5.60    3.75  170.10  169.40  171.40  170.40    6.67   10.99   11.84   11.75
  8  4 80 19 217  291.20  300.50  300.00  299.70   10.78    7.46    5.94    4.03  162.50  160.10  160.30  158.70    4.32    5.16    5.31    4.37
  8  4 80 20 217  292.40  300.40  300.00  299.80   11.47    8.37    6.88    4.99  173.70  170.90  172.40  171.10    7.22    8.91    9.65   11.86
  8  4 80 21 217  290.70  293.70  294.40  295.00   14.20   11.38   10.09    8.15  292.30  291.40  290.40  290.60    5.38    7.65    8.82    9.88
  8  4 80 22 217  290.60  293.40  294.20  294.00    5.98    4.39    3.77    2.81  357.10   18.75   31.06   43.48   38.61   41.25   42.89   44.22
  8  4 80 23 217  290.40  293.60  293.60  293.60    7.25    5.75    4.69    3.22   80.52   95.90   98.55  100.20   13.60   10.36   10.71   12.33
  8  4 80 24 217  290.90  293.30  293.40  293.50    7.55    5.48    4.39    2.90  143.70  147.80  150.80  153.00    9.69    7.39    7.02    7.24
  8  5 80  1 218  291.10  294.30  294.20  294.00    6.14    3.61    2.59    1.51  189.00  185.50  181.30  177.40   18.49   18.36   22.46   35.92
  8  5 80  2 218  291.00  294.50  294.50  294.50   10.37    7.69    6.25    4.46  229.90  228.60  230.30  228.00   11.87   13.97   15.84   18.30
  8  5 80  3 218  291.20  294.60  294.80  294.90   10.71    8.32    6.98    5.02  239.60  238.10  239.30  238.70    2.71    3.37    3.28    5.09
  8  5 80  4 218  291.30  294.40  294.70  294.80    9.94    7.92    6.84    4.95  241.90  241.60  242.90  242.50    7.97    8.95   10.04   10.40
  8  5 80  5 218  291.50  293.90  294.30  294.50    5.88    4.70    4.11    3.07  264.30  264.20  261.80  259.80    5.31    6.46    5.94    7.21
  8  5 80  6 218  291.20  293.70  293.90  293.90    5.35    4.13    3.36    2.17  236.40  226.10  219.80  208.50   11.92   16.16   17.61   18.77
  8  5 80  7 218  290.70  293.90  294.00  294.10    6.56    5.16    4.22    2.88  208.90  194.90  190.80  184.40   10.35   10.03    8.71    7.78
  8  5 80  8 218  290.90  294.10  294.40  294.70    6.90    5.54    4.73    3.49  200.90  194.30  194.80  191.80    7.95    8.98    9.82   10.83
  8  5 80  9 218  291.20  294.50  295.00  295.50    5.72    4.90    4.42    3.61  203.00  198.80  200.20  198.00    3.66    3.93    4.62    5.45
  8  5 80 10 218  291.60  295.20  295.70  296.30    6.47    5.93    5.54    4.53  197.90  197.00  198.90  199.00    3.11    2.66    3.52    4.64
  8  5 80 11 218  292.10  296.20  296.80  297.50    6.16    5.81    5.53    4.77  182.80  183.40  185.80  183.50    4.37    5.54    5.71    6.64
  8  5 80 12 218  292.10  297.60  298.20  298.90    7.46    6.90    6.22    4.90  205.60  207.10  209.20  206.90    9.56    8.92    9.18    8.76
  8  5 80 13 218  292.00  298.30  298.70  299.20    8.31    7.47    6.34    4.74  233.20  233.40  235.70  234.30    7.17    7.02    5.97    6.72
  8  5 80 14 218  292.50  299.00  299.50  300.20    6.12    5.61    5.24    4.11  257.30  256.10  255.40  254.90    6.04    5.89    5.60    7.62
  8  5 80 15 218  292.90  299.70  300.20  301.00    5.23    5.02    4.79    4.05  266.10  267.40  268.80  268.40   12.20   15.82   16.43   17.42
  8  5 80 16 218  292.80  300.40  300.90  301.70    3.92    3.80    3.58    2.96  264.10  268.20  269.90  271.30   12.04   17.12   17.15   20.09
  8  5 80 17 218  292.50  300.90  301.30  302.00    2.96    2.80    2.70    2.24  264.10  266.00  266.40  263.40   12.11   14.21   13.69   16.13
  8  5 80 18 218  292.80  300.60  300.90  301.30    4.48    3.89    3.43    2.64  194.70  193.20  192.50  189.70   23.42   24.30   23.88   22.53
  8  5 80 19 218  292.90  300.20  300.20  299.40    6.70    5.28    4.18    2.45  186.80  183.50  182.20  177.20    2.57    2.27    2.63    3.80
  8  5 80 20 218  292.90  299.20  298.90  297.00    8.14    6.60    5.11    2.64  181.90  174.80  170.80  163.90    2.46    2.36    3.96    5.77
  8  5 80 21 218  292.60  299.10  298.70  295.80    7.95    6.93    5.02    2.32  181.80  173.60  166.00  157.40    1.98    1.60    2.94    5.76
  8  5 80 22 218  292.00  298.90  298.10  295.30    8.34    6.68    5.00    2.22  180.30  168.80  159.10  154.20    3.55    3.45    4.44    6.83
  8  5 80 23 218  291.60  298.10  297.20  294.80    9.15    6.72    4.86    2.20  176.90  166.40  159.00  149.20    2.99    3.26    4.38    6.88
  8  5 80 24 218  291.60  297.30  296.20  294.20    9.26    6.44    4.62    2.27  184.00  170.40  166.40  159.20    2.89    2.67    5.09    7.79
  8  6 80  1 219  292.70  297.00  295.60  294.30   10.05    6.61    4.68    2.51  188.90  175.90  171.50  166.40    1.80    1.90    3.16    5.84
  8  6 80  2 219  293.60  297.20  295.70  295.20   10.78    6.41    4.76    2.98  191.40  186.60  188.40  187.30    4.25   10.08   12.57   15.04
  8  6 80  3 219  293.40  296.60  295.80  295.40    7.03    4.68    3.52    2.27  220.90  214.40  207.30  193.90    9.61   18.98   24.69   32.17
  8  6 80  4 219  293.70  296.80  296.00  295.30    4.95    3.58    2.67    1.48  212.20  182.70  162.50  149.00    5.13    6.05   12.29   39.49
  8  6 80  5 219  293.60  296.50  296.20  295.10    2.75    3.15    3.13    1.80  164.90  141.10  130.20  123.80   26.80   11.22    4.59   14.11
  8  6 80  6 219  293.70  296.20  295.90  295.30    2.87    3.11    2.21    1.32  173.20  156.70  154.10  164.30   46.16   48.69   48.05   56.81
  8  6 80  7 219  293.70  296.20  296.10  296.30    2.40    1.96    1.67    1.26  192.70  189.60  192.40  203.30   19.59   33.31   37.89   48.83
  8  6 80  8 219  294.10  296.30  296.60  296.90    1.12    1.38    1.34    1.09  284.70   20.94   12.34   18.06   60.50   70.73   70.06   69.86
  8  6 80  9 219  294.30  297.50  297.90  298.50    1.71    1.73    1.71    1.64   96.23   98.12   99.32  102.90   15.06   16.48   19.65   17.63
  8  6 80 10 219  294.60  298.60  299.20  299.90    3.08    3.01    2.77    2.37  124.30  126.30  128.70  125.60    8.10    7.39    7.98   10.74
  8  6 80 11 219  295.20  299.80  300.30  301.20    4.80    4.65    4.29    3.48  143.90  145.50  147.00  146.00    5.72    7.85    8.87   13.37
  8  6 80 12 219  295.70  300.80  301.40  302.10    5.76    5.52    5.07    4.25  155.50  156.70  158.70  158.50    5.23    5.35    6.09    8.24
  8  6 80 13 219  295.30  302.10  302.60  303.40    5.67    5.44    5.07    4.36  172.30  173.40  174.50  172.40    9.04    8.41    8.37    8.37
  8  6 80 14 219  294.80  302.80  303.30  304.00    4.59    4.32    4.12    3.56  187.10  187.30  188.70  185.30    8.58    8.56    9.06   11.08
  8  6 80 15 219  295.00  303.10  303.60  304.30    5.09    4.74    4.35    3.55  173.10  173.70  174.70  173.50    5.34    6.32    5.94    6.10
  8  6 80 16 219  294.80  303.70  304.20  304.80    5.52    5.14    4.69    3.86  198.30  198.80  201.60  198.90   10.69   11.71   11.53   11.19
  8  6 80 17 219  294.50  303.80  304.30  304.70    4.89    4.31    3.87    3.06  201.20  201.10  201.60  199.80    3.13    3.10    4.18    6.02
  8  6 80 18 219  293.90  303.90  304.10  304.00    3.80    3.24    2.72    1.86  185.20  178.20  175.10  166.20    9.30   13.19   15.55   18.13
  8  6 80 19 219  293.80  301.70  301.20  301.00    5.40    4.89    4.13    2.80  120.00  106.20  101.80   96.28   43.58   40.33   37.82   32.98
  8  6 80 20 219  293.60  300.10  299.00  298.80    8.69    6.20    4.94    3.41  109.10  104.40  104.50  102.20    7.02    8.34    9.55   11.04
  8  6 80 21 219  293.10  298.90  298.20  298.10    8.86    5.96    4.62    2.87  120.50  119.20  120.20  120.80    2.72    4.60    4.31    5.81
  8  6 80 22 219  293.30  299.20  298.30  298.20   10.13    6.43    5.04    3.23  132.30  132.00  132.50  130.00    2.77    1.07    1.14    2.31
  8  6 80 23 219  293.60  300.90  298.60  298.10   10.15    6.38    4.40    2.37  158.10  144.00  143.10  139.80    8.51    5.94    5.53    5.39
  8  6 80 24 219  293.60  300.50  299.10  298.20   10.57    6.89    5.08    2.99  172.00  163.00  161.20  158.40    1.63    4.11    4.89    4.32
  8  7 80  1 220  293.80  299.90  298.70  297.90   10.68    6.74    5.00    3.06  178.20  169.60  169.50  168.70    2.08    1.69    2.13    3.43
  8  7 80  2 220  293.40  300.00  298.60  297.60   10.28    6.91    5.03    2.98  186.80  173.00  170.20  167.60    3.19    3.16    3.08    2.91
  8  7 80  3 220  293.10  299.70  298.10  297.00   11.08    7.36    5.39    3.16  197.00  183.70  181.60  177.80    3.26    4.09    5.08    4.79
  8  7 80  4 220  292.90  299.00  297.50  296.40   10.28    6.41    4.60    2.56  197.40  184.20  181.30  176.30    1.17    2.14    2.62    2.45
  8  7 80  5 220  292.80  298.50  297.00  295.70    9.37    6.11    4.49    2.41  194.70  178.60  175.20  171.60    2.66    4.32    4.25    3.95
  8  7 80  6 220  292.60  298.20  296.80  296.00   10.17    6.69    5.11    3.07  193.20  181.40  180.10  177.10    1.27    2.24    2.93    3.62
  8  7 80  7 220  292.60  297.90  297.50  297.60    8.82    6.11    4.99    3.54  203.20  195.30  196.00  193.50    6.29    7.51    7.46    6.56
  8  7 80  8 220  292.70  299.10  299.20  299.60    7.39    5.62    4.50    3.16  231.90  229.00  230.40  229.30    6.60    8.65    8.20    9.18
  8  7 80  9 220  293.00  300.00  300.40  300.90    6.53    5.44    4.56    3.43  232.60  228.90  229.00  226.90    5.17    6.19    6.47    8.45
  8  7 80 10 220  292.90  299.80  299.90  300.20    5.35    4.74    4.08    3.10  196.40  185.10  184.50  180.80   14.90   17.33   17.42   17.59
  8  7 80 11 220  292.80  300.90  301.20  301.70    3.47    3.11    2.79    2.39  199.40  189.60  189.30  185.90   15.72   15.71   15.08   20.39
  8  7 80 12 220  293.60  302.80  303.40  304.00    2.45    2.34    2.17    1.89  286.30  289.90  294.40  312.50   52.99   60.44   65.68   63.00
  8  7 80 13 220  293.50  303.30  303.90  304.50    2.67    2.70    2.53    2.24  299.70  304.00  305.50  310.30   15.81   17.86   21.43   27.73
  8  7 80 14 220  294.10  303.60  304.10  304.90    2.62    2.60    2.40    2.01  308.20  309.60  309.10  311.90   23.39   25.07   26.54   27.30
  8  7 80 15 220  293.90  304.30  304.80  305.40    1.75    1.81    1.75    1.57  218.40  214.70  210.00  206.80   52.18   52.65   56.26   63.82
  8  7 80 16 220  293.60  304.20  304.60  305.20    3.85    3.57    3.35    2.88  159.70  162.70  164.20  165.10    9.45   11.16   10.92   10.97
  8  7 80 17 220  292.00  303.60  303.80  304.40    4.38    4.16    3.78    2.95  157.60  155.90  156.30  155.10    5.15    5.49    7.34    8.84
  8  7 80 18 220  292.30  303.50  303.50  303.60    4.42    3.26    2.63    1.62  145.10  139.80  137.00  131.70    6.74    5.91    8.20   12.30
  8  7 80 19 220  294.70  303.40  303.10  302.20    7.73    5.63    4.12    1.98  151.60  149.40  146.90  143.60    3.12    2.88    2.75    6.86
  8  7 80 20 220  293.60  303.40  302.60  300.30    8.53    6.42    4.69    2.22  160.50  156.50  155.00  150.40    4.75    5.38    8.93   10.43
  8  7 80 21 220  293.60  303.40  301.90  299.10    9.16    7.02    5.14    2.55  168.30  163.00  162.70  158.70    4.30    2.67    1.49    3.65
  8  7 80 22 220  294.10  302.90  300.70  298.40   10.97    7.81    5.69    3.01  172.70  165.30  164.40  162.80    4.54    2.35    3.24    4.27
  8  7 80 23 220  291.90  302.80  300.20  298.30   11.94    7.61    5.25    2.82  190.80  180.80  180.70  178.00    4.01    6.09    6.90    6.22
  8  7 80 24 220  291.90  301.80  299.30  297.90   11.47    7.27    5.14    2.92  197.80  186.00  185.60  181.60    2.33    1.83    1.80    2.36
  8  8 80  1 221  291.70  301.60  299.00  297.10   12.26    7.57    5.18    2.71  205.20  194.10  192.90  190.80    1.48    2.11    2.70    3.90
  8  8 80  2 221  292.00  301.00  298.30  296.30   11.68    7.09    4.76    2.34  210.00  198.80  197.50  194.50    1.11    1.32    3.56    5.89
  8  8 80  3 221  292.10  300.50  297.90  295.80   10.76    6.82    4.47    2.17  210.00  197.60  196.10  193.20    1.43    1.53    3.39    3.75
  8  8 80  4 221  292.00  300.00  297.20  295.20   10.67    7.00    4.65    2.36  208.60  190.20  186.70  182.50    1.24    2.11    1.59    2.07
  8  8 80  5 221  292.00  299.80  297.10  295.30   10.45    6.63    4.44    2.21  213.40  195.90  195.20  194.80    1.29    1.49    1.60    1.62
  8  8 80  6 221  291.90  299.40  296.40  295.00   10.49    6.05    4.06    2.03  216.50  200.90  200.70  198.00    2.93    3.83    4.35    3.88
  8  8 80  7 221  291.80  298.60  297.20  296.80    9.34    5.56    4.05    2.62  225.60  215.10  213.40  208.10    3.21    4.78    4.51    6.20
  8  8 80  8 221  292.20  299.10  299.30  299.80    6.75    5.27    4.29    3.18  238.10  233.20  234.50  233.10    3.49    4.37    5.04    6.00
  8  8 80  9 221  292.50  300.80  301.30  302.00    5.59    5.10    4.69    3.80  252.20  248.30  249.10  247.90    6.38    6.16    4.71    5.38
  8  8 80 10 221  292.70  302.80  303.40  304.20    4.88    4.61    4.35    3.58  268.90  263.30  264.20  264.20    5.92    4.69    5.96    7.90
  8  8 80 11 221  292.50  304.30  304.80  305.70    4.62    4.56    4.32    3.72  272.00  270.40  271.50  273.30    5.64    7.23    8.61   10.58
  8  8 80 12 221  292.30  305.10  305.70  306.50    4.99    4.99    4.77    4.14  285.80  287.70  288.10  288.90   12.47   14.99   15.18   17.90
  8  8 80 13 221  291.60  305.60  306.30  307.00    5.21    5.07    4.84    4.14  299.60  304.30  303.10  302.50    3.61    3.67    4.79    7.02
  8  8 80 14 221  291.30  306.00  306.50  307.20    4.89    4.73    4.62    4.01  294.80  301.60  302.60  302.70    5.20    3.79    3.90    5.50
  8  8 80 15 221  291.80  306.30  306.80  307.60    4.47    4.20    3.92    3.39  281.20  284.80  284.80  286.20   12.67   16.62   16.86   16.28
  8  8 80 16 221  291.50  306.50  307.00  307.90    5.23    4.92    4.50    3.69  261.10  260.70  261.20  262.80   12.07   13.31   12.75   14.78
  8  8 80 17 221  292.10  306.30  306.70  307.30    4.57    4.36    4.05    3.46  279.40  285.80  287.50  288.50   15.49   19.87   20.81   22.69
  8  8 80 18 221  292.70  305.90  306.30  306.60    3.20    2.93    2.67    2.20  291.60  299.30  300.10  299.20   13.87   12.54    9.09    9.54
  8  8 80 19 221  293.00  305.30  305.50  305.00    1.40    1.03    1.09    0.92  265.50  206.60  185.80  160.50   39.22   76.83   78.62   76.14
  8  8 80 20 221  293.20  304.80  304.90  302.60    1.91    2.14    2.00    0.78  189.60  182.70  176.20  140.20   22.02   10.60   14.88   29.06
  8  8 80 21 221  291.30  305.20  304.70  301.30    3.32    2.52    1.81    0.69  230.80  217.30  189.70  149.00   15.76   17.60   11.67   51.23
  8  8 80 22 221  290.70  304.50  304.20  299.10    4.24    3.34    3.34    2.06  231.90  220.40  209.00  184.00    7.63    8.27    7.61   11.00
  8  8 80 23 221  290.50  303.70  302.90  298.30    5.93    4.55    4.16    2.44  235.50  217.20  208.60  191.00    2.44    5.05    5.22    4.71
  8  8 80 24 221  290.20  304.00  302.70  297.80    8.80    6.64    5.02    1.99  241.70  237.90  224.20  214.50    2.20    6.22    7.63    7.67
  8  9 80  1 222  289.90  304.30  302.70  297.20   10.76    8.49    5.56    2.13  237.60  233.50  227.20  219.20    1.54    3.95    2.97    3.03
  8  9 80  2 222  290.60  303.70  300.40  296.80   11.85    7.75    4.48    1.69  239.20  226.60  223.80  218.20    2.29    2.14    1.44    3.17
  8  9 80  3 222  291.10  303.70  300.20  297.00   11.69    7.60    4.68    1.92  247.30  238.80  232.70  223.50    1.05    2.68    1.93    3.53
  8  9 80  4 222  291.20  302.80  299.60  296.10   10.45    6.87    4.35    1.84  240.40  233.00  226.30  211.90    2.55    2.89    3.22    3.86
  8  9 80  5 222  291.20  302.00  299.30  295.20    9.36    6.72    3.91    1.55  234.30  228.40  220.40  206.90    1.65    2.27    3.36    9.76
  8  9 80  6 222  291.40  299.80  297.80  295.60    6.69    4.56    3.12    1.55  254.10  253.50  246.90  246.00   33.72   44.80   51.77   57.30
  8  9 80  7 222  291.60  298.00  297.90  297.90    2.96    1.85    1.49    1.10  260.00  273.30  268.00  238.00   21.05   27.04   33.59   57.24
  8  9 80  8 222  292.40  298.80  299.00  299.50    2.07    2.15    2.01    1.77  269.20  273.40  273.30  273.10   19.11   20.75   24.50   31.62
  8  9 80  9 222  293.50  300.00  300.50  301.20    2.54    2.50    2.32    2.13  242.50  232.70  232.20  226.40   10.20    8.84   11.48   14.22
  8  9 80 10 222  294.20  302.00  302.60  303.20    2.45    2.51    2.41    2.15  285.70  284.30  284.10  284.70   18.86   26.31   26.38   29.09
  8  9 80 11 222  294.00  303.10  303.60  304.30    2.69    2.64    2.47    2.13  321.70  323.20  325.80  330.30    6.21   12.47   13.90   16.28
  8  9 80 12 222  294.00  304.50  305.10  306.00    2.01    2.01    1.97    1.81  288.70  289.50  291.20  301.80   35.18   42.94   44.70   50.80
  8  9 80 13 222  293.70  305.70  306.10  307.10    2.79    2.70    2.52    2.24  271.30  275.60  276.40  277.60   19.04   20.40   24.79   28.11
  8  9 80 14 222  293.70  305.70  306.20  306.90    2.61    2.62    2.64    2.46  311.60  314.70  313.10  315.40   21.98   24.91   26.49   29.82
  8  9 80 15 222  292.80  306.30  306.90  307.70    2.93    2.63    2.52    2.30  244.30  242.20  239.20  233.50   23.54   24.61   24.98   32.94
  8  9 80 16 222  292.10  306.70  307.20  307.90    3.11    3.04    2.88    2.47  280.40  282.90  283.40  282.30   24.04   26.75   26.28   31.27
  8  9 80 17 222  291.90  306.80  307.10  307.80    3.49    3.40    3.18    2.72  282.30  292.10  292.80  294.60   10.63   13.82   14.02   14.65
  8  9 80 18 222  291.70  306.40  306.80  307.10    2.71    2.48    2.27    1.95  294.90  298.00  297.50  297.30    8.70    6.26    6.79    9.52
  8  9 80 19 222  291.10  306.10  305.90  306.30    1.54    1.11    1.02    0.94  313.80  342.30  352.80   97.05   12.95   47.72   76.66   95.09
  8  9 80 20 222  291.20  305.60  305.60  304.50    1.14    1.36    1.61    1.27  115.00  128.60  124.40  139.10   64.65   11.48    9.94   12.31
  8  9 80 21 222  291.10  305.50  305.60  302.10    3.23    3.59    3.73    2.26  147.20  148.90  152.10  148.50    7.57    4.74    4.65    2.39
  8  9 80 22 222  291.10  305.60  305.70  301.10    4.19    4.42    4.25    2.42  153.40  157.00  157.60  156.10    4.51    3.75    2.94    5.82
  8  9 80 23 222  292.10  304.50  304.00  299.90    7.11    6.39    5.29    2.46  180.20  171.60  165.00  159.10   13.78    5.00    2.67    4.32
  8  9 80 24 222  290.40  304.50  302.60  298.70    8.19    6.81    4.78    2.29  205.70  194.70  185.10  169.00    1.79    5.69    7.36    8.73
  8 10 80  1 223 -999.99 -999.99 -999.99 -999.99 -999.99 -999.99 -999.99 -999.99 -999.99 -999.99 -999.99 -999.99 -999.99 -999.99 -999.99 -999.99
  8 10 80  2 223 -999.99 -999.99 -999.99 -999.99 -999.99 -999.99 -999.99 -999.99 -999.99 -999.99 -999.99 -999.99 -999.99 -999.99 -999.99 -999.99
  8 10 80  3 223 -999.99 -999.99 -999.99 -999.99 -999.99 -999.99 -999.99 -999.99 -999.99 -999.99 -999.99 -999.99 -999.99 -999.99 -999.99 -999.99
  8 10 80  4 223 -999.99 -999.99 -999.99 -999.99 -999.99 -999.99 -999.99 -999.99 -999.99 -999.99 -999.99 -999.99 -999.99 -999.99 -999.99 -999.99
  8 10 80  5 223 -999.99 -999.99 -999.99 -999.99 -999.99 -999.99 -999.99 -999.99 -999.99 -999.99 -999.99 -999.99 -999.99 -999.99 -999.99 -999.99
  8 10 80  6 223 -999.99 -999.99 -999.99 -999.99 -999.99 -999.99 -999.99 -999.99 -999.99 -999.99 -999.99 -999.99 -999.99 -999.99 -999.99 -999.99
  8 10 80  7 223 -999.99 -999.99 -999.99 -999.99 -999.99 -999.99 -999.99 -999.99 -999.99 -999.99 -999.99 -999.99 -999.99 -999.99 -999.99 -999.99
  8 10 80  8 223 -999.99 -999.99 -999.99 -999.99 -999.99 -999.99 -999.99 -999.99 -999.99 -999.99 -999.99 -999.99 -999.99 -999.99 -999.99 -999.99
  8 10 80  9 223 -999.99 -999.99 -999.99 -999.99 -999.99 -999.99 -999.99 -999.99 -999.99 -999.99 -999.99 -999.99 -999.99 -999.99 -999.99 -999.99
  8 10 80 10 223 -999.99 -999.99 -999.99 -999.99 -999.99 -999.99 -999.99 -999.99 -999.99 -999.99 -999.99 -999.99 -999.99 -999.99 -999.99 -999.99
  8 10 80 11 223 -999.99 -999.99 -999.99 -999.99 -999.99 -999.99 -999.99 -999.99 -999.99 -999.99 -999.99 -999.99 -999.99 -999.99 -999.99 -999.99
  8 10 80 12 223 -999.99 -999.99 -999.99 -999.99 -999.99 -999.99 -999.99 -999.99 -999.99 -999.99 -999.99 -999.99 -999.99 -999.99 -999.99 -999.99
  8 10 80 13 223 -999.99 -999.99 -999.99 -999.99 -999.99 -999.99 -999.99 -999.99 -999.99 -999.99 -999.99 -999.99 -999.99 -999.99 -999.99 -999.99
  8 10 80 14 223 -999.99 -999.99 -999.99 -999.99 -999.99 -999.99 -999.99 -999.99 -999.99 -999.99 -999.99 -999.99 -999.99 -999.99 -999.99 -999.99
  8 10 80 15 223 -999.99 -999.99 -999.99 -999.99 -999.99 -999.99 -999.99 -999.99 -999.99 -999.99 -999.99 -999.99 -999.99 -999.99 -999.99 -999.99
  8 10 80 16 223 -999.99 -999.99 -999.99 -999.99 -999.99 -999.99 -999.99 -999.99 -999.99 -999.99 -999.99 -999.99 -999.99 -999.99 -999.99 -999.99
  8 10 80 17 223 -999.99 -999.99 -999.99 -999.99 -999.99 -999.99 -999.99 -999.99 -999.99 -999.99 -999.99 -999.99 -999.99 -999.99 -999.99 -999.99
  8 10 80 18 223 -999.99 -999.99 -999.99 -999.99 -999.99 -999.99 -999.99 -999.99 -999.99 -999.99 -999.99 -999.99 -999.99 -999.99 -999.99 -999.99
  8 10 80 19 223 -999.99 -999.99 -999.99 -999.99 -999.99 -999.99 -999.99 -999.99 -999.99 -999.99 -999.99 -999.99 -999.99 -999.99 -999.99 -999.99
  8 10 80 20 223 -999.99 -999.99 -999.99 -999.99 -999.99 -999.99 -999.99 -999.99 -999.99 -999.99 -999.99 -999.99 -999.99 -999.99 -999.99 -999.99
  8 10 80 21 223 -999.99 -999.99 -999.99 -999.99 -999.99 -999.99 -999.99 -999.99 -999.99 -999.99 -999.99 -999.99 -999.99 -999.99 -999.99 -999.99
  8 10 80 22 223 -999.99 -999.99 -999.99 -999.99 -999.99 -999.99 -999.99 -999.99 -999.99 -999.99 -999.99 -999.99 -999.99 -999.99 -999.99 -999.99
  8 10 80 23 223 -999.99 -999.99 -999.99 -999.99 -999.99 -999.99 -999.99 -999.99 -999.99 -999.99 -999.99 -999.99 -999.99 -999.99 -999.99 -999.99
  8 10 80 24 223 -999.99 -999.99 -999.99 -999.99 -999.99 -999.99 -999.99 -999.99 -999.99 -999.99 -999.99 -999.99 -999.99 -999.99 -999.99 -999.99
  8 11 80  1 224  291.80  294.70  294.70  294.50    3.26    3.62    3.27    2.28  110.70   97.60   90.20   85.05    7.54    9.22   10.63   11.09
  8 11 80  2 224  291.20  295.10  294.60  294.40    5.58    4.06    2.94    1.65  140.80  125.90  123.30  121.00   10.40    9.15   12.80   17.71
  8 11 80  3 224  291.00  296.00  294.60  294.20    5.99    3.34    2.21    1.15  166.20  147.30  147.20  157.70   12.50   13.84   19.50   31.47
  8 11 80  4 224  290.70  295.20  294.60  294.30    5.73    2.88    1.85    1.19  179.60  167.20  154.30  135.60    4.75    8.64   23.79   62.75
  8 11 80  5 224  290.20  294.80  294.70  294.20    5.07    3.49    2.66    1.35  165.80  155.20  146.50  130.30    2.18    4.06    5.63    9.11
  8 11 80  6 224  290.60  294.70  294.30  294.00    7.70    5.40    4.11    2.53  174.20  167.20  165.70  164.70    3.67    6.10    8.06    8.51
  8 11 80  7 224  291.10  294.80  294.90  295.10    8.59    6.35    5.23    3.93  209.10  211.70  215.50  215.40   27.82   29.21   30.43   31.45
  8 11 80  8 224  291.40  294.50  295.00  295.50    7.57    6.51    5.43    4.42  290.10  290.90  291.00  293.00   16.00   18.22   17.73   19.04
  8 11 80  9 224  291.80  295.10  295.60  296.30    5.69    5.07    4.64    3.71  343.70  346.20  346.00  346.60   16.89   16.50   17.11   16.96
  8 11 80 10 224  292.00  296.40  296.90  297.70    3.73    3.56    3.33    2.81   88.25   89.92   90.52   89.39   33.77   32.90   32.98   32.11
  8 11 80 11 224  292.80  297.50  298.10  298.90    2.77    2.60    2.43    2.17  280.60  197.50  216.80  204.00   89.25   69.20   68.59   68.67
  8 11 80 12 224  293.00  299.10  299.80  300.60    3.87    3.59    3.44    3.07  313.40  315.10  314.70  316.10   11.74   12.92   13.76   15.68
  8 11 80 13 224  292.40  300.30  300.90  301.90    5.88    5.81    5.44    4.73  293.90  297.70  297.40  297.60   10.60   10.50   10.29   10.28
  8 11 80 14 224  292.00  300.00  300.60  301.40    7.14    6.60    6.22    5.21  303.00  306.30  305.70  308.10    9.50    9.69    9.96   10.59
  8 11 80 15 224  291.20  300.20  300.90  301.80    9.58    8.97    8.20    6.90  300.90  302.50  303.00  303.90    4.69    4.77    5.18    5.54
  8 11 80 16 224  291.20  299.60  300.50  301.50   10.15    9.45    8.53    6.76  312.90  313.80  314.10  316.40    3.77    3.84    3.87    4.77
  8 11 80 17 224  290.60  298.90  299.70  300.60    9.23    8.49    7.72    6.29  313.30  315.90  314.90  317.10    3.98    4.63    4.53    5.20
  8 11 80 18 224  290.20  298.20  298.90  299.50    8.60    7.76    7.06    5.48  318.10  320.00  318.30  321.40    2.89    3.94    3.68    3.47
  8 11 80 19 224  290.00  297.70  298.10  298.50    7.07    5.60    4.77    3.72  324.20  326.70  325.80  328.20    4.86    5.67    5.79    6.51
  8 11 80 20 224  289.60  297.10  297.20  296.90    5.57    4.47    3.50    2.43  335.80  335.10  331.20  329.90    3.88    3.42    3.18    4.36
  8 11 80 21 224  289.80  296.90  297.10  296.40    4.40    3.97    3.33    2.21  323.60  320.80  315.40  313.90   10.14    9.58    9.46    8.80
  8 11 80 22 224  290.00  296.70  296.90  295.70    3.68    3.61    2.62    1.50  315.20  308.20  299.10  285.30    2.10    2.42    5.07   30.61
  8 11 80 23 224  290.20  296.60  296.40  293.50    2.70    2.07    1.41    1.23  296.70  285.40  268.00  218.60    9.74    7.61    5.59    5.51
  8 11 80 24 224  290.30  296.60  296.40  293.10    2.94    2.09    1.92    1.57  283.20  269.50  261.40  217.90    4.92    3.57    4.38   12.55
  8 12 80  1 225  290.20  296.20  295.80  292.50    3.97    3.14    2.60    1.51  274.10  271.30  258.40  217.20    8.09    7.73    8.51   14.41
  8 12 80  2 225  290.40  294.70  294.40  292.70    4.41    4.04    3.04    1.71  303.00  285.00  276.80  243.80    7.65    1.63    6.32   19.53
  8 12 80  3 225  290.20  294.60  293.90  293.00    3.59    4.24    3.58    2.47  341.90  317.50  302.70  292.70   13.60   19.24   15.46   23.00
  8 12 80  4 225  289.10  294.60  293.90  292.80    3.23    3.82    3.30    2.18  350.00  336.10  318.90  306.10    6.85    4.52    5.00    3.66
  8 12 80  5 225  289.50  294.00  293.30  292.10    3.42    4.14    3.23    2.26  337.80  321.60  305.50  295.80    6.92    8.91    7.68   13.98
  8 12 80  6 225  289.80  293.10  292.50  291.70    4.61    5.26    4.05    3.02  333.20  320.90  308.90  305.60    2.46    2.99    3.02    2.43
  8 12 80  7 225  289.50  292.20  292.00  292.30    4.31    3.77    3.22    2.55  331.50  316.60  311.80  313.00    3.21    2.61    3.70    4.94
  8 12 80  8 225  290.00  292.70  293.20  293.80    3.33    3.18    3.12    2.76  329.40  327.30  323.80  326.50    4.60    4.41    4.70    6.29
  8 12 80  9 225  290.20  294.30  294.90  295.70    3.77    3.67    3.43    2.92  320.10  325.50  325.20  329.90    3.66    3.83    4.02    5.32
  8 12 80 10 225  289.20  295.50  296.10  296.90    4.27    4.10    3.86    3.30  312.20  313.00  312.40  314.30    6.25    7.99    8.13    8.22
  8 12 80 11 225  288.80  296.40  297.00  297.90    4.80    4.62    4.46    3.83  304.00  306.00  304.50  307.10    7.63    9.23    8.93    9.72
  8 12 80 12 225  288.00  297.00  297.70  298.60    6.27    6.09    5.72    4.85  294.90  296.70  296.30  295.70    4.83    4.09    4.31    4.41
  8 12 80 13 225  287.40  297.60  298.30  299.30    6.12    5.96    5.65    4.83  299.50  302.20  301.30  303.40    7.03    8.60    9.95   11.39
  8 12 80 14 225  287.00  298.10  298.80  299.70    5.75    5.68    5.41    4.59  308.10  311.90  312.10  313.60   11.02   10.69   10.29   11.35
  8 12 80 15 225  286.60  298.50  299.10  300.00    5.10    4.94    4.78    4.02  317.40  318.90  318.30  320.10   11.62   12.66   13.36   14.54
  8 12 80 16 225  286.60  298.70  299.40  300.20    4.94    4.68    4.36    3.64  316.10  316.50  314.80  317.70    7.40    7.61    7.70    8.13
  8 12 80 17 225  286.90  298.90  299.50  300.10    3.49    3.57    3.39    2.91  326.60  327.10  326.50  328.10   15.91   18.83   19.98   20.67
  8 12 80 18 225  287.00  298.40  299.00  299.30    3.60    3.69    3.52    2.88    5.83    8.38    7.44    9.45    7.40    7.86    7.98    9.21
  8 12 80 19 225  286.60  297.90  298.20  297.90    4.26    3.73    3.26    2.35   10.89   11.94   10.26   13.74    3.27    3.99    4.26    3.80
  8 12 80 20 225  286.80  297.50  297.70  296.60    3.94    3.66    3.22    2.15   35.02   36.25   36.98   39.02    8.71    9.64   12.32   13.76
  8 12 80 21 225  286.50  297.20  297.00  295.30    4.64    4.22    3.17    1.93   61.32   58.22   59.65   72.66    6.29    3.26    2.25    8.65
  8 12 80 22 225  286.50  297.00  296.60  293.80    4.38    4.32    2.91    1.43   79.63   78.94   81.60   86.28    4.85    5.14    8.62   10.43
  8 12 80 23 225  286.40  296.80  296.30  292.60    4.22    4.51    2.89    1.20   93.69   89.56   94.38  103.50    3.94    3.41    3.13   10.50
  8 12 80 24 225  286.50  296.60  295.90  292.00    4.36    4.40    2.94    0.95  107.60  102.30  112.10  133.60    4.80    4.08    8.31   13.76
  8 13 80  1 226  286.60  296.30  295.30  291.20    4.77    4.58    3.10    0.94  110.80  107.40  113.70  127.10    1.45    3.39    3.58    6.68
  8 13 80  2 226  286.50  296.10  294.50  290.30    6.26    6.03    3.94    1.13  127.50  127.60  130.60  134.80    6.88    6.29    5.56    8.54
  8 13 80  3 226  286.40  296.10  294.50  289.50    9.18    8.11    5.42    1.84  148.10  147.80  145.80  147.90    2.87    3.93    2.69    5.44
  8 13 80  4 226  287.20  295.50  292.70  290.10   10.17    6.17    3.84    1.60  156.50  157.30  155.90  144.70    2.67    3.84    7.86   28.13
  8 13 80  5 226  287.90  294.10  292.60  290.50    8.50    5.33    3.91    2.03  155.60  141.30  128.00  114.00    1.71    3.94    6.64   13.35
  8 13 80  6 226  287.80  295.20  292.50  290.60   11.40    7.30    4.61    1.96  157.00  144.40  137.70  137.00    1.07    1.55    2.47    3.60
  8 13 80  7 226  287.70  294.50  292.60  292.10   10.36    6.39    4.57    2.73  166.40  156.40  155.30  152.00    3.42    4.84    4.28    5.09
  8 13 80  8 226  287.80  294.70  294.60  295.00    7.93    5.74    4.95    3.90  169.80  166.40  166.90  165.00    2.54    4.51    5.43    5.95
  8 13 80  9 226 -999.99 -999.99 -999.99 -999.99 -999.99 -999.99 -999.99 -999.99 -999.99 -999.99 -999.99 -999.99 -999.99 -999.99 -999.99 -999.99
  8 13 80 10 226  289.80  298.00  298.60  299.40    7.61    7.23    6.95    5.95  179.50  180.50  183.00  181.20    1.24    1.65    2.70    3.56
  8 13 80 11 226  290.70  300.20  300.70  301.60    7.31    6.94    6.63    5.52  183.10  184.00  186.30  184.20    3.55    4.93    5.16    5.02
  8 13 80 12 226  291.40  301.70  302.20  303.10    7.91    7.42    6.81    5.58  197.50  197.10  199.30  198.30    4.43    4.34    4.63    4.36
  8 13 80 13 226  292.10  301.60  302.00  302.40    8.70    7.58    6.65    4.95  206.70  206.20  207.40  205.00    5.27    6.47    7.20    7.48
  8 13 80 14 226  292.70  300.20  300.60  301.10    9.85    8.55    7.41    5.71  206.80  204.80  206.00  204.60    3.81    3.38    3.21    2.28
  8 13 80 15 226  292.50  299.40  300.00  300.70    7.93    7.19    6.60    5.28  203.60  202.80  203.80  202.40    5.71    4.85    4.43    5.68
  8 13 80 16 226  291.70  301.10  301.60  302.20    6.93    5.99    5.15    4.06  220.20  219.00  221.70  218.20    4.57    6.26    7.15    6.67
  8 13 80 17 226  291.20  301.40  301.70  302.00    7.09    5.64    4.69    3.45  206.20  203.30  203.80  200.80    4.10    5.43    5.63    6.35
  8 13 80 18 226  291.00  301.10  301.00  300.70    7.53    5.69    4.45    2.78  201.10  197.30  196.20  191.30    3.77    4.34    4.27    5.14
  8 13 80 19 226  291.50  300.80  300.10  299.30    9.11    6.32    4.69    2.79  198.60  187.50  184.20  178.10    2.11    3.43    4.44    6.01
  8 13 80 20 226  291.10  298.90  298.70  298.20    8.97    6.70    5.26    3.42  182.20  178.80  178.70  175.10    6.72    5.14    5.10    5.46
  8 13 80 21 226  291.00  298.30  298.30  298.30    5.61    4.43    3.97    3.06  272.50  298.60  316.00  330.50   77.65   78.42   79.30   80.94
  8 13 80 22 226  289.00  297.90  296.90  296.10    4.24    4.67    3.82    2.31   98.62  104.70  108.10  110.60   34.44   29.37   30.25   33.28
  8 13 80 23 226  290.50  298.20  298.10  295.00    6.84    6.50    5.18    2.57  161.60  153.60  151.00  157.20   15.48   17.08   18.46   21.40
  8 13 80 24 226 -999.99 -999.99 -999.99 -999.99 -999.99 -999.99 -999.99 -999.99 -999.99 -999.99 -999.99 -999.99    1.84    1.90    2.17    1.74
  8 14 80  1 227 -999.99 -999.99 -999.99 -999.99 -999.99 -999.99 -999.99 -999.99 -999.99 -999.99 -999.99 -999.99 -999.99 -999.99 -999.99 -999.99
  8 14 80  2 227 -999.99 -999.99 -999.99 -999.99 -999.99 -999.99 -999.99 -999.99 -999.99 -999.99 -999.99 -999.99 -999.99 -999.99 -999.99 -999.99
  8 14 80  3 227 -999.99 -999.99 -999.99 -999.99 -999.99 -999.99 -999.99 -999.99 -999.99 -999.99 -999.99 -999.99   17.25   14.05   15.53   14.91
  8 14 80  4 227  290.40  293.80  294.30  294.60    9.59    8.15    7.34    5.85   41.74   41.95   41.22   41.85   14.25   14.49   14.38   12.50
  8 14 80  5 227  290.70  292.10  292.50  292.50    7.51    6.02    5.19    3.68   74.57   82.49   83.76   87.06   21.44   30.02   33.93   39.53
  8 14 80  6 227  291.10  293.30  293.30  292.70    4.80    4.07    3.78    2.83  155.50  147.50  143.30  119.70   50.71   50.74   51.42   63.25
  8 14 80  7 227  290.90  292.70  293.20  292.60    4.57    4.64    3.97    2.84   81.28   80.76   81.36   81.46   18.65   18.78   21.07   23.69
  8 14 80  8 227  291.40  293.30  293.00  292.80    5.06    5.58    4.46    2.89  132.00  124.80  126.60  128.40   13.71   18.20   18.16   20.35
  8 14 80  9 227  291.30  293.30  293.70  293.60    6.71    5.92    5.53    4.58  155.90  157.30  158.60  158.30    6.89    5.30    6.30    6.64
  8 14 80 10 227  292.10  295.90  296.50  296.20    5.15    4.95    4.79    4.12  167.20  166.80  168.00  167.40    4.55    6.29    7.21    8.26
  8 14 80 11 227  292.70  296.90  297.40  297.40    4.85    4.65    4.35    3.55  145.80  147.50  148.90  148.90   11.58   11.79   13.57   13.66
  8 14 80 12 227  293.20  297.10  297.80  297.60    5.64    5.18    4.82    3.92  172.60  171.00  173.30  172.50   20.32   20.52   21.34   22.08
  8 14 80 13 227  293.20  295.40  296.20  296.10    4.32    3.31    2.74    2.12  205.10  194.30  189.40  183.80   16.64   24.77   31.02   36.92
  8 14 80 14 227  293.70  295.80  296.30  296.20    1.69    1.65    1.60    1.41  345.90    7.33   12.56   15.84   99.88   85.14   79.31   73.65
  8 14 80 15 227  294.10  295.30  296.10  296.20    1.93    2.07    2.03    1.87   65.86   69.24   69.42   68.09   28.84   36.70   40.27   41.79
  8 14 80 16 227  294.10  295.40  296.30  296.00    2.41    2.40    2.23    1.85  114.90  116.70  118.50  117.90    7.45    8.08    9.72   10.74
  8 14 80 17 227  293.90  295.50  296.40  296.00    1.20    1.14    1.03    0.84   81.10   87.33   87.57   85.12   24.99   26.82   28.30   38.43
  8 14 80 18 227  294.00  295.90  296.40  296.20    0.94    0.81    0.73    0.66  275.90  264.30  246.70  219.90   67.00   74.97   74.71   62.51
  8 14 80 19 227  294.10  296.00  296.40  296.20    1.02    1.26    1.19    0.92  338.80  346.90  348.00  346.50   45.66   27.76   34.45   52.90
  8 14 80 20 227  294.00  296.10  296.20  296.00    1.35    1.68    1.61    1.12   55.32   69.29   74.99   79.70   30.17   20.90   23.11   25.50
  8 14 80 21 227  293.80  295.40  295.70  295.80    2.55    2.45    2.30    1.89  348.90  348.90  346.30  348.50   18.15   15.75   16.89   15.24
  8 14 80 22 227  293.50  295.10  295.20  295.20    2.71    2.68    2.44    1.69   41.88   43.01   42.20   42.82   13.44   20.06   21.20   24.95
  8 14 80 23 227  293.00  295.30  295.00  295.00    2.57    2.74    2.54    1.92   36.85   41.52   44.60   48.37   17.28   15.10   21.00   27.45
  8 14 80 24 227  292.70  294.10  294.40  294.50    4.30    3.75    3.26    2.35   58.93   68.35   71.45   74.67   21.65   23.83   25.42   26.92
  8 15 80  1 228  292.60  294.40  294.40  294.40    5.11    3.90    3.10    1.92  106.00  113.80  114.80  114.40   11.56   12.60   15.75   18.62
  8 15 80  2 228  291.80  294.20  294.30  294.10    4.86    3.38    2.71    1.96   86.91   78.36   75.53   72.18    6.44   11.84   13.98   15.24
  8 15 80  3 228  291.60  293.90  294.00  293.90    4.83    3.26    2.59    1.63  103.60  101.80  104.90  110.10   16.43   22.93   25.75   29.02
  8 15 80  4 228  291.60  293.60  293.70  293.70    5.03    3.26    2.38    1.37  121.70  124.90  126.10  124.10    7.01   12.32   15.86   21.66
  8 15 80  5 228  291.80  293.40  293.80  293.90    2.03    1.81    1.69    1.36   65.70   53.42   50.87   49.60   43.72   44.01   44.27   44.96
  8 15 80  6 228  291.90  293.40  293.80  293.80    1.52    1.50    1.54    1.28   66.87   43.48   32.64   27.94   45.11   68.41   71.32   76.48
  8 15 80  7 228  292.10  293.30  293.70  293.80    3.21    3.19    2.74    2.01   29.32   31.98   31.79   30.32   10.44    7.30    8.07    8.94
  8 15 80  8 228  292.10  293.50  293.80  294.00    2.70    2.21    2.00    1.56   49.63   49.02   49.04   49.30   10.83   10.56   11.90   14.39
  8 15 80  9 228  292.20  293.50  294.00  294.20    3.84    3.17    2.88    2.36   60.41   56.72   56.67   57.53    6.96   10.53   12.02   13.04
  8 15 80 10 228  292.10  293.70  294.50  294.40    3.35    3.06    2.85    2.41   60.12   62.03   65.06   66.16   10.70   10.09   11.27   11.68
  8 15 80 11 228  292.50  294.20  295.00  294.70    4.04    3.83    3.61    2.94   60.22   61.35   62.34   64.26   11.58    8.47    6.66    6.34
  8 15 80 12 228  292.50  294.90  295.50  295.10    1.87    1.88    1.77    1.53   65.43   71.62   72.95   76.89   10.41   12.09   11.85   13.10
  8 15 80 13 228  292.30  295.50  296.00  295.90    2.58    2.48    2.40    2.08   60.79   60.25   60.02   58.74    4.20    6.91    7.30    8.07
  8 15 80 14 228  292.30  296.40  296.90  297.40    2.54    2.45    2.35    2.02   81.94   80.75   81.25   79.98    9.12   10.30   10.94   13.05
  8 15 80 15 228  292.50  297.10  297.60  297.90    2.70    2.66    2.53    2.20   67.13   66.94   67.90   67.22   10.82   11.39   12.97   13.57
  8 15 80 16 228  292.40  297.40  297.90  298.60    3.13    3.05    2.93    2.46   54.87   52.26   51.91   53.71    7.01    6.76    7.71   11.60
  8 15 80 17 228  292.50  297.40  297.90  298.40    4.12    4.03    3.82    3.10   56.46   57.01   57.40   57.91    5.58    5.87    7.67    8.78
  8 15 80 18 228  292.90  296.60  297.10  297.50    5.90    5.53    4.98    3.86   52.58   50.22   49.43   49.97    3.50    2.63    3.44    4.60
  8 15 80 19 228  292.30  295.40  295.90  296.30    7.45    6.34    5.73    4.52   59.26   59.52   59.16   59.48    3.00    3.37    3.28    4.22
  8 15 80 20 228  291.20  294.80  295.20  295.50    8.35    6.73    5.84    4.48   66.37   65.05   65.08   65.70    1.66    1.83    2.24    2.59
  8 15 80 21 228  290.90  294.70  295.10  295.30    8.30    6.38    5.45    4.15   69.09   67.67   67.68   67.89    3.33    3.45    3.56    4.08
  8 15 80 22 228  290.50  294.00  294.50  294.80    6.88    5.79    5.14    4.06   55.21   53.49   54.18   54.79    7.49    8.17    9.57    9.60
  8 15 80 23 228  289.70  293.00  293.40  293.80    8.47    6.84    6.14    4.90   72.96   72.17   72.59   73.48    2.97    2.59    2.59    2.99
  8 15 80 24 228  288.80  292.20  292.60  293.00    8.85    7.29    6.43    5.05   79.28   77.33   78.65   78.93    1.92    1.75    2.00    2.62
  8 16 80  1 229  288.30  291.40  292.00  292.20    7.71    6.40    5.64    4.30   78.40   76.92   77.17   76.90    4.92    6.10    7.94    7.92
  8 16 80  2 229  288.40  290.70  291.30  291.40    7.34    5.83    5.07    3.93   65.59   62.13   62.78   63.37    2.36    3.12    3.75    3.12
  8 16 80  3 229  288.50  290.60  291.00  291.20    9.00    7.03    6.05    4.64   73.59   71.34   71.62   72.73    4.07    4.81    5.22    5.55
  8 16 80  4 229  288.60  290.60  291.00  291.10    9.07    7.14    6.23    4.75   85.43   83.57   85.34   84.14    3.55    3.56    3.69    3.08
  8 16 80  5 229  289.00  291.00  291.40  291.50    8.51    6.67    5.77    4.34   90.98   89.08   90.48   87.59    1.80    2.45    2.66    3.99
  8 16 80  6 229  289.50  291.10  291.50  291.40    8.23    6.48    5.63    4.23   86.52   81.85   83.69   81.93    4.64    4.98    4.72    5.28
  8 16 80  7 229  290.40  290.80  291.30  291.40    9.76    7.91    6.93    5.28   88.04   86.00   87.09   86.03    3.19    4.25    4.10    4.33
  8 16 80  8 229  290.40  291.00  291.30  291.40    9.65    8.01    7.06    5.17  102.20  101.10  103.70  104.20    3.44    3.76    4.12    4.61
  8 16 80  9 229  290.60  291.20  291.70  291.80    7.76    6.35    5.64    4.16  105.30  103.00  104.40  103.90    2.85    4.26    5.39    6.79
  8 16 80 10 229  291.30  292.00  292.60  292.70    8.19    6.98    6.24    4.79  108.00  105.70  107.10  105.90    1.88    2.90    2.91    3.44
  8 16 80 11 229  291.30  292.60  293.70  293.80    8.06    7.32    6.53    4.84  114.80  111.70  113.50  112.40    2.72    2.46    2.78    3.93
  8 16 80 12 229  292.20  293.90  295.30  295.90    7.94    7.33    6.86    5.16  118.80  116.90  118.20  118.00    1.94    3.04    3.26    3.89
  8 16 80 13 229  293.00  295.00  295.90  296.40    8.35    7.61    6.87    5.11  124.10  123.10  125.40  123.10    2.90    3.63    3.84    5.31
  8 16 80 14 229  293.00  295.40  295.90  296.10    7.59    6.84    6.15    4.66  118.90  117.00  118.50  113.50    2.94    3.59    3.83    5.15
  8 16 80 15 229  293.10  295.30  295.80  296.40    7.08    6.41    5.77    4.39  114.00  112.50  114.30  113.20    4.30    5.50    6.46    5.88
  8 16 80 16 229  293.10  295.30  295.80  296.50    7.76    7.35    6.84    5.31  102.80  100.20  101.80   99.87    3.14    3.35    3.35    4.35
  8 16 80 17 229  292.70  295.00  295.50  296.00    7.67    6.87    6.28    4.89   91.88   89.46   90.99   89.48    3.34    3.95    4.35    4.84
  8 16 80 18 229  292.20  294.20  294.70  295.10    8.14    7.18    6.46    5.01   91.78   89.64   91.29   89.10    4.33    5.40    6.32    5.31
  8 16 80 19 229  292.00  293.90  294.30  294.70    8.15    6.82    6.08    4.66  102.10   98.63  101.20   99.21    2.43    2.16    2.20    2.83
  8 16 80 20 229  292.40  293.90  294.30  294.60    7.96    6.24    5.40    3.82  112.10  110.50  114.30  111.70    6.14    7.31    7.52    7.32
  8 16 80 21 229  292.40  293.60  294.10  294.20    8.83    6.98    6.07    4.41  105.90  103.30  105.20  102.80    1.48    2.49    2.54    2.96
  8 16 80 22 229  292.50  293.60  294.00  294.20    8.19    6.48    5.51    3.89  116.70  114.70  117.70  116.00    4.72    5.37    5.72    6.04
  8 16 80 23 229  292.60  293.70  294.20  294.30    7.23    5.52    4.64    3.10  123.70  120.10  122.70  121.00    3.32    4.86    5.25    5.81
  8 16 80 24 229  292.80  293.90  294.20  294.30    7.35    5.48    4.51    2.96  124.40  120.30  121.50  119.90    1.30    1.79    2.52    4.22
  8 17 80  1 230  292.90  294.00  294.30  294.40    7.00    5.16    4.27    2.88  130.80  126.70  128.00  124.10    3.21    4.30    6.02    9.21
  8 17 80  2 230  293.10  294.10  294.30  294.50    6.66    5.18    4.39    2.94  129.50  122.20  122.80  120.10    4.42    6.14    8.55   10.98
  8 17 80  3 230  293.20  294.60  295.10  294.90    3.31    3.07    2.90    2.53  139.10   66.99    5.58    6.68   88.83   89.91   97.60   89.53
  8 17 80  4 230  293.40  294.90  295.40  295.00    5.00    4.78    4.13    2.56  121.20  110.70  110.80  109.90    9.69    6.27    8.24   10.45
  8 17 80  5 230  293.70  294.80  294.70  294.70    8.22    5.76    4.43    2.70  142.90  133.10  136.50  135.30    4.15    4.53    4.79    5.45
  8 17 80  6 230  293.60  295.10  294.90  294.70    9.48    6.50    5.08    3.34  155.90  148.10  150.80  151.50    5.49    4.21    4.52    4.38
  8 17 80  7 230  293.30  296.10  295.90  295.80    9.01    6.52    5.39    3.93  174.50  167.20  169.00  167.90    7.45    8.22    8.08    9.02
  8 17 80  8 230  293.80  297.50  297.80  297.90    7.25    5.73    4.93    3.76  199.80  195.60  197.50  194.30    8.07    8.72    9.34    9.04
  8 17 80  9 230  294.30  298.60  299.00  299.00    6.16    5.15    4.48    3.59  210.60  206.10  208.00  206.40    4.16    3.88    3.99    4.40
  8 17 80 10 230  294.20  299.60  300.10  300.60    6.91    6.17    5.32    4.15  214.30  212.30  213.90  213.40    5.13    5.93    6.09    6.58
  8 17 80 11 230  294.10  299.90  300.50  301.20    7.37    6.67    5.97    4.55  232.60  231.60  235.00  234.90    7.76    7.73    7.07    7.26
  8 17 80 12 230  295.00  301.00  301.50  302.50    6.65    6.11    5.55    4.60  220.40  218.40  221.00  220.20    7.72    9.12    8.96   10.95
  8 17 80 13 230  294.90  302.10  302.60  303.60    6.88    6.23    5.67    4.67  219.80  217.70  220.70  218.70    3.53    3.97    5.14    5.73
  8 17 80 14 230  294.20  303.30  303.70  304.70    7.34    6.72    6.13    4.83  233.10  232.10  234.60  234.00    6.36    7.77    7.74    9.92
  8 17 80 15 230  294.00  303.50  303.90  304.70    7.60    6.78    6.25    4.96  247.50  246.70  248.40  248.60    6.63    6.47    5.87    5.49
  8 17 80 16 230  294.00  303.80  304.10  304.90    6.93    6.23    5.68    4.42  243.40  243.60  245.20  245.30    3.88    4.19    4.13    5.75
  8 17 80 17 230  293.80  303.90  304.10  304.70    6.74    5.83    5.12    3.89  239.60  238.60  240.70  240.10    5.42    5.29    5.21    5.37
  8 17 80 18 230  292.60  303.60  303.50  303.10    6.29    4.75    3.46    1.98  238.10  233.70  232.30  224.50    3.10    4.40    4.60    8.20
  8 17 80 19 230  293.10  303.20  302.80  301.70    6.19    4.68    3.44    1.69  250.40  241.10  241.00  239.80   10.37    8.50    7.27   10.05
  8 17 80 20 230  293.10  302.30  301.90  300.60    6.10    4.93    3.78    2.18  264.10  257.70  253.90  246.90    2.55    4.11    4.55    3.79
  8 17 80 21 230  292.30  301.70  301.20  298.90    6.83    4.93    3.40    1.30  260.00  248.60  240.50  231.00    4.58    7.23    7.69    7.14
  8 17 80 22 230  292.40  300.80  300.10  298.00    6.95    5.28    3.51    1.70  260.90  248.40  246.50  242.20    1.70    2.52    3.79    6.53
  8 17 80 23 230  292.50  300.30  299.80  297.60    6.07    4.98    3.39    1.44  259.90  245.50  242.90  232.00    2.96    4.24    4.96    5.62
  8 17 80 24 230  292.70  299.70  299.10  296.90    5.81    4.72    3.44    1.58  255.10  232.30  223.90  211.60   16.54   14.07   14.79   17.55
  8 18 80  1 231  292.90  299.50  298.20  296.90    8.29    6.20    4.42    2.30  215.00  207.40  207.10  204.80    3.64    2.91    3.77    4.72
  8 18 80  2 231  290.50  299.10  297.20  296.50    7.20    4.34    2.94    1.45  204.50  204.00  208.20  207.30    3.97    4.77    7.69   11.08
  8 18 80  3 231  291.00  298.00  296.80  296.20    4.78    2.90    2.19    1.00  203.10  194.80  190.00  175.90    7.68   11.35   16.26   23.01
  8 18 80  4 231  291.00  297.50  296.40  295.80    5.07    3.68    2.48    1.03  191.60  173.70  171.90  170.10    7.84    7.18   10.21   20.19
  8 18 80  5 231  291.90  296.40  296.00  296.00    7.13    5.15    4.26    3.23  264.20  265.40  270.80  280.90   49.05   57.10   55.12   57.14
  8 18 80  6 231  291.90  295.70  295.30  295.50    4.52    3.80    3.34    2.62  351.80    1.27    2.01    6.14    9.82    9.04   10.35   11.03
  8 18 80  7 231  292.30  296.00  295.70  295.90    3.74    3.05    2.41    1.80    4.12   23.77   33.16   40.51    9.32   14.93   16.18   14.48
  8 18 80  8 231  293.30  296.50  296.70  297.30    3.21    2.63    2.41    2.06   61.25   75.30   79.07   81.39   20.88   21.09   20.39   19.08
  8 18 80  9 231  293.70  298.10  298.60  299.30    2.24    2.15    2.09    1.78  106.00  105.20  107.50  108.50   10.30    6.91    6.64   10.62
  8 18 80 10 231  293.40  299.60  300.00  300.60    1.48    1.41    1.37    1.29  126.50  125.10  125.90  132.00   19.68   31.45   58.23   51.43
  8 18 80 11 231  293.80  299.70  300.20  300.90    2.38    2.27    2.22    1.95  175.50  173.70  176.60  176.00   22.70   20.93   23.13   22.80
  8 18 80 12 231  293.80  299.10  299.60  300.10    3.15    2.82    2.59    2.18  226.40  222.70  225.60  228.30   32.30   33.38   32.72   35.12
  8 18 80 13 231  292.40  296.30  296.60  296.10    3.94    3.33    3.38    2.81  331.20  356.70    7.56   22.01   25.46   32.20   35.80   37.46
  8 18 80 14 231  293.30  295.90  296.20  296.40    3.54    3.19    2.98    2.36  292.00  287.40  286.40  286.40   23.53   33.42   36.74   42.66
  8 18 80 15 231  293.80  295.80  296.10  296.60    2.02    1.71    1.65    1.39  275.20  260.90  254.90  252.50   13.72   18.05   17.35   20.42
  8 18 80 16 231  293.50  296.30  296.60  297.10    2.53    2.38    2.32    2.05  305.90  304.90  303.60  304.80   13.93   11.92   13.72   16.91
  8 18 80 17 231  293.70  297.00  297.40  298.00    1.08    1.07    1.18    1.06   54.81  127.10  133.90  133.80   74.31   91.33   87.70   85.57
  8 18 80 18 231  293.60  297.50  297.80  298.30    1.91    1.80    1.80    1.60  103.30  117.90  122.30  121.90   57.12   30.97   32.25   42.21
  8 18 80 19 231  293.90  297.10  297.40  297.20    3.46    3.27    3.01    1.98  150.60  149.30  154.60  161.00   25.30   29.17   32.69   37.84
  8 18 80 20 231  293.80  296.70  296.90  295.90    3.89    3.91    3.65    1.73  166.50  171.30  177.50  171.40   11.53   10.99   11.67   16.32
  8 18 80 21 231  294.10  296.50  296.50  295.40    5.10    4.74    3.73    1.76  140.90  139.90  133.30  127.80    3.75    6.15    7.80    6.11
  8 18 80 22 231  294.20  296.50  295.90  295.20    6.18    5.35    3.68    1.94  127.70  126.00  125.50  123.40    4.52    4.33    7.07   11.17
  8 18 80 23 231  293.90  296.60  295.30  294.70    7.00    4.92    3.52    1.68  134.30  137.50  142.20  146.30    4.25    5.90    8.14    9.60
  8 18 80 24 231  293.10  296.70  294.80  294.40    8.04    5.13    3.61    2.04  144.80  152.90  155.20  154.70    5.71    5.01    4.86    5.67
  8 19 80  1 232  292.60  296.30  294.70  294.20    8.45    5.14    3.70    2.03  153.30  157.30  159.30  155.30    2.45    0.71    1.10    1.82
  8 19 80  2 232  292.50  297.00  294.80  294.00    9.25    5.56    3.80    1.75  158.80  152.60  151.90  148.60    2.62    2.44    5.29    4.17
  8 19 80  3 232  293.60  297.20  295.00  293.90    8.16    4.86    3.12    1.29  170.80  154.00  152.70  151.40    4.51    2.90    3.96    9.32
  8 19 80  4 232  292.80  297.70  295.30  293.60    6.73    5.82    3.73    1.65  193.50  165.80  161.90  159.90    9.06    2.16    1.81    4.10
  8 19 80  5 232  292.30  298.10  295.60  293.90    6.23    6.37    4.24    2.22  188.90  166.20  162.10  159.50    5.32    2.13    4.76    5.93
  8 19 80  6 232  292.30  297.90  295.00  294.50    7.90    5.12    3.76    2.21  184.80  169.30  170.40  171.00    2.85    2.36    3.45    4.74
  8 19 80  7 232  292.30  297.10  295.60  295.60    7.42    4.08    2.98    1.94  180.90  167.40  167.10  164.40    2.57    2.81    3.93    6.19
  8 19 80  8 232  292.80  297.00  296.80  297.20    6.70    4.77    4.07    3.15  188.50  180.90  182.40  180.60    3.35    6.16    5.76    6.19
  8 19 80  9 232  293.70  297.90  298.30  299.10    4.08    3.81    3.58    3.05  196.30  193.10  195.30  193.60    3.98    3.66    3.98    4.00
  8 19 80 10 232  294.10  299.20  299.60  300.50    3.29    3.19    3.07    2.68  192.90  191.00  193.80  192.20    4.23    5.86    6.21    7.08
  8 19 80 11 232  294.70  301.00  301.40  302.30    3.77    3.47    3.27    2.86  214.40  213.10  216.50  216.60    5.56    8.34    9.20    9.52
  8 19 80 12 232  294.60  302.50  303.00  303.90    3.22    2.98    2.75    2.47  221.20  219.00  220.50  218.50    6.93    9.62    7.90    7.32
  8 19 80 13 232  294.40  303.30  303.80  304.60    3.43    3.17    2.97    2.70  214.10  211.70  213.50  212.10    7.91   10.72   12.70   12.93
  8 19 80 14 232  294.60  303.80  304.20  305.00    3.89    3.60    3.42    3.07  187.20  185.60  186.90  185.20   12.34   11.27    9.91   12.66
  8 19 80 15 232  294.90  304.00  304.40  305.20    4.68    4.43    4.19    3.62  174.30  173.80  177.60  176.60    6.50    7.01    6.29    8.37
  8 19 80 16 232  295.10  304.10  304.40  304.80    5.18    4.73    4.35    3.43  177.10  174.20  174.80  170.60    4.75    4.32    4.11    4.48
  8 19 80 17 232  295.70  303.80  304.00  304.20    6.06    5.34    4.72    3.51  177.00  173.80  174.50  170.60    3.84    3.30    2.38    2.38
  8 19 80 18 232  295.40  303.50  303.50  303.10    6.05    4.84    4.04    2.64  177.30  171.00  170.40  167.60    3.09    3.81    4.49    2.83
  8 19 80 19 232  295.10  303.60  303.20  301.90    7.19    5.76    4.41    2.39  176.60  166.80  163.50  157.80    1.24    2.42    2.34    3.27
  8 19 80 20 232  295.10  303.30  302.60  300.20    7.78    6.82    5.19    2.63  174.50  163.00  158.60  152.50    0.97    1.68    2.27    3.13
  8 19 80 21 232  293.70  303.70  301.80  299.00    9.14    6.93    5.03    2.39  180.40  169.60  164.50  157.80    2.53    2.90    2.82    5.28
  8 19 80 22 232  293.30  303.50  301.60  297.90    9.64    7.60    5.09    2.31  182.40  174.20  171.30  171.40    1.86    1.49    1.78    4.48
  8 19 80 23 232  293.40  303.40  301.10  297.40   10.31    8.01    5.13    2.43  180.20  173.40  173.20  172.70    1.09    1.51    2.11    2.95
  8 19 80 24 232  293.70  302.20  299.90  297.00   11.14    7.24    4.73    2.17  181.60  173.90  172.10  172.10    3.33    2.32    4.27    5.49
  8 20 80  1 233  292.20  302.70  299.10  297.50   12.80    7.44    5.25    2.85  204.10  191.80  193.70  190.70    3.43    3.61    3.06    3.13
  8 20 80  2 233  292.20  301.50  298.80  297.20   11.96    7.01    4.72    2.35  207.30  197.30  200.20  199.20    1.87    1.71    1.93    3.03
  8 20 80  3 233  292.50  300.30  298.20  296.50   10.57    5.88    4.00    1.94  208.60  196.10  197.80  194.80    1.78    1.24    2.13    4.13
  8 20 80  4 233  292.50  299.80  297.70  295.70    9.86    5.60    3.73    1.77  209.70  192.60  188.00  170.70    1.25    3.25    6.63   13.95
  8 20 80  5 233  292.50  299.40  297.70  295.10    9.65    6.35    4.31    1.73  207.30  187.10  178.00  173.60    0.94    1.17    2.24    6.17
  8 20 80  6 233  292.40  298.90  296.90  295.40   10.17    6.52    4.40    2.29  208.50  191.10  190.80  187.90    1.70    2.56    3.43    4.77
  8 20 80  7 233  292.20  298.20  297.00  296.80    9.91    6.09    4.72    3.13  212.00  201.30  202.90  200.10    2.48    4.03    4.14    4.82
  8 20 80  8 233  292.40  298.70  298.80  299.20    7.92    5.90    4.93    3.73  225.30  221.00  222.90  220.20    7.11    9.19    9.93   11.07
  8 20 80  9 233  292.50  300.20  300.60  301.40    6.24    5.37    4.86    3.87  241.50  239.50  240.50  241.20    5.40    6.74    6.92    7.96
  8 20 80 10 233  292.70  301.60  302.00  302.90    5.19    4.90    4.57    3.66  248.10  244.20  245.50  245.30    4.86    4.38    4.28    5.57
  8 20 80 11 233  293.00  302.70  303.20  304.20    4.41    4.12    3.91    3.29  246.00  243.60  246.00  243.70    7.78    8.62    7.83   12.24
  8 20 80 12 233  293.50  303.30  303.80  304.70    3.82    3.55    3.37    2.98  226.10  223.40  226.10  223.00   11.51   15.09   16.11   18.81
  8 20 80 13 233  293.60  303.80  304.20  305.10    4.04    3.81    3.68    3.18  197.00  196.30  198.30  195.50   12.27   13.44   14.23   14.29
  8 20 80 14 233  293.00  304.40  304.80  305.60    5.37    5.03    4.82    4.15  193.30  193.60  196.60  195.80    5.58    5.16    4.73    5.59
  8 20 80 15 233  292.20  304.70  305.10  305.80    6.49    5.66    5.23    4.35  198.40  197.70  200.00  198.70    3.69    3.27    4.50    5.73
  8 20 80 16 233  292.60  304.60  304.90  305.60    6.47    5.70    5.25    4.15  188.30  186.30  188.80  187.80    7.21    8.40    8.28    9.89
  8 20 80 17 233  291.80  304.50  304.50  304.70    7.66    6.54    5.82    4.37  176.30  172.40  173.30  170.60    3.24    2.12    1.78    2.35
  8 20 80 18 233  291.90  304.10  303.80  303.30    8.79    6.88    5.66    3.80  171.70  167.80  170.00  170.50    1.22    1.68    1.53    0.67
  8 20 80 19 233  292.10  303.60  302.70  301.00    9.99    6.93    5.21    2.93  172.30  167.90  168.80  169.40    1.87    2.08    2.59    2.82
  8 20 80 20 233  291.80  303.60  302.20  299.20   11.14    8.19    5.96    3.19  176.90  167.40  165.40  161.50    0.52    2.96    5.19    8.35
  8 20 80 21 233  291.20  303.30  300.90  298.60   11.61    7.17    5.00    2.58  178.70  167.60  165.80  165.80    1.13    2.29    3.42    6.49
  8 20 80 22 233  291.40  302.50  300.30  297.60   11.41    7.41    5.27    2.78  180.10  169.10  166.30  163.00    1.08    2.34    1.69    2.40
  8 20 80 23 233  291.30  301.60  299.60  298.30   12.67    8.44    6.25    3.76  185.40  172.30  172.40  169.90    3.42    4.75    5.66    5.94
  8 20 80 24 233  291.60  301.10  300.00  299.20   11.00    7.85    6.27    4.21  229.30  220.90  221.40  218.50   33.59   39.10   39.68   40.86
  8 21 80  1 234  292.10  299.20  299.10  298.90    4.11    3.08    2.84    2.12  256.00  243.00  234.40  221.00   14.23   23.73   27.02   35.50
  8 21 80  2 234  291.90  297.90  297.90  297.40    5.47    4.27    3.49    2.17  258.90  254.60  253.70  248.40   14.47   25.41   28.31   31.32
  8 21 80  3 234  291.00  297.00  297.00  296.70    6.53    4.73    3.98    2.69  264.40  261.90  259.50  254.20    6.96   13.34   16.66   22.58
  8 21 80  4 234  290.60  295.70  295.80  295.60    4.96    3.45    2.75    1.83  254.30  237.10  226.60  208.60   10.26   16.17   19.38   25.72
  8 21 80  5 234  290.40  295.10  295.00  294.80    7.02    5.03    3.75    2.21  234.20  222.80  219.80  212.80    9.10    8.93    9.70   11.83
  8 21 80  6 234  290.50  294.90  294.70  294.60    7.64    5.50    4.10    2.52  231.00  222.30  223.40  221.00    8.08    9.24    9.25   10.32
  8 21 80  7 234  290.90  294.60  294.80  295.10    7.21    5.58    4.80    3.57  255.10  251.00  251.70  249.70    5.85    7.90    7.87    8.40
  8 21 80  8 234  291.40  295.10  295.60  296.30    5.95    5.18    4.89    4.03  273.60  270.90  270.70  271.90    5.76    7.60    8.01    9.87
  8 21 80  9 234 -999.99 -999.99 -999.99 -999.99 -999.99 -999.99 -999.99 -999.99 -999.99 -999.99 -999.99 -999.99    2.81    3.84    4.33    7.12
  8 21 80 10 234 -999.99 -999.99 -999.99 -999.99 -999.99 -999.99 -999.99 -999.99 -999.99 -999.99 -999.99 -999.99 -999.99 -999.99 -999.99 -999.99
  8 21 80 11 234 -999.99 -999.99 -999.99 -999.99 -999.99 -999.99 -999.99 -999.99 -999.99 -999.99 -999.99 -999.99 -999.99 -999.99 -999.99 -999.99
  8 21 80 12 234 -999.99 -999.99 -999.99 -999.99 -999.99 -999.99 -999.99 -999.99 -999.99 -999.99 -999.99 -999.99 -999.99 -999.99 -999.99 -999.99
  8 21 80 13 234 -999.99 -999.99 -999.99 -999.99 -999.99 -999.99 -999.99 -999.99 -999.99 -999.99 -999.99 -999.99 -999.99 -999.99 -999.99 -999.99
  8 21 80 14 234 -999.99 -999.99 -999.99 -999.99 -999.99 -999.99 -999.99 -999.99 -999.99 -999.99 -999.99 -999.99 -999.99 -999.99 -999.99 -999.99
  8 21 80 15 234 -999.99 -999.99 -999.99 -999.99 -999.99 -999.99 -999.99 -999.99 -999.99 -999.99 -999.99 -999.99 -999.99 -999.99 -999.99 -999.99
  8 21 80 16 234 -999.99 -999.99 -999.99 -999.99 -999.99 -999.99 -999.99 -999.99 -999.99 -999.99 -999.99 -999.99 -999.99 -999.99 -999.99 -999.99
  8 21 80 17 234 -999.99 -999.99 -999.99 -999.99 -999.99 -999.99 -999.99 -999.99 -999.99 -999.99 -999.99 -999.99 -999.99 -999.99 -999.99 -999.99
  8 21 80 18 234 -999.99 -999.99 -999.99 -999.99 -999.99 -999.99 -999.99 -999.99 -999.99 -999.99 -999.99 -999.99 -999.99 -999.99 -999.99 -999.99
  8 21 80 19 234 -999.99 -999.99 -999.99 -999.99 -999.99 -999.99 -999.99 -999.99 -999.99 -999.99 -999.99 -999.99 -999.99 -999.99 -999.99 -999.99
  8 21 80 20 234 -999.99 -999.99 -999.99 -999.99 -999.99 -999.99 -999.99 -999.99 -999.99 -999.99 -999.99 -999.99 -999.99 -999.99 -999.99 -999.99
  8 21 80 21 234 -999.99 -999.99 -999.99 -999.99 -999.99 -999.99 -999.99 -999.99 -999.99 -999.99 -999.99 -999.99 -999.99 -999.99 -999.99 -999.99
  8 21 80 22 234 -999.99 -999.99 -999.99 -999.99 -999.99 -999.99 -999.99 -999.99 -999.99 -999.99 -999.99 -999.99 -999.99 -999.99 -999.99 -999.99
  8 21 80 23 234 -999.99 -999.99 -999.99 -999.99 -999.99 -999.99 -999.99 -999.99 -999.99 -999.99 -999.99 -999.99 -999.99 -999.99 -999.99 -999.99
  8 21 80 24 234 -999.99 -999.99 -999.99 -999.99 -999.99 -999.99 -999.99 -999.99 -999.99 -999.99 -999.99 -999.99 -999.99 -999.99 -999.99 -999.99
  8 22 80  1 235  287.70  295.10  293.80  292.40    8.88    6.37    4.23    2.71  327.30  313.80  307.40  305.80    2.06    1.57    2.50    4.09
  8 22 80  2 235  287.20  295.10  293.10  291.90    7.95    5.62    3.78    2.23  336.30  320.20  312.10  312.70    3.00    3.37    3.00    3.12
  8 22 80  3 235  287.00  294.70  292.70  291.40    7.52    4.44    2.99    1.84  340.30  331.80  321.80  315.30    1.79    3.64    3.15    3.54
  8 22 80  4 235  286.70  294.60  293.20  291.40    4.67    5.19    3.46    2.05  346.30  334.10  323.50  312.10    1.54    2.79    5.17    5.95
  8 22 80  5 235  286.80  294.20  292.30  290.90    5.15    5.41    3.90    2.31  344.90  329.70  320.70  318.70    2.77    3.62    4.69    5.42
  8 22 80  6 235  286.80  293.50  291.90  291.00    4.18    3.40    2.95    2.05  354.30  343.50  339.90  335.90    3.55    2.75    4.42    4.38
  8 22 80  7 235  287.00  292.40  291.60  291.90    5.97    2.54    2.36    1.97    4.43  348.50  343.00  340.60    3.23    2.18    3.58    4.51
  8 22 80  8 235  288.00  292.70  292.90  293.50    3.46    2.39    2.29    2.13    6.17  355.40  351.30  354.20    6.32    5.62    7.23    7.38
  8 22 80  9 235  288.50  294.40  294.90  295.50    2.80    2.75    2.72    2.44   16.48    9.33    7.19    6.93    3.48    3.18    3.84    5.36
  8 22 80 10 235  287.70  296.20  296.70  297.50    2.91    2.89    2.75    2.36   27.18   24.56   23.35   22.78   13.25   18.25   21.45   20.66
  8 22 80 11 235  285.60  297.20  297.80  298.60    3.38    3.20    3.04    2.67   27.66   29.82   31.23   31.17    7.25    6.49    8.10    9.13
  8 22 80 12 235  285.60  297.70  298.30  299.10    3.22    3.24    3.05    2.75  356.50  358.60  359.20    3.57   16.22   18.20   19.31   18.40
  8 22 80 13 235  285.10  298.20  298.70  299.40    3.23    3.36    3.33    2.87  353.10  355.50  354.00  354.40   14.66   12.81   14.50   14.10
  8 22 80 14 235  285.00  298.50  299.10  299.70    4.01    3.96    3.75    3.33  359.90    1.67    1.26    4.31   13.30   13.72   13.18   11.82
  8 22 80 15 235  285.10  298.70  299.20  299.90    4.70    4.64    4.40    3.75   12.27   14.67   15.48   17.27    7.25    7.04    6.09    6.54
  8 22 80 16 235  285.30  298.90  299.50  300.00    4.18    4.40    4.19    3.50  359.30    0.04    0.38    3.08   11.69   11.97   11.43   11.05
  8 22 80 17 235  285.20  298.90  299.40  299.90    3.60    4.06    4.14    3.53  357.20  359.30    0.41    2.44    4.35    4.02    4.00    3.45
  8 22 80 18 235  285.00  298.70  299.10  299.10    5.30    4.88    4.29    3.12   13.27   13.35   12.49   13.97    1.86    1.38    1.26    2.06
  8 22 80 19 235  285.60  298.10  298.30  297.90    4.48    3.45    2.94    2.16    9.59    2.52  358.80  357.40    6.67   11.16   12.34   13.55
  8 22 80 20 235  285.50  297.80  297.70  296.80    6.45    5.12    3.69    2.23   11.29    6.71    2.23  359.30    4.04    4.59    4.96    5.66
  8 22 80 21 235  285.70  297.50  296.90  295.40    7.89    5.99    4.83    2.97   23.20   20.15   18.26   15.99    3.09    3.24    4.22    3.21
  8 22 80 22 235  285.60  297.00  296.10  293.90    8.01    6.09    4.94    2.85   32.33   28.37   26.33   24.03    3.97    3.10    3.15    3.60
  8 22 80 23 235  285.70  296.10  294.90  293.10    8.94    5.90    4.55    2.51   42.98   39.76   39.42   38.27    3.74    4.35    6.05    7.23
  8 22 80 24 235  285.80  295.60  293.80  292.70    8.86    5.56    4.31    2.69   59.28   51.44   51.73   48.79    7.81    5.23    5.17    6.01
  8 23 80  1 236  285.40  294.30  292.80  291.80    8.75    5.11    3.52    2.00   79.05   68.37   66.03   65.53    4.67    7.80    6.08    4.48
  8 23 80  2 236  283.20  294.10  292.00  290.80    9.64    5.25    3.64    2.07   80.87   76.96   75.67   75.57    2.43    4.94    7.35   10.23
  8 23 80  3 236  283.30  293.70  291.50  290.10    9.26    5.35    3.89    2.29   82.93   80.58   81.66   78.46    1.09    2.45    3.03    4.42
  8 23 80  4 236  283.40  293.50  290.90  289.70    8.40    4.72    3.06    1.79   84.22   73.20   70.97   73.32    2.28    3.66    4.90    7.55
  8 23 80  5 236  283.40  292.80  290.40  289.20    7.57    4.91    3.29    2.00   82.90   70.74   66.14   66.20    3.85    3.98    4.60    6.99
  8 23 80  6 236  283.10  292.30  290.60  289.00    6.39    4.73    3.28    1.84   74.92   57.86   54.06   47.69    1.03    4.46    6.68   15.29
  8 23 80  7 236  283.60  291.60  290.90  290.50    5.30    3.52    2.87    2.02   70.83   52.42   44.14   31.98    3.11    7.29   10.35   12.32
  8 23 80  8 236  284.00  292.10  291.40  291.80    4.62    3.32    3.05    2.69   81.43   74.61   78.35   81.32    5.60    4.77    5.98    5.78
  8 23 80  9 236  285.80  292.90  293.40  294.10    2.61    2.52    2.45    2.17   96.22   93.37   96.35   97.11   13.19   12.02   13.84   14.77
  8 23 80 10 236  287.10  294.70  295.30  295.90    2.19    2.17    2.00    1.75  102.90  101.20  101.40  100.90    9.68    8.82   12.46   16.51
  8 23 80 11 236  287.00  296.10  296.70  297.40    2.61    2.32    2.18    1.94  105.00  103.30  109.80  109.80    8.93   15.67   21.39   29.62
  8 23 80 12 236  286.50  296.90  297.50  298.30    3.03    2.94    2.75    2.41  135.40  136.90  141.50  140.60   14.72   16.18   16.34   15.71
  8 23 80 13 236  286.90  297.50  298.10  298.90    2.86    2.75    2.58    2.27  144.30  151.80  155.50  147.50   18.94   25.94   30.69   51.34
  8 23 80 14 236  286.90  298.30  298.80  299.60    2.43    2.36    2.18    1.94  113.80  113.00  115.60  113.90   22.63   27.50   29.36   29.83
  8 23 80 15 236  287.00  298.70  299.30  299.90    2.35    2.37    2.32    2.10   69.10   59.86   57.03   54.52   36.60   47.95   51.81   51.30
  8 23 80 16 236  286.50  299.20  299.60  300.30    2.93    2.87    2.68    2.35   58.56   50.50   49.44   46.84    4.74    3.44    6.09    5.85
  8 23 80 17 236  286.50  299.20  299.60  300.00    3.30    3.00    2.82    2.46   83.80   85.35   86.75   85.33    8.35   10.99   11.90    8.48
  8 23 80 18 236  286.70  299.10  299.50  299.80    2.99    2.80    2.60    2.08   77.70   75.97   77.50   78.18    7.25    8.18    9.24   10.68
  8 23 80 19 236  287.00  298.40  298.60  297.90    4.98    4.27    3.30    2.09   74.14   70.77   68.89   67.49    5.29    4.70    4.55    4.83
  8 23 80 20 236  286.60  297.90  297.30  295.60    7.32    5.72    4.54    2.67   85.90   84.29   85.17   85.82    2.77    3.12    4.09    6.53
  8 23 80 21 236  286.70  297.60  296.80  294.30    7.24    5.77    4.24    2.20   94.73   93.22   94.53   96.41    4.26    3.34    3.76    4.25
  8 23 80 22 236  286.70  297.50  296.80  293.70    7.25    6.09    4.29    2.08  104.40  103.80  105.90  109.50    3.28    4.36    5.74   10.12
  8 23 80 23 236  286.70  297.10  296.20  292.40    6.51    5.68    3.74    1.37  119.10  117.70  124.70  141.10    5.86    6.53    9.55   19.92
  8 23 80 24 236  286.90  296.60  295.80  290.90    5.89    5.32    3.69    1.84  128.50  130.40  143.80  166.40    1.06    2.83    2.34    7.62
  8 24 80  1 237  286.80  296.10  295.10  290.70    5.98    5.11    3.76    1.65  132.40  139.40  150.20  149.50    2.70    6.19    7.01   14.56
  8 24 80  2 237  286.80  295.80  295.40  291.40    4.78    4.43    3.16    1.29  130.70  125.00  107.90   71.12    4.35    6.60   12.81   17.90
  8 24 80  3 237  286.90  295.20  294.40  290.60    5.56    4.81    3.66    1.87  129.20  116.30   99.98   84.60    1.67    4.07    6.28    8.81
  8 24 80  4 237  286.70  295.50  293.40  289.70    5.46    5.01    3.36    1.73  133.80  119.50   98.58   80.70    2.50    3.48    3.80    5.70
  8 24 80  5 237  286.50  295.10  293.00  289.20    5.14    5.38    3.27    1.47  134.70  119.70   99.97   78.44    3.82    3.46    3.92   10.17
  8 24 80  6 237  286.50  294.50  293.20  289.00    6.84    6.59    4.43    1.53  141.50  129.20  119.70  118.90    4.18    2.00    5.10    9.86
  8 24 80  7 237  286.90  294.00  291.70  290.30    7.88    5.86    3.76    1.99  152.10  132.40  130.50  133.50    2.96    2.35    2.24    4.65
  8 24 80  8 237  287.20  293.40  292.40  293.00    5.67    3.64    3.03    2.30  153.00  144.70  146.80  145.10    2.43    3.61    4.38    6.57
  8 24 80  9 237  288.40  294.20  294.80  295.50    3.94    3.83    3.69    3.21  150.90  149.40  152.60  153.30    3.61    1.96    2.12    5.44
  8 24 80 10 237  288.10  296.00  296.50  297.30    4.12    3.99    3.81    3.38  171.40  172.30  177.00  176.50    7.32    8.65    8.65    9.65
  8 24 80 11 237  287.30  297.00  297.60  298.40    3.25    3.05    2.80    2.52  187.30  187.00  190.10  189.70   12.00   13.81   17.72   19.76
  8 24 80 12 237  287.30  297.60  298.20  299.00    2.82    2.71    2.57    2.31  188.40  184.60  188.90  188.80   19.99   23.50   26.60   32.41
  8 24 80 13 237  287.50  298.30  298.80  299.60    3.11    2.84    2.75    2.51  167.60  170.00  176.10  177.70   23.18   23.46   28.60   34.17
  8 24 80 14 237  287.60  298.90  299.40  300.20    2.96    2.87    2.73    2.40  135.80  133.10  138.70  134.10   24.32   28.58   33.43   32.52
  8 24 80 15 237  287.70  299.20  299.80  300.50    3.35    3.10    2.88    2.50  125.60  124.80  127.20  129.30   14.60   17.78   21.76   24.33
  8 24 80 16 237  287.50  299.60  300.10  300.90    3.46    3.26    3.05    2.63  139.40  137.10  140.60  141.00   15.61   17.05   18.08   18.24
  8 24 80 17 237  287.50  299.60  300.10  300.90    3.39    3.14    2.83    2.33  140.40  137.90  140.50  141.30    9.47   11.19   10.29   12.95
  8 24 80 18 237  287.60  299.20  299.50  299.70    4.10    3.65    3.14    2.13  125.00  124.90  127.60  127.90   12.90   13.14   13.10   13.17
  8 24 80 19 237  287.20  298.70  298.90  297.50    4.74    4.15    3.47    1.85  120.70  118.30  118.20  114.90    3.61    4.28    7.35    9.85
  8 24 80 20 237  287.10  298.40  298.40  296.10    5.35    4.75    3.78    1.92  116.60  112.30  109.10  104.20    2.75    2.19    2.91    7.47
  8 24 80 21 237  287.40  298.10  298.30  295.10    5.91    5.81    4.35    2.02  113.30  111.60  110.40  106.60    1.60    1.37    3.29    9.40
  8 24 80 22 237  288.10  297.80  297.40  294.00    7.13    6.58    4.74    1.70  121.80  119.10  120.50  120.50    2.03    1.86    2.93    3.17
  8 24 80 23 237  288.50  297.40  296.10  292.80    8.14    7.08    4.52    1.64  122.60  120.00  122.00  121.80    0.99    0.95    1.04    3.09
  8 24 80 24 237  288.60  297.10  295.00  292.10    9.90    6.77    4.41    1.62  126.30  122.90  123.20  124.10    0.62    1.05    0.70    3.05
  8 25 80  1 238  288.80  296.80  294.10  291.20   11.18    6.70    4.39    1.48  131.50  127.40  128.40  130.80    1.97    3.47    4.40    4.91
  8 25 80  2 238  288.50  296.10  293.70  290.20   10.33    6.52    4.38    1.49  143.60  137.30  141.30  149.90    6.22    3.62    4.94   10.80
  8 25 80  3 238  287.60  296.60  293.20  290.50    8.62    6.44    4.29    1.65  154.80  143.30  138.00  133.10    1.19    2.68    1.28    3.61
  8 25 80  4 238  287.70  295.80  293.90  290.40    8.39    6.14    4.41    1.81  156.00  150.20  142.40  134.00    1.15    2.96    3.99    3.13
  8 25 80  5 238  287.80  296.20  293.20  289.20    8.65    6.96    4.79    1.95  163.60  155.80  155.50  150.90    3.01    2.60    3.72    6.09
  8 25 80  6 238  287.70  296.00  293.00  288.70    7.42    6.28    3.88    1.59  169.30  158.60  158.00  154.20    2.06    1.45    2.26    5.33
  8 25 80  7 238  287.80  295.70  292.50  290.00    7.64    5.74    3.36    1.40  174.80  156.40  154.60  147.00    1.27    1.54    3.50    4.91
  8 25 80  8 238  288.10  294.90  293.20  293.40    7.09    3.97    3.16    2.50  173.60  165.10  166.90  167.90    1.31    5.71    6.64    7.46
  8 25 80  9 238  289.60  295.40  295.90  296.60    4.67    4.25    4.01    3.51  179.90  174.20  175.40  173.10    2.48    2.91    3.34    3.42
  8 25 80 10 238  289.90  297.10  297.70  298.60    4.69    4.53    4.26    3.71  196.00  194.80  199.10  199.10    5.13    5.68    6.39    8.27
  8 25 80 11 238  289.60  298.40  298.90  299.90    4.63    4.46    4.29    3.67  197.60  196.20  199.20  198.30    6.28   10.81   12.66   12.96
  8 25 80 12 238  289.40  299.60  300.00  300.90    3.51    3.36    3.22    2.81  198.90  197.30  200.00  198.20   10.97   11.72   12.75   15.81
  8 25 80 13 238  288.70  300.40  301.00  301.70    2.90    2.73    2.57    2.31  165.20  164.80  168.10  167.70   19.99   21.60   22.74   24.42
  8 25 80 14 238  288.40  300.90  301.50  302.30    3.28    3.06    2.92    2.57  147.80  147.10  152.50  151.30   15.89   20.49   22.67   23.74
  8 25 80 15 238  288.40  301.20  301.80  302.60    3.74    3.59    3.40    2.97  142.00  139.30  141.20  140.10   15.97   19.63   22.06   21.73
  8 25 80 16 238  288.20  301.30  301.90  302.60    3.70    3.44    3.20    2.73  142.80  142.70  145.90  146.60   14.20   17.14   18.04   18.34
  8 25 80 17 238  288.70  301.00  301.50  302.10    4.22    3.86    3.39    2.64  133.80  131.10  133.20  129.20    7.26    7.92    7.32    6.79
  8 25 80 18 238  288.90  300.60  300.90  300.90    4.15    3.57    2.93    1.83  135.80  133.50  135.10  131.70    5.13    5.79    5.70    7.62
  8 25 80 19 238  289.00  300.10  300.40  299.20    3.86    3.45    2.98    1.49  128.70  122.90  121.70  117.60    2.16    3.33    3.64    2.71
  8 25 80 20 238  289.20  299.70  299.80  297.80    5.15    4.93    4.06    1.76  125.90  121.30  121.10  118.00    2.77    2.29    1.14    2.43
  8 25 80 21 238  288.90  299.50  299.50  296.00    6.46    6.53    5.16    2.14  123.60  119.60  119.20  115.50    3.34    2.54    2.45    3.77
  8 25 80 22 238  290.00  299.10  298.70  294.90    8.36    7.72    5.21    1.98  125.30  119.90  119.00  119.70    1.08    1.03    2.07    3.41
  8 25 80 23 238  290.00  298.30  296.90  294.30    9.98    6.98    4.71    1.87  127.90  120.40  121.50  122.10    1.57    1.92    1.99    2.43
  8 25 80 24 238  290.10  297.40  295.60  293.30   11.25    6.82    4.61    1.52  136.10  132.70  134.20  137.30    3.34    4.89    6.04    7.72
  8 26 80  1 239  288.70  298.30  295.30  292.00   10.44    7.63    5.14    1.89  154.20  146.50  148.90  149.30    5.15    3.95    1.87    3.13
  8 26 80  2 239  288.30  297.90  295.40  291.80   10.60    8.53    5.81    2.73  171.50  159.90  161.40  160.00    8.15    5.88    6.49    5.75
  8 26 80  3 239  287.90  297.40  294.50  291.30   10.35    7.22    4.78    2.20  183.20  171.30  172.60  174.70    1.34    2.31    4.00    6.67
  8 26 80  4 239  287.50  296.70  293.50  290.60   10.21    5.98    3.99    1.71  186.90  175.20  171.80  161.60    1.03    1.88    6.52   13.06
  8 26 80  5 239  287.80  295.60  293.20  290.10    8.55    5.04    3.85    1.68  190.00  172.60  159.50  141.10    1.43    2.30    4.65    8.52
  8 26 80  6 239  288.30  295.80  293.40  290.20    8.74    5.37    4.30    1.93  185.10  168.60  152.70  135.00    1.98    2.45    2.93    3.70
  8 26 80  7 239  288.40  295.50  292.90  291.30    7.79    4.95    3.19    1.65  182.90  156.50  142.20  128.50    2.48    3.96    7.01   15.47
  8 26 80  8 239  288.60  295.60  294.10  294.30    7.00    4.53    3.56    2.85  187.00  167.70  167.40  166.90    5.58    3.85    5.08    5.93
  8 26 80  9 239  289.40  296.50  296.90  297.60    4.25    3.60    3.42    2.97  189.30  186.90  192.00  192.70    2.75    5.13    5.84    7.41
  8 26 80 10 239  289.90  298.70  299.20  299.90    3.63    3.47    3.38    3.02  191.70  194.70  199.50  199.50    4.66    5.60    7.03    8.91
  8 26 80 11 239  290.00  300.50  301.00  301.90    4.26    4.02    3.76    3.30  189.90  190.20  193.50  192.60    4.47    4.82    6.79    8.08
  8 26 80 12 239  289.40  301.90  302.40  303.30    3.89    3.76    3.55    3.18  194.80  196.10  200.40  200.50    5.28    4.65    5.03    7.30
  8 26 80 13 239  289.30  302.60  303.20  304.00    3.57    3.32    3.15    2.84  195.30  194.10  199.20  199.00   13.48   12.93   13.83   13.76
  8 26 80 14 239  288.50  303.30  303.80  304.50    3.79    3.55    3.37    3.01  173.60  174.60  179.20  178.60   17.38   18.02   21.07   23.05
  8 26 80 15 239  286.90  303.80  304.30  304.90    3.92    3.78    3.61    3.13  161.10  160.30  164.30  163.40   12.84   15.15   15.91   17.97
  8 26 80 16 239  286.40  303.90  304.30  305.00    3.95    3.79    3.57    3.05  158.70  158.90  163.40  164.70    7.98    8.99    9.85   11.80
  8 26 80 17 239  286.80  303.70  304.20  304.70    4.10    3.76    3.30    2.79  152.40  152.90  155.30  156.20    2.61    3.95    5.95    7.39
  8 26 80 18 239  286.60  303.40  303.60  303.30    4.08    3.44    2.75    1.53  149.40  144.30  144.70  139.90    1.68    4.43    6.50    8.52
  8 26 80 19 239  287.20  303.00  303.10  301.20    4.44    3.90    3.40    1.59  138.60  130.70  127.10  117.60    4.60    4.15    3.91    3.82
  8 26 80 20 239  287.30  302.60  302.60  299.30    6.13    6.11    5.02    2.02  129.20  125.10  123.10  118.50    6.20    4.75    3.70    2.76
  8 26 80 21 239  287.80  302.00  300.60  297.40    9.27    7.33    5.03    2.04  126.80  122.70  122.80  121.50    1.94    1.68    3.34    2.32
  8 26 80 22 239  288.30  301.10  298.90  295.90   10.74    7.04    4.75    1.88  135.00  128.30  129.60  128.60    3.06    2.68    2.50    4.97
  8 26 80 23 239  288.50  300.40  297.90  294.50    9.87    6.99    4.85    1.49  147.70  137.00  139.90  142.20    4.58    1.92    3.27    3.51
  8 26 80 24 239  286.30  300.90  297.10  293.50    9.64    7.02    5.09    1.86  169.60  151.40  149.00  148.70    4.66    5.97    4.04    3.78
  8 27 80  1 240  285.50  300.60  297.20  292.40    9.06    7.67    4.90    1.89  177.70  164.10  164.20  161.80    0.88    3.19    3.79    5.00
  8 27 80  2 240  285.60  299.70  297.60  292.20   10.56    7.84    5.03    2.03  187.30  178.00  176.70  176.70    4.73    4.65    7.22   12.97
  8 27 80  3 240  286.60  298.80  296.30  291.50   10.21    6.94    4.55    1.77  191.30  181.70  174.50  167.20    1.32    1.68    3.12    8.14
  8 27 80  4 240  287.30  298.60  296.00  291.10    9.94    6.56    4.28    1.74  188.80  184.20  176.50  164.90    1.05    2.03    2.94    5.60
  8 27 80  5 240  288.30  298.70  295.80  290.90    9.52    6.21    4.15    1.58  190.60  185.70  178.70  166.60    1.53    2.19    2.58    7.71
  8 27 80  6 240  286.60  298.90  295.30  290.60    8.51    6.47    4.08    1.28  202.20  180.30  169.80  152.40    4.89    2.85    4.99    7.93
  8 27 80  7 240  283.40  299.80  294.30  291.60    7.25    5.93    3.61    1.61  207.00  174.30  165.00  164.00    1.76    1.41    4.78    9.45
  8 27 80  8 240  283.60  300.10  295.10  295.10    6.48    3.18    2.23    1.66  217.90  187.90  186.40  180.90    2.87    6.93    8.38   10.03
  8 27 80  9 240  286.60  299.40  298.60  299.30    4.72    3.14    2.88    2.57  207.10  189.90  193.00  193.50    8.93    3.47    3.22    3.68
  8 27 80 10 240  289.30  300.50  301.00  301.70    3.05    2.83    2.72    2.55  208.10  200.20  201.60  199.90    6.81    6.15    7.16    8.64
  8 27 80 11 240  289.60  301.90  302.50  303.30    3.14    2.95    2.79    2.55  198.60  191.40  192.30  189.20    8.13    7.15    7.63    9.95
  8 27 80 12 240  289.70  303.00  303.60  304.30    2.79    2.68    2.52    2.35  200.00  198.70  200.50  195.20    8.74   11.13   10.94   10.75
  8 27 80 13 240  289.90  303.80  304.30  305.00    2.79    2.79    2.62    2.41  187.80  193.20  198.90  197.50    7.86   10.47   13.12   17.68
  8 27 80 14 240  290.00  304.30  304.80  305.60    3.55    3.39    3.17    2.91  169.10  169.10  173.90  174.10    9.38   13.23   14.03   12.58
  8 27 80 15 240  290.00  304.60  305.10  305.90    4.10    3.93    3.75    3.29  171.70  170.50  175.40  177.90    7.03    6.87    6.54    7.93
  8 27 80 16 240  289.50  304.80  305.30  306.00    4.44    4.16    3.85    3.27  162.20  162.50  168.20  169.40    4.69    4.18    5.32    5.09
  8 27 80 17 240  289.50  304.70  305.10  305.50    4.24    3.74    3.49    2.93  159.40  158.50  162.90  167.80    2.61    3.73    5.73    6.74
  8 27 80 18 240  288.10  304.50  304.60  304.20    4.85    3.75    3.03    1.80  162.10  154.80  155.90  155.80    1.60    2.85    4.36    6.69
  8 27 80 19 240  287.50  304.40  304.00  301.80    6.51    5.35    4.78    2.20  161.60  150.10  146.70  138.60    3.10    5.27    6.22    5.83
  8 27 80 20 240  288.50  303.60  303.00  299.50    7.04    6.89    5.06    1.92  138.70  133.10  134.00  134.50    2.54    3.18    4.73    7.59
  8 27 80 21 240  287.60  303.60  301.70  297.60    7.70    7.20    5.22    1.69  142.90  134.40  138.00  143.70    1.98    1.18    2.14    3.85
  8 27 80 22 240  287.50  303.10  300.60  296.00    8.10    7.54    5.24    1.96  148.90  141.60  143.20  146.80    5.33    4.53    3.37    6.02
  8 27 80 23 240  286.00  303.50  300.60  295.00    7.66    6.68    4.58    1.87  177.10  161.10  156.10  153.70    9.75    5.71    3.31    4.48
  8 27 80 24 240  285.50  302.20  299.50  294.30    8.74    7.52    5.38    2.04  178.10  162.00  157.00  151.80    9.60    5.49    4.88    6.03
  8 28 80  1 241  285.90  301.50  298.90  293.60   11.06    8.10    5.48    2.11  196.60  176.60  172.00  168.90    8.45    3.66    3.00    4.74
  8 28 80  2 241  286.70  300.60  297.70  293.00    9.95    7.70    4.98    1.83  210.00  186.80  182.40  183.20    1.13    2.61    2.61    3.69
  8 28 80  3 241  286.60  300.60  297.80  292.80    9.03    7.68    5.01    1.92  217.40  194.70  190.00  193.60    3.38    2.66    2.87    4.75
  8 28 80  4 241  286.40  300.40  297.30  292.40    8.89    7.84    4.91    1.96  216.20  193.30  188.90  187.40    4.10    2.79    2.64    3.22
  8 28 80  5 241  286.50  299.80  296.20  292.20    8.77    7.30    4.76    2.17  214.00  188.50  183.70  181.10    1.97    3.24    2.31    3.21
  8 28 80  6 241  286.80  299.30  295.40  292.20    8.61    6.81    4.71    2.18  212.20  183.60  178.30  177.80    1.21    1.88    2.36    3.99
  8 28 80  7 241  286.80  299.00  295.00  293.10    8.28    5.98    3.83    1.77  214.20  185.40  184.20  182.90    1.68    1.48    1.85    3.82
  8 28 80  8 241  287.60  298.00  296.30  296.40    7.88    5.01    3.99    2.91  205.00  190.70  193.30  189.80    3.73    3.83    5.31    7.44
  8 28 80  9 241  289.30  298.20  298.60  299.40    5.69    4.53    4.26    3.72  205.00  198.30  200.50  198.20    3.71    3.45    3.07    3.02
  8 28 80 10 241  289.80  300.40  301.00  301.80    5.41    4.91    4.32    3.76  214.30  211.50  215.20  215.20    2.82    4.36    5.44    5.49
  8 28 80 11 241  289.80  301.40  302.00  302.90 -999.99    5.21    4.73    4.02  215.20  213.20  216.40  214.50    4.55    6.94    7.57    8.06
  8 28 80 12 241  289.30  302.40  303.10  304.00 -999.99    5.28    4.82    4.04  217.00  216.20  220.60  219.20    5.62    7.29    6.86    9.63
  8 28 80 13 241  288.40  303.30  303.90  304.80 -999.99    5.21    4.77    4.07  205.20  202.60  205.80  204.10    7.63    7.23    7.99    9.40
  8 28 80 14 241  288.20  303.80  304.40  305.30 -999.99    5.24    4.78    4.06  203.80  202.70  207.10  206.20    9.73   10.74    9.96    9.70
  8 28 80 15 241  287.60  304.20  304.60  305.50 -999.99    4.85    4.54    3.79  189.80  189.40  193.50  192.70   10.28   10.43   11.76   12.68
  8 28 80 16 241  287.10  304.20  304.60  305.10 -999.99    4.96    4.51    3.62  183.30  182.10  185.70  185.80    7.12    8.60    9.51    9.99
  8 28 80 17 241  286.90  303.70  304.00  303.70 -999.99    4.52    3.79    2.59  182.00  180.70  184.70  181.20    2.78    3.47    4.71    7.57
  8 28 80 18 241  287.50  303.50  303.60  302.30 -999.99    4.08    3.44    2.05  179.80  175.40  174.80  163.00    3.28    2.95    3.66    5.69
  8 28 80 19 241  287.30  303.10  303.00  299.80 -999.99    5.71    4.85    2.69  176.90  170.00  169.90  164.20    3.56    3.25    3.89    5.35
  8 28 80 20 241  286.30  303.10  303.10  297.80 -999.99    6.24    5.71    2.52  180.20  175.30  172.60  159.70    1.10    4.53    4.93    4.72
  8 28 80 21 241  286.60  302.80  302.40  297.20 -999.99    6.25    5.36    2.57  168.10  164.90  162.00  149.00   10.05   11.89   10.74    5.49
  8 28 80 22 241  288.10  301.70  299.00  295.80 -999.99    7.67    5.08    2.44  159.90  154.40  154.20  155.50    2.78    2.05    4.22    5.31
  8 28 80 23 241  287.10  301.10  298.50  295.10 -999.99    7.13    5.03    2.35  164.00  159.20  161.60  158.70    1.67    2.23    3.52    5.44
  8 28 80 24 241  287.20  300.60  298.60  294.80 -999.99    6.88    4.99    2.12  168.10  160.80  161.90  157.90    2.40    1.18    1.22    5.32
  8 29 80  1 242  287.30  300.20  297.80  294.80 -999.99    5.82    4.40    1.93  171.60  163.40  162.50  158.70    1.32    2.75    4.36    6.69
  8 29 80  2 242  287.90  299.80  297.70  295.00 -999.99    5.81    4.17    2.02  174.60  163.50  162.00  152.40    0.99    1.75    2.21    2.32
  8 29 80  3 242  288.40  298.70  297.00  293.80 -999.99    5.60    3.86    1.73  178.70  171.00  173.20  188.70    1.61    3.56    4.81    9.77
  8 29 80  4 242  288.70  297.90  296.10  293.10 -999.99    4.34    3.18    1.30  183.90  173.50  172.60  160.50    6.07    2.49    4.77   12.00
  8 29 80  5 242  289.00  297.60  295.90  293.40 -999.99    4.36    2.58    0.95  204.30  182.20  181.50  179.80   12.72    7.32    6.24   14.62
  8 29 80  6 242  289.00  296.90  295.10  293.30 -999.99    5.88    3.93    1.85  192.60  176.60  172.50  172.60   17.67   12.59   10.83   16.02
  8 29 80  7 242  288.10  298.20  294.90  293.90 -999.99    4.85    3.26    1.70  210.30  186.80  182.00  176.10   13.71    9.15    6.96   11.56
  8 29 80  8 242  289.30  294.70  294.50  294.80 -999.99    5.93    5.00    3.78  185.10  180.70  183.60  183.10    3.12    3.79    4.24    4.47
  8 29 80  9 242  289.60  295.40  295.80  296.30 -999.99    7.29    6.43    5.07  188.50  187.90  191.30  191.00    4.86    6.27    7.54    7.82
  8 29 80 10 242  289.60  295.70  296.00  296.50 -999.99    7.23    6.20    4.88  186.80  187.50  192.70  191.90    4.28    3.88    3.77    6.41
  8 29 80 11 242  289.50  295.30  295.30  295.70    7.57    5.52    4.60    3.61  163.50  158.70  163.30  163.90    3.43    5.71    6.14    6.35
  8 29 80 12 242  290.90  296.40  296.70  297.10    5.40    4.20    3.77    3.20  179.90  177.30  181.70  180.30   11.33   10.78   10.10   10.80
  8 29 80 13 242  290.60  298.70  299.00  299.20    5.39    4.47    3.79    2.92  166.20  166.90  172.90  173.10    5.82    6.23    6.04    5.69
  8 29 80 14 242  289.20  299.30  299.70  300.20    5.11    4.65    4.31    3.44  166.20  167.70  173.10  173.60    5.70    7.41    7.83    9.01
  8 29 80 15 242  290.00  299.50  300.00  300.60    3.94    3.59    3.26    2.68  149.40  153.90  161.50  162.80   13.42   12.89   14.15   15.66
  8 29 80 16 242  290.40  299.80  300.40  301.10    4.99    4.65    4.35    3.69  151.80  151.90  155.90  158.20    7.53    7.84    9.41    8.86
  8 29 80 17 242  290.70  299.40  299.90  300.80    5.50    5.16    4.75    3.91  154.00  154.00  158.70  157.20    8.63    8.97   10.00   10.53
  8 29 80 18 242  290.80  298.50  299.00  299.50    3.94    3.90    3.65    2.92  154.70  158.00  162.70  163.50    5.51    7.48    8.44    8.36
  8 29 80 19 242  290.90  297.90  298.20  297.80    4.39    3.76    2.97    1.62  126.90  127.70  130.20  129.00    3.89    5.66    7.28    9.73
  8 29 80 20 242  290.50  297.80  297.80  296.20    7.01    5.52    4.05    1.89  128.10  127.30  129.50  131.30    5.65    3.14    1.94    2.52
  8 29 80 21 242  290.10  296.40  296.00  295.30    9.84    7.02    4.99    2.65  143.30  137.70  138.80  138.30    3.13    4.78    6.07    8.44
  8 29 80 22 242  289.80  295.60  295.10  294.40    8.89    5.83    4.27    2.25  153.30  149.00  151.10  151.70    2.88    2.66    3.83    6.37
  8 29 80 23 242  290.20  295.30  294.60  293.90    9.79    6.49    4.47    2.09  151.60  144.50  144.20  143.30    0.58    1.16    1.38    1.98
  8 29 80 24 242  289.90  294.50  293.90  293.20    8.98    5.94    4.20    2.05  155.80  148.90  148.40  147.10    1.29    1.55    2.42    4.41
  8 30 80  1 243  289.80  293.80  293.30  292.60    8.48    5.58    3.91    1.72  158.20  149.30  148.90  146.40    1.77    1.76    2.61    2.84
  8 30 80  2 243  289.90  293.70  292.90  292.30    8.87    5.84    4.11    2.03  162.00  150.30  149.90  148.10    1.74    1.26    1.83    2.66
  8 30 80  3 243  289.80  293.40  292.50  292.10    8.99    5.95    4.30    2.32  159.00  148.30  148.60  148.10    4.27    4.96    5.43    5.99
  8 30 80  4 243  289.90  293.30  292.50  292.00    8.55    5.94    4.49    2.67  165.40  154.80  156.00  155.70    1.78    1.97    2.60    4.18
  8 30 80  5 243  289.80  292.50  292.20  292.00    9.07    6.10    4.77    3.12  163.10  157.60  159.80  157.80    1.88    2.76    3.22    3.98
  8 30 80  6 243  289.80  292.70  292.40  292.20    9.33    6.22    4.93    3.33  170.40  166.30  169.00  167.40    5.17    3.95    4.58    4.61
  8 30 80  7 243  289.90  293.00  292.80  293.00    8.98    6.10    4.91    3.62  173.80  168.10  170.20  168.50    1.03    1.34    1.48    2.90
  8 30 80  8 243  290.40  293.80  294.20  294.80    7.13    6.00    5.44    4.50  173.20  170.60  173.30  172.50    3.10    3.65    3.32    4.91
  8 30 80  9 243  291.20  295.60  296.10  296.90    6.04    5.88    5.55    4.82  173.30  169.00  171.30  170.20    2.20    2.37    1.94    2.58
  8 30 80 10 243  291.60  297.60  298.20  299.10    6.55    6.19    5.85    5.06  182.20  179.70  183.80  182.30    5.00    5.98    7.27    8.08
  8 30 80 11 243  291.70  298.90  299.40  300.30    7.29    6.85    6.32    5.31  186.10  184.60  188.20  186.90    3.74    3.64    3.84    3.85
  8 30 80 12 243  292.00  300.00  300.70  301.70    7.06    6.67    6.28    5.41  188.20  187.60  191.70  189.80    4.90    5.14    6.14    7.31
  8 30 80 13 243  291.60  301.30  301.90  303.00    6.83    6.49    6.06    5.06  191.90  190.50  194.30  194.80    5.92    5.93    7.04    8.70
  8 30 80 14 243  290.90  302.40  303.00  304.00    7.44    6.76    6.30    5.29  194.80  194.30  196.90  198.00    3.86    3.80    4.58    5.86
  8 30 80 15 243  290.60  302.70  303.10  303.80    6.46    5.73    5.16    4.15  202.50  200.60  204.10  203.40    8.24    9.10    8.20    8.69
  8 30 80 16 243  290.70  302.70  303.00  303.10    4.26    3.78    3.24    2.34  208.70  203.70  204.80  198.50    6.88    7.92    7.12    7.04
  8 30 80 17 243  291.40  301.50  301.40  301.20    3.10    3.54    3.33    2.62  273.70  233.10  216.70  149.20   69.90   81.06   94.14   85.74
  8 30 80 18 243  290.60  297.50  297.70  298.00    5.48    4.58    4.07    3.17   42.43   37.93   37.37   37.27   14.75   17.62   19.84   21.08
  8 30 80 19 243  289.80  296.90  296.70  296.80    6.27    4.54    3.75    2.67   41.60   38.82   37.57   37.47    9.45   13.52   14.44   14.78
  8 30 80 20 243  289.90  299.20  297.00  296.40    6.14    5.66    4.35    2.84   84.97   73.99   77.98   82.67   12.69    7.86    8.42    7.70
  8 30 80 21 243  291.50  300.20  297.30  295.90    5.54    5.40    3.86    2.37  122.40   91.87   90.40   87.91    6.75    3.65    3.81    4.62
  8 30 80 22 243  291.20  300.30  298.90  295.90    7.99    6.22    4.18    1.77  156.60  132.40  121.60  124.60    8.18   15.83   13.41   12.27
  8 30 80 23 243  290.70  299.80  298.20  296.20   12.35    8.47    6.10    3.23  173.50  160.30  157.60  155.50    2.64    4.17    7.86    7.16
  8 30 80 24 243  290.30  298.20  297.40  296.90   12.43    8.68    6.93    4.76  176.20  171.30  174.30  172.70    0.91    2.13    2.42    2.77
  8 31 80  1 244  290.10  297.50  297.20  297.00   10.16    7.22    5.80    3.98  183.80  180.30  182.20  179.90    2.32    3.39    3.76    4.79
  8 31 80  2 244  290.10  297.10  296.90  296.70   10.83    7.75    6.28    4.45  184.10  181.10  183.20  180.30    1.35    2.52    3.49    3.09
  8 31 80  3 244  290.10  296.70  296.60  296.40   10.07    7.00    5.69    4.02  186.50  182.70  184.80  182.90    1.71    1.52    1.78    2.37
  8 31 80  4 244  290.20  296.70  296.30  295.70    8.90    5.89    4.42    2.68  192.90  186.90  187.80  184.50    4.55    5.92    6.63    8.06
  8 31 80  5 244  290.20  296.50  296.00  294.80    8.67    5.99    4.49    2.53  191.30  185.20  184.70  176.40    4.86    6.20    7.55    8.78
  8 31 80  6 244  290.10  295.60  295.00  294.40    7.71    4.79    3.55    2.02  200.40  208.60  218.80  225.80   10.15   20.58   24.69   30.33
  8 31 80  7 244  290.10  295.40  294.90  294.70    6.82    4.20    3.20    2.18  201.90  200.60  202.20  190.20   11.53   23.87   29.26   29.49
  8 31 80  8 244  290.70  295.40  295.70  296.00    8.14    6.64    5.83    4.56  178.90  174.70  176.40  173.90    4.00    3.26    3.66    5.17
  8 31 80  9 244  290.90  295.80  296.10  296.40    6.00    4.13    3.39    2.55  187.90  186.90  190.20  188.00    6.34    7.65    9.03   11.83
  8 31 80 10 244  291.10  295.80  296.10  296.30    6.88    5.53    4.49    3.10  227.90  226.30  229.30  229.60   14.74   14.26   14.12   15.33
  8 31 80 11 244  290.40  293.40  294.50  294.80    1.67    1.80    1.71    1.38   94.57   91.75   89.32   83.21   86.69   73.15   72.86   70.10
  8 31 80 12 244  291.30  294.20  295.30  295.70    2.19    2.31    2.13    1.86   89.82   78.55   85.89   92.01   54.44   28.40   30.55   35.28
  8 31 80 13 244  292.30  296.20  296.70  297.30    4.89    4.39    4.12    3.33  117.70  110.70  110.80  109.10    9.62   10.01   10.39   11.81
  8 31 80 14 244  293.30  297.60  297.90  298.40    5.73    4.65    4.13    2.99  139.10  133.70  134.70  133.30   11.64   10.96   10.21   10.27
  8 31 80 15 244  293.50  301.00  301.40  302.10    7.21    6.63    6.17    5.15  183.20  178.50  180.20  178.50    7.73    8.76    9.52    9.93
  8 31 80 16 244  293.60  302.10  302.60  303.10    8.01    7.14    6.41    5.11  179.00  177.90  180.80  179.90    1.87    3.28    3.75    6.09
  8 31 80 17 244  293.70  302.20  302.40  302.20    7.47    6.09    5.13    3.66  175.50  171.80  174.20  171.40    2.91    2.27    1.63    3.37
  8 31 80 18 244  293.60  302.90  302.80  302.00    7.37    5.94    4.87    3.17  177.50  172.90  174.20  173.50    2.85    2.49    3.04    3.35
  8 31 80 19 244  293.50  302.80  302.40  300.20    8.70    7.23    5.40    2.93  177.00  169.30  168.80  167.50    3.76    1.97    1.68    3.20
  8 31 80 20 244  292.30  302.50  301.70  299.20    8.50    6.10    4.40    2.07  172.70  162.40  156.40  147.80    3.39    6.19    8.87   12.24
  8 31 80 21 244  292.10  301.20  300.30  298.20   10.06    6.85    5.06    2.53  170.30  160.80  156.80  150.70    4.67    5.71    9.08   11.62
  8 31 80 22 244  291.50  300.70  299.40  297.60   12.14    8.25    6.03    3.56  176.60  169.00  170.00  170.90    0.67    1.34    1.41    2.50
  8 31 80 23 244  291.50  300.10  299.50  298.70   11.95    8.54    6.69    4.51  182.10  176.50  179.00  177.30    4.49    5.97    6.87    6.57
  8 31 80 24 244  291.30  300.10  300.10  299.70   12.26    9.25    7.71    5.48  190.10  187.10  189.30  187.10    1.51    1.61    2.27    2.22
  3  9 81  1  68 -999.99 -999.99 -999.99 -999.99    5.04    3.49    2.68    1.50  169.50  193.10  191.90  193.60   11.36    9.18   11.22   11.94
  3  9 81  2  68 -999.99 -999.99 -999.99 -999.99    5.66    3.89    2.70    1.14  176.60  207.30  209.20  215.60    2.14    2.76    2.72    8.05
  3  9 81  3  68 -999.99 -999.99 -999.99 -999.99    5.06    3.85    2.60    1.00  179.00  219.40  223.80  237.80    1.48    2.16    3.54   14.73
  3  9 81  4  68 -999.99 -999.99 -999.99 -999.99    5.44    3.73    2.21    0.80  200.30  228.90  232.00  217.80    6.26    1.85    2.12   31.87
  3  9 81  5  68 -999.99 -999.99 -999.99 -999.99    6.47    4.20    3.04    1.30  209.90  229.50  225.60  221.50    2.23    0.73    3.31    6.58
  3  9 81  6  68 -999.99 -999.99 -999.99 -999.99    6.70    4.23    3.06    1.45  220.80  220.70  211.20  201.90    3.74    5.07    4.85    4.48
  3  9 81  7  68 -999.99 -999.99 -999.99 -999.99    6.29    3.93    2.97    1.45  229.60  216.70  206.40  197.20    1.86    2.71    2.61    5.96
  3  9 81  8  68 -999.99 -999.99 -999.99 -999.99    6.62    3.94    2.98    2.03  231.00  224.90  217.80  214.20    1.23    4.59    6.91    6.85
  3  9 81  9  68 -999.99 -999.99 -999.99 -999.99    5.91    3.76    3.11    2.37  227.00  229.20  226.30  223.60    2.04    3.60    4.15    7.93
  3  9 81 10  68 -999.99 -999.99 -999.99 -999.99    4.99    4.20    3.83    3.17  224.00  229.60  230.10  229.90    2.01    2.59    3.17    4.30
  3  9 81 11  68 -999.99 -999.99 -999.99 -999.99    4.85    4.68    4.34    3.64  224.70  234.60  234.50  234.10    3.42    3.91    3.46    4.33
  3  9 81 12  68 -999.99 -999.99 -999.99 -999.99    5.74    5.49    5.18    4.24  228.40  239.90  240.50  238.90    4.38    4.85    3.96    5.78
  3  9 81 13  68 -999.99 -999.99 -999.99 -999.99 -999.99 -999.99 -999.99 -999.99 -999.99 -999.99 -999.99 -999.99 -999.99 -999.99 -999.99 -999.99
  3  9 81 14  68 -999.99 -999.99 -999.99 -999.99 -999.99 -999.99 -999.99 -999.99 -999.99 -999.99 -999.99 -999.99 -999.99 -999.99 -999.99 -999.99
  3  9 81 15  68 -999.99 -999.99 -999.99 -999.99 -999.99 -999.99 -999.99 -999.99 -999.99 -999.99 -999.99 -999.99 -999.99 -999.99 -999.99 -999.99
  3  9 81 16  68 -999.99 -999.99 -999.99 -999.99 -999.99 -999.99 -999.99 -999.99 -999.99 -999.99 -999.99 -999.99 -999.99 -999.99 -999.99 -999.99
  3  9 81 17  68 -999.99 -999.99 -999.99 -999.99 -999.99 -999.99 -999.99 -999.99 -999.99 -999.99 -999.99 -999.99 -999.99 -999.99 -999.99 -999.99
  3  9 81 18  68 -999.99 -999.99 -999.99 -999.99 -999.99 -999.99 -999.99 -999.99 -999.99 -999.99 -999.99 -999.99 -999.99 -999.99 -999.99 -999.99
  3  9 81 19  68 -999.99 -999.99 -999.99 -999.99    2.38    1.91    1.47    0.73  232.10  222.80  211.80  161.80    7.29    5.28    4.92   44.80
  3  9 81 20  68 -999.99 -999.99 -999.99 -999.99    3.97    3.38    2.86    1.89  269.30  269.40  265.40  273.00   15.87   15.90   24.92   77.71
  3  9 81 21  68 -999.99 -999.99 -999.99 -999.99    3.88    3.68    3.24    2.11  329.40  331.30  328.00  318.50   17.32   19.92   20.39   18.74
  3  9 81 22  68 -999.99 -999.99 -999.99 -999.99    2.51    2.89    2.67    1.07   13.03    6.01    6.84   21.72   11.56    7.12    5.09   21.38
  3  9 81 23  68 -999.99 -999.99 -999.99 -999.99    2.64    2.62    1.94    1.07   26.05   24.39   33.12   70.60    4.68    6.26   13.28   27.15
  3  9 81 24  68 -999.99 -999.99 -999.99 -999.99    3.82    3.46    2.67    1.34   34.05   31.50   32.94   56.97    8.36    8.94    6.99   21.00
  3 10 81  1  69  271.60  277.00  276.70  276.40    6.55    4.76    4.00    2.82   49.61   49.21   47.93   46.13    2.64    4.12    3.75    4.11
  3 10 81  2  69  271.60  277.00  276.40  276.20    6.19    4.56    3.89    2.85   53.51   53.45   52.06   49.83    2.20    2.98    3.04    3.66
  3 10 81  3  69  271.90  276.60  276.00  275.60    5.55    3.59    2.81    1.89   54.16   59.55   54.85   46.69    3.50    2.69    4.86    8.23
  3 10 81  4  69  271.60  277.00  276.40  275.70    4.37    3.30    2.60    1.78   57.87   57.56   47.83   25.94    3.91    5.26    9.09   12.63
  3 10 81  5  69  271.70  276.70  275.80  275.30    4.53    4.24    2.80    2.09   35.02   14.98    1.52  352.50    7.72   14.48   11.15    7.89
  3 10 81  6  69  272.10  276.70  275.80  274.90    3.80    3.80    2.88    2.21    6.66  357.00  346.30  338.50    7.01    8.79    4.51    4.27
  3 10 81  7  69  272.90  275.70  275.40  275.00    5.99    3.96    2.96    2.03  344.10  342.60  336.10  327.30    4.84    3.88    6.08    7.27
  3 10 81  8  69  272.80  275.10  275.10  275.30    5.46    3.41    2.69    2.19  340.20  335.30  331.30  328.60    2.35    3.72    4.63    4.54
  3 10 81  9  69  273.20  275.10  275.70  276.30    4.17    3.91    3.76    3.11  323.30  320.40  316.90  314.00    3.87    3.16    3.83    4.89
  3 10 81 10  69  273.40  276.20  276.80  277.70    4.49    4.35    4.25    3.73  315.00  312.60  309.00  305.90    4.79    7.40    7.66    7.91
  3 10 81 11  69  271.70  277.40  278.00  278.90    5.23    5.06    4.79    4.04  312.00  312.00  309.80  306.70    4.05    5.11    4.97    5.91
  3 10 81 12  69  270.50  278.20  278.80  279.70    6.44    6.21    5.82    4.82  304.60  304.60  303.20  303.00   11.12   11.71   11.33    9.54
  3 10 81 13  69  270.50  278.50  279.10  279.90    7.54    6.95    6.63    5.65  295.90  297.70  297.60  297.30    5.78    8.03    7.11    5.99
  3 10 81 14  69  270.30  278.60  279.30  280.30    8.45    7.64    7.17    5.99  300.60  300.30  299.20  296.00    7.40    7.84    7.70    7.43
  3 10 81 15  69  270.20  277.50  278.20  279.00    9.73    9.07    8.58    7.05  309.80  309.40  308.10  306.40    8.03    8.92    8.23    9.38
  3 10 81 16  69  269.00  276.70  277.40  278.30    9.18    8.60    8.11    6.61  321.10  321.20  320.80  318.90    5.44    6.34    6.08    6.17
  3 10 81 17  69  268.90  277.00  277.60  278.50    7.75    7.10    6.73    5.42  314.30  313.60  312.00  310.00    7.15    8.30    8.74    9.97
  3 10 81 18  69  268.80  277.20  277.70  278.00    7.03    6.16    5.37    3.88  311.30  310.40  308.90  307.60    3.98    5.07    4.81    5.94
  3 10 81 19  69  268.60  277.10  277.40  276.80    5.75    4.99    4.02    2.49  333.40  334.50  332.80  331.50    7.77    9.12    9.84   10.33
  3 10 81 20  69  268.30  277.00  277.10  276.30    3.33    2.63    1.85    1.02  346.80  349.40  351.20  351.50    6.29    8.34    9.05   11.25
  3 10 81 21  69  268.40  276.50  276.80  275.20    1.45    1.41    1.34    1.35   41.10   69.90   88.32  133.30   23.36   41.02   50.45   61.55
  3 10 81 22  69 -999.99 -999.99 -999.99 -999.99 -999.99 -999.99 -999.99 -999.99 -999.99 -999.99 -999.99 -999.99   19.20    5.11    4.13    2.85
  3 10 81 23  69 -999.99 -999.99 -999.99 -999.99 -999.99 -999.99 -999.99 -999.99 -999.99 -999.99 -999.99 -999.99 -999.99 -999.99 -999.99 -999.99
  3 10 81 24  69 -999.99 -999.99 -999.99 -999.99 -999.99 -999.99 -999.99 -999.99 -999.99 -999.99 -999.99 -999.99 -999.99 -999.99 -999.99 -999.99
  3 11 81  1  70 -999.99 -999.99 -999.99 -999.99 -999.99 -999.99 -999.99 -999.99 -999.99 -999.99 -999.99 -999.99 -999.99 -999.99 -999.99 -999.99
  3 11 81  2  70 -999.99 -999.99 -999.99 -999.99 -999.99 -999.99 -999.99 -999.99 -999.99 -999.99 -999.99 -999.99 -999.99 -999.99 -999.99 -999.99
  3 11 81  3  70 -999.99 -999.99 -999.99 -999.99 -999.99 -999.99 -999.99 -999.99 -999.99 -999.99 -999.99 -999.99 -999.99 -999.99 -999.99 -999.99
  3 11 81  4  70 -999.99 -999.99 -999.99 -999.99 -999.99 -999.99 -999.99 -999.99 -999.99 -999.99 -999.99 -999.99 -999.99 -999.99 -999.99 -999.99
  3 11 81  5  70 -999.99 -999.99 -999.99 -999.99 -999.99 -999.99 -999.99 -999.99 -999.99 -999.99 -999.99 -999.99 -999.99 -999.99 -999.99 -999.99
  3 11 81  6  70 -999.99 -999.99 -999.99 -999.99 -999.99 -999.99 -999.99 -999.99 -999.99 -999.99 -999.99 -999.99 -999.99 -999.99 -999.99 -999.99
  3 11 81  7  70 -999.99 -999.99 -999.99 -999.99 -999.99 -999.99 -999.99 -999.99 -999.99 -999.99 -999.99 -999.99 -999.99 -999.99 -999.99 -999.99
  3 11 81  8  70 -999.99 -999.99 -999.99 -999.99 -999.99 -999.99 -999.99 -999.99 -999.99 -999.99 -999.99 -999.99 -999.99 -999.99 -999.99 -999.99
  3 11 81  9  70 -999.99 -999.99 -999.99 -999.99 -999.99 -999.99 -999.99 -999.99 -999.99 -999.99 -999.99 -999.99 -999.99 -999.99 -999.99 -999.99
  3 11 81 10  70  268.50  273.30  274.00  275.10    6.83    6.05    6.34    5.53  346.80  346.70  344.90  344.60    3.15    5.25    6.75    8.46
  3 11 81 11  70  268.00  274.00  274.70  275.90    7.11    6.65    6.62    5.72  340.60  342.30  340.20  339.50    6.27    6.44    6.80    6.85
  3 11 81 12  70  266.90  274.90  275.50  276.60    6.54    6.27    6.20    5.35  343.00  343.20  341.50  339.50    6.37    6.63    7.95    8.18
  3 11 81 13  70  267.80  276.00  276.60  277.60    6.34    6.10    6.00    5.04  339.80  339.40  336.70  335.50    6.92    8.03    8.90    9.98
  3 11 81 14  70 -999.99 -999.99 -999.99 -999.99 -999.99 -999.99 -999.99 -999.99 -999.99 -999.99 -999.99 -999.99    5.71    7.63    8.44   13.03
  3 11 81 15  70 -999.99 -999.99 -999.99 -999.99 -999.99 -999.99 -999.99 -999.99 -999.99 -999.99 -999.99 -999.99 -999.99 -999.99 -999.99 -999.99
  3 11 81 16  70 -999.99 -999.99 -999.99 -999.99 -999.99 -999.99 -999.99 -999.99 -999.99 -999.99 -999.99 -999.99 -999.99 -999.99 -999.99 -999.99
  3 11 81 17  70 -999.99 -999.99 -999.99 -999.99 -999.99 -999.99 -999.99 -999.99 -999.99 -999.99 -999.99 -999.99 -999.99 -999.99 -999.99 -999.99
  3 11 81 18  70 -999.99 -999.99 -999.99 -999.99 -999.99 -999.99 -999.99 -999.99 -999.99 -999.99 -999.99 -999.99 -999.99 -999.99 -999.99 -999.99
  3 11 81 19  70 -999.99 -999.99 -999.99 -999.99 -999.99 -999.99 -999.99 -999.99 -999.99 -999.99 -999.99 -999.99 -999.99 -999.99 -999.99 -999.99
  3 11 81 20  70 -999.99 -999.99 -999.99 -999.99 -999.99 -999.99 -999.99 -999.99 -999.99 -999.99 -999.99 -999.99 -999.99 -999.99 -999.99 -999.99
  3 11 81 21  70 -999.99 -999.99 -999.99 -999.99 -999.99 -999.99 -999.99 -999.99 -999.99 -999.99 -999.99 -999.99 -999.99 -999.99 -999.99 -999.99
  3 11 81 22  70 -999.99 -999.99 -999.99 -999.99 -999.99 -999.99 -999.99 -999.99 -999.99 -999.99 -999.99 -999.99 -999.99 -999.99 -999.99 -999.99
  3 11 81 23  70 -999.99 -999.99 -999.99 -999.99 -999.99 -999.99 -999.99 -999.99 -999.99 -999.99 -999.99 -999.99 -999.99 -999.99 -999.99 -999.99
  3 11 81 24  70 -999.99 -999.99 -999.99 -999.99    9.20 -999.99 -999.99 -999.99  280.00 -999.99 -999.99 -999.99    4.18 -999.99 -999.99 -999.99
  3 12 81  1  71 -999.99 -999.99 -999.99 -999.99   10.39 -999.99 -999.99 -999.99  270.30 -999.99 -999.99 -999.99    1.45 -999.99 -999.99 -999.99
  3 12 81  2  71 -999.99 -999.99 -999.99 -999.99   10.14 -999.99 -999.99 -999.99  274.60 -999.99 -999.99 -999.99    3.49 -999.99 -999.99 -999.99
  3 12 81  3  71 -999.99 -999.99 -999.99 -999.99   11.14 -999.99 -999.99 -999.99  260.70 -999.99 -999.99 -999.99    2.79 -999.99 -999.99 -999.99
  3 12 81  4  71 -999.99 -999.99 -999.99 -999.99   10.73 -999.99 -999.99 -999.99  263.60 -999.99 -999.99 -999.99    4.38 -999.99 -999.99 -999.99
  3 12 81  5  71 -999.99 -999.99 -999.99 -999.99   10.60 -999.99 -999.99 -999.99  253.60 -999.99 -999.99 -999.99    5.23 -999.99 -999.99 -999.99
  3 12 81  6  71 -999.99 -999.99 -999.99 -999.99   11.75 -999.99 -999.99 -999.99  249.70 -999.99 -999.99 -999.99    1.40 -999.99 -999.99 -999.99
  3 12 81  7  71 -999.99 -999.99 -999.99 -999.99   11.65 -999.99 -999.99 -999.99  241.70 -999.99 -999.99 -999.99    3.41 -999.99 -999.99 -999.99
  3 12 81  8  71 -999.99 -999.99 -999.99 -999.99   11.67 -999.99 -999.99 -999.99  237.80 -999.99 -999.99 -999.99    1.45 -999.99 -999.99 -999.99
  3 12 81  9  71 -999.99 -999.99 -999.99 -999.99   11.43 -999.99 -999.99 -999.99  242.30 -999.99 -999.99 -999.99    1.53 -999.99 -999.99 -999.99
  3 12 81 10  71 -999.99 -999.99 -999.99 -999.99   10.40 -999.99 -999.99 -999.99  244.40 -999.99 -999.99 -999.99    1.50 -999.99 -999.99 -999.99
  3 12 81 11  71 -999.99 -999.99 -999.99 -999.99   11.42 -999.99 -999.99 -999.99  250.30 -999.99 -999.99 -999.99    2.23 -999.99 -999.99 -999.99
  3 12 81 12  71 -999.99 -999.99 -999.99 -999.99 -999.99 -999.99 -999.99 -999.99 -999.99 -999.99 -999.99 -999.99    3.02 -999.99 -999.99 -999.99
  3 12 81 13  71 -999.99 -999.99 -999.99 -999.99   12.96 -999.99 -999.99 -999.99  257.20 -999.99 -999.99 -999.99    2.50 -999.99 -999.99 -999.99
  3 12 81 14  71 -999.99 -999.99 -999.99 -999.99   13.17 -999.99 -999.99 -999.99  260.50 -999.99 -999.99 -999.99    3.04 -999.99 -999.99 -999.99
  3 12 81 15  71 -999.99 -999.99 -999.99 -999.99   12.93 -999.99 -999.99 -999.99  261.10 -999.99 -999.99 -999.99    3.85 -999.99 -999.99 -999.99
  3 12 81 16  71 -999.99 -999.99 -999.99 -999.99   12.71 -999.99 -999.99 -999.99  261.70 -999.99 -999.99 -999.99    3.65 -999.99 -999.99 -999.99
  3 12 81 17  71 -999.99 -999.99 -999.99 -999.99   10.56 -999.99 -999.99 -999.99  272.60 -999.99 -999.99 -999.99    2.94 -999.99 -999.99 -999.99
  3 12 81 18  71 -999.99 -999.99 -999.99 -999.99    9.70 -999.99 -999.99 -999.99  267.90 -999.99 -999.99 -999.99    4.16 -999.99 -999.99 -999.99
  3 12 81 19  71 -999.99 -999.99 -999.99 -999.99    9.36 -999.99 -999.99 -999.99  263.60 -999.99 -999.99 -999.99    4.13 -999.99 -999.99 -999.99
  3 12 81 20  71 -999.99 -999.99 -999.99 -999.99    9.91 -999.99 -999.99 -999.99  265.90 -999.99 -999.99 -999.99    2.23 -999.99 -999.99 -999.99
  3 12 81 21  71 -999.99 -999.99 -999.99 -999.99    8.30 -999.99 -999.99 -999.99  292.60 -999.99 -999.99 -999.99   21.37 -999.99 -999.99 -999.99
  3 12 81 22  71 -999.99 -999.99 -999.99 -999.99    5.37 -999.99 -999.99 -999.99  349.70 -999.99 -999.99 -999.99   14.11 -999.99 -999.99 -999.99
  3 12 81 23  71 -999.99 -999.99 -999.99 -999.99    5.21 -999.99 -999.99 -999.99   10.64 -999.99 -999.99 -999.99    4.59 -999.99 -999.99 -999.99
  3 12 81 24  71 -999.99 -999.99 -999.99 -999.99    6.17 -999.99 -999.99 -999.99   15.77 -999.99 -999.99 -999.99    1.67 -999.99 -999.99 -999.99
  3 13 81  1  72 -999.99 -999.99 -999.99 -999.99    5.21 -999.99 -999.99 -999.99   15.92 -999.99 -999.99 -999.99    1.77 -999.99 -999.99 -999.99
  3 13 81  2  72 -999.99 -999.99 -999.99 -999.99    3.86 -999.99 -999.99 -999.99   22.48 -999.99 -999.99 -999.99    2.64 -999.99 -999.99 -999.99
  3 13 81  3  72 -999.99 -999.99 -999.99 -999.99    2.49 -999.99 -999.99 -999.99    7.02 -999.99 -999.99 -999.99   13.77 -999.99 -999.99 -999.99
  3 13 81  4  72 -999.99 -999.99 -999.99 -999.99    2.92 -999.99 -999.99 -999.99  344.80 -999.99 -999.99 -999.99    3.92 -999.99 -999.99 -999.99
  3 13 81  5  72 -999.99 -999.99 -999.99 -999.99    3.16 -999.99 -999.99 -999.99  324.80 -999.99 -999.99 -999.99    7.82 -999.99 -999.99 -999.99
  3 13 81  6  72 -999.99 -999.99 -999.99 -999.99    3.56 -999.99 -999.99 -999.99  306.10 -999.99 -999.99 -999.99    8.95 -999.99 -999.99 -999.99
  3 13 81  7  72 -999.99 -999.99 -999.99 -999.99    5.73 -999.99 -999.99 -999.99  289.10 -999.99 -999.99 -999.99    2.92 -999.99 -999.99 -999.99
  3 13 81  8  72 -999.99 -999.99 -999.99 -999.99    8.93 -999.99 -999.99 -999.99  315.30 -999.99 -999.99 -999.99   12.94 -999.99 -999.99 -999.99
  3 13 81  9  72 -999.99 -999.99 -999.99 -999.99    5.08 -999.99 -999.99 -999.99  343.50 -999.99 -999.99 -999.99    7.66 -999.99 -999.99 -999.99
  3 13 81 10  72 -999.99 -999.99 -999.99 -999.99 -999.99 -999.99 -999.99 -999.99 -999.99 -999.99 -999.99 -999.99 -999.99 -999.99 -999.99 -999.99
  3 13 81 11  72 -999.99 -999.99 -999.99 -999.99 -999.99 -999.99 -999.99 -999.99 -999.99 -999.99 -999.99 -999.99 -999.99 -999.99 -999.99 -999.99
  3 13 81 12  72 -999.99 -999.99 -999.99 -999.99 -999.99 -999.99 -999.99 -999.99 -999.99 -999.99 -999.99 -999.99 -999.99 -999.99 -999.99 -999.99
  3 13 81 13  72  265.20  281.40  282.00  283.10    7.50    7.05    7.01    6.01  346.50  342.20  340.50  335.40    9.10    9.48    8.85   38.22
  3 13 81 14  72  266.30  281.50  282.10  283.20    8.74    8.10    7.67    6.32  339.70  337.20  335.80  334.70    4.98    6.25    6.91    7.83
  3 13 81 15  72  266.10  281.90  282.60  283.80    9.53    9.11    8.71    7.00  335.70  332.00  330.40  329.80    3.97    4.38    4.51    5.41
  3 13 81 16  72  266.30  282.00  282.60  283.60   10.01    9.27    8.83    7.19  339.30  336.30  334.60  334.00    5.38    6.33    6.50    6.79
  3 13 81 17  72  266.60  282.10  282.80  283.50    9.96    9.28    8.52    6.45  326.30  322.00  320.50  319.80    4.63    4.98    4.95    5.55
  3 13 81 18  72  266.60  281.90  282.40  282.60    9.72    8.88    7.91    6.04  332.00  328.90  326.40  326.30    4.12    4.60    4.26    4.49
  3 13 81 19  72  267.10  281.30  281.40  281.10   10.21    8.63    7.12    4.85  333.40  329.00  326.10  323.20    1.41    1.40    1.08    1.62
  3 13 81 20  72  266.80  280.30  280.30  279.50    9.93    8.31    6.71    4.53  340.10  335.90  332.10  331.20    3.98    3.95    4.76    6.33
  3 13 81 21  72  267.50  278.70  278.80  278.30    8.17    5.27    5.05    3.82  353.00  350.60  347.90  346.70    1.39    1.39    1.34    2.62
  3 13 81 22  72  267.60  277.30  277.30  277.00    7.35    5.40    5.12    3.81  356.20  351.40  348.80  349.00    3.69    1.84    1.50    2.72
  3 13 81 23  72  267.50  276.30  276.20  275.60    5.63    5.24    4.91    3.74  357.20  349.10  345.60  342.50    1.76    1.07    1.49    1.81
  3 13 81 24  72  267.60  275.60  275.30  274.70    6.66    4.34    3.91    2.83  355.20  351.20  349.80  347.10    1.46    1.27    1.69    2.24
  3 14 81  1  73  267.60  274.50  274.40  274.10    6.02    4.76    4.49    3.30  358.50  351.30  348.80  348.00    3.05    1.68    1.66    3.03
  3 14 81  2  73  267.60  273.70  273.40  273.30    4.55    3.87    3.55    2.87    8.93  356.30  351.70  346.50    2.28    1.73    2.02    4.23
  3 14 81  3  73  267.20  273.60  273.00  272.40    6.21    3.32    2.44    2.05   18.36    1.34  353.00  341.90    4.70    3.45    3.63    4.86
  3 14 81  4  73  267.10  273.30  272.70  272.10    5.35    2.57    2.29    1.95   30.60    2.06  343.40  321.10    2.54    2.10    4.76    7.54
  3 14 81  5  73  267.00  272.80  272.40  272.10    2.93    2.28    2.32    1.78   27.08  332.00  312.20  292.90   10.43   22.67   20.03   18.03
  3 14 81  6  73  266.90  272.50  272.70  271.20    1.88    2.61    2.93    2.03   11.34  340.30  319.90  299.60    9.02    7.90    8.83    6.19
  3 14 81  7  73  266.70  272.60  272.50  270.90    1.59    1.64    2.28    1.09   38.44  349.00  326.70  303.10    9.22    5.19    8.40    7.50
  3 14 81  8  73  266.80  272.70  272.70  272.40    0.60    1.63    1.95    1.51 -999.99  341.80  322.40  311.30   10.10    6.81    4.35    4.83
  3 14 81  9  73  268.20  273.50  274.10  274.50    0.87    0.97    0.98    1.02 -999.99  282.80  276.70  263.40    8.33   33.92   29.36   40.79
  3 14 81 10  73  266.90  275.20  275.90  276.50    2.57    2.41    2.20    1.98  250.40  245.00  248.00  249.10    6.74    9.02   12.04   20.36
  3 14 81 11  73  265.70  276.50  277.10  277.90    3.59    3.39    3.21    2.79  248.10  243.90  243.10  243.30    9.80   13.06   14.57   15.62
  3 14 81 12  73  265.70  277.60  278.20  279.10    3.95    3.60    3.38    2.87  248.40  245.20  245.90  248.50   10.76   11.19   12.53   17.58
  3 14 81 13  73  265.70  278.70  279.30  280.20    4.35    4.15    3.95    3.27  259.30  254.80  250.80  248.70   14.86   20.74   21.38   23.42
  3 14 81 14  73  265.20  279.70  280.40  281.20    4.21    3.89    3.77    3.23  280.60  276.00  274.50  274.10   18.55   21.71   24.67   25.11
  3 14 81 15  73  265.30  280.60  281.30  282.00    3.62    3.46    3.30    2.84  254.90  245.00  241.30  238.90   13.31   15.40   15.66   17.42
  3 14 81 16  73  265.50  281.30  281.90  282.60    4.53    4.15    3.82    3.26  237.50  229.50  223.60  218.30    7.15    8.09   11.71   20.49
  3 14 81 17  73  265.10  281.60  282.20  282.80    4.95    4.76    4.43    3.66  237.00  229.30  225.10  225.40    6.50    9.01   10.07   11.43
  3 14 81 18  73  265.30  281.60  282.00  282.20    4.84    4.48    4.03    2.97  227.80  222.10  218.20  217.60    4.57    5.38    5.90    5.52
  3 14 81 19  73  265.00  281.50  281.70  279.80    5.60    5.34    4.76    2.72  220.80  214.50  209.40  203.10    4.75    4.91    4.98    5.17
  3 14 81 20  73  265.10  281.30  281.50  277.00    7.65    7.17    6.32    3.06  208.80  200.10  193.80  188.00    4.17    5.05    5.88    3.98
  3 14 81 21  73  264.30  281.20  280.90  275.60    9.28    8.98    6.84    3.22  208.20  197.40  188.20  185.50    3.71    4.17    2.50    2.04
  3 14 81 22  73  266.20  281.00  280.30  274.80   10.17    9.35    6.82    3.03  209.40  199.10  190.10  190.50    1.30    1.85    1.22    1.34
  3 14 81 23  73  266.20  280.80  279.10  274.20   12.48    9.44    6.55    3.34  207.50  198.40  190.10  193.00    1.38    0.46    0.76    1.88
  3 14 81 24  73  265.20  280.80  278.80  274.30   13.22   10.02    7.25    3.90  204.40  192.90  184.70  185.60    2.09    3.15    2.76    4.75
  3 15 81  1  74  267.90  279.90  277.60  273.90   12.96    9.73    6.91    3.80  207.00  188.40  184.00  183.30    2.24    1.35    1.08    1.04
  3 15 81  2  74  269.40  279.00  276.70  274.40   13.04    9.18    6.56    3.84  208.30  191.90  187.40  190.40    0.48    1.08    1.43    2.75
  3 15 81  3  74  269.80  278.10  276.40  275.10   12.75    8.26    6.21    3.58  215.20  200.80  197.80  199.30    3.39    2.33    3.24    2.95
  3 15 81  4  74  269.80  277.70  276.00  274.30   11.77    8.15    5.93    3.31  217.10  199.80  198.00  196.40    1.10    1.23    0.82    2.30
  3 15 81  5  74  269.80  277.40  275.10  273.10   12.54    7.63    5.27    2.65  220.10  203.60  199.80  198.40    1.22    1.95    2.69    4.73
  3 15 81  6  74  269.90  277.30  275.10  273.50   12.92    7.92    6.04    3.60  215.70  199.40  196.90  196.90    1.66    2.24    3.01    4.59
  3 15 81  7  74  270.20  276.70  275.40  275.00   12.22    7.86    6.38    4.05  222.00  207.30  204.50  206.80    3.02    2.78    2.14    2.10
  3 15 81  8  74  270.60  277.40  276.40  276.30   12.66    9.07    7.69    5.46  230.80  213.50  210.80  211.30    1.30    1.46    2.02    2.81
  3 15 81  9  74  271.90  277.60  277.00  277.10   11.78    8.74    7.54    5.31  227.60  211.50  209.10  209.50    2.66    3.66    3.38    3.22
  3 15 81 10  74  274.10  278.30  278.30  278.50   11.75    9.36    8.02    5.73  228.40  217.10  215.40  215.80    1.30    2.67    3.33    4.87
  3 15 81 11  74  276.30  280.10  280.20  280.40   12.42   10.17    8.26    5.73  236.80  226.70  226.00  224.30    1.36    2.08    2.29    2.09
  3 15 81 12  74  277.30  282.20  282.80  283.40   12.21   11.17    9.50    6.75  237.60  229.10  228.70  230.20    2.29    2.57    2.84    4.39
  3 15 81 13  74  277.50  283.60  284.30  285.20   12.09   11.56   10.02    7.48  239.10  231.10  230.70  233.60    1.92    2.67    2.78    3.55
  3 15 81 14  74  278.20  284.10  284.80  285.70   10.57   10.07    8.94    6.71  237.30  228.70  229.20  231.60    1.90    2.27    2.78    5.19
  3 15 81 15  74  278.60  284.40  285.00  286.00    9.70    9.38    8.33    6.11  235.30  226.40  225.90  228.90    3.60    3.65    4.43    5.72
  3 15 81 16  74  278.90  284.20  284.90  285.70    9.87    9.45    8.25    6.02  237.50  227.80  227.50  227.60    2.37    2.31    2.44    5.39
  3 15 81 17  74  279.20  284.70  285.30  285.90    9.11    8.75    7.82    5.84  242.20  233.10  233.10  236.50    3.61    3.65    3.11    6.01
  3 15 81 18  74  279.30  284.80  285.00  285.00    9.50    7.92    6.25    3.91  242.20  231.80  231.30  235.50    1.61    1.65    1.50    3.34
  3 15 81 19  74  278.80  284.90  284.50  284.30    8.63    6.58    5.32    3.82  261.70  249.10  250.10  258.20   15.24   14.50   15.38   13.42
  3 15 81 20  74  272.60  285.70  285.80  285.10    9.01    7.43    6.09    4.06  338.70  334.10  332.40  330.10   10.44   11.50   10.32   10.02
  3 15 81 21  74  272.00  285.10  284.80  283.90   10.90    8.46    6.36    4.07  322.40  311.90  307.90  305.50    6.30    7.82    7.67    8.34
  3 15 81 22  74  271.20  283.70  283.70  283.20   14.48   12.62   10.90    7.89  336.80  331.00  328.90  327.30    8.18   10.51   11.20   11.08
  3 15 81 23  74  270.10  282.20  282.50  282.30   13.76   12.36   11.09    8.49  338.40  334.20  331.90  329.90    0.94    1.08    1.09    1.57
  3 15 81 24  74  270.00  280.30  280.60  280.60   13.79   11.94   11.07    8.56    1.36  355.20  352.50  352.00   18.91   18.42   17.98   19.12
  3 16 81  1  75  270.80  276.80  277.20  277.30   12.27   10.98    9.99    7.67   28.68   21.95   18.98   21.51    2.96    3.16    2.67    3.27
  3 16 81  2  75  270.80  275.70  276.10  276.30   10.64    9.31    8.44    6.55   22.61   17.33   15.17   15.50    2.51    2.45    2.40    3.42
  3 16 81  3  75  269.70  274.70  275.10  275.40    7.57    7.18    6.51    4.97   13.74    5.59    2.16    1.52    2.34    3.35    3.04    4.02
  3 16 81  4  75  267.70  273.40  273.80  274.20    7.11    7.65    7.47    5.85   10.18    2.33    0.12    0.71    1.87    2.57    1.87    2.63
  3 16 81  5  75  267.40  272.00  272.50  273.00    8.22    9.10    8.89    7.36   11.82    4.65    2.70    3.87    1.28    1.17    1.46    1.37
  3 16 81  6  75  267.40  270.50  271.10  271.70    7.61    8.30    8.44    6.98   11.63    3.71    1.85    2.63    1.29    1.54    1.72    2.64
  3 16 81  7  75  265.50  269.50  270.10  270.70    8.11    8.73    8.88    7.56   11.43    4.34    2.43    3.64    1.41    1.91    1.68    3.21
  3 16 81  8  75  264.80  269.40  270.10  270.80    9.63   10.09    9.52    7.81   18.46   13.37   11.09   12.57    2.58    4.00    4.02    5.15
  3 16 81  9  75  264.90  269.80  270.50  271.30    6.10    7.04    7.16    6.19   11.55    6.53    4.16    4.37    5.08    5.53    5.79    5.43
  3 16 81 10  75  264.00  270.60  271.30  272.30    6.02    6.70    6.62    5.85    9.19    4.01    1.77    3.45    5.85    6.50    6.31    7.09
  3 16 81 11  75  263.50  272.10  272.80  273.80    4.96    4.99    4.86    4.21  349.80  343.30  341.20  342.20    7.43    7.19    7.79    8.54
  3 16 81 12  75  262.20  273.40  274.00  275.00    5.12    4.93    4.96    4.13  345.30  339.90  338.00  340.60    8.81   10.33   11.52   12.56
  3 16 81 13  75  261.20  274.70  275.30  276.40    4.99    4.68    4.52    3.81  336.40  331.80  329.60  330.30    8.05    9.46    9.94   10.05
  3 16 81 14  75  260.60  276.00  276.60  277.60    4.81    4.49    4.43    3.76  323.10  313.90  311.10  311.20   14.45   16.69   18.02   20.21
  3 16 81 15  75  260.10  277.10  277.60  278.60    5.84    5.37    5.12    4.27  314.90  310.80  308.40  308.90    8.01    8.30    8.63    9.67
  3 16 81 16  75  260.80  278.20  278.70  279.60    5.84    5.50    5.22    4.53  296.70  296.30  296.30  296.40    8.48    7.11    7.70    8.57
  3 16 81 17  75  261.10  278.80  279.30  280.10    6.17    5.68    5.35    4.45  288.20  283.00  282.20  282.90    8.98   10.25   10.86   10.67
  3 16 81 18  75  261.00  278.90  279.40  279.90    5.67    4.77    4.58    3.79  281.30  272.80  269.40  268.20    4.39    5.31    5.65    6.74
  3 16 81 19  75  261.90  278.80  278.90  278.40    4.97    4.09    3.55    2.41  278.20  266.90  261.80  254.00    3.42    3.22    4.26    7.87
  3 16 81 20  75  261.80  278.70  278.50  277.10    5.62    4.36    3.64    2.41  282.10  270.40  264.70  247.70    1.95    3.22    4.95    8.43
  3 16 81 21  75  260.90  278.60  278.50  276.50    4.73    3.73    3.38    2.17  285.20  272.50  265.20  245.10    4.62    4.80    6.14    7.58
  3 16 81 22  75  260.90  278.70  278.40  273.40    5.92    5.69    4.92    2.27  253.10  240.60  228.00  219.00   14.73   15.80   16.54    9.05
  3 16 81 23  75  262.40  278.80  278.00  273.10    8.67    8.20    5.95    2.62  239.50  221.90  215.80  221.10    1.07    1.61    2.00    3.20
  3 16 81 24  75  263.50  279.20  275.50  272.80   10.90    7.47    5.24    2.61  241.30  220.30  211.00  212.10    1.42    3.12    3.60    3.84
  3 17 81  1  76  264.50  278.90  275.50  272.70   12.09    7.86    5.35    2.75  243.80  219.00  210.80  214.60    2.17    3.69    3.30    3.46
  3 17 81  2  76  265.50  277.70  275.20  272.50   11.33    7.73    5.22    2.46  242.60  219.60  209.70  211.80    0.60    2.17    0.87    1.76
  3 17 81  3  76  265.90  277.70  275.50  272.70   12.71    7.92    5.28    2.13  250.10  234.50  227.50  229.10    3.79    4.50    8.96    8.98
  3 17 81  4  76  265.40  279.10  276.30  274.10   12.22    8.07    5.25    2.31  251.70  232.60  229.90  234.00    4.05    5.52    4.27    5.63
  3 17 81  5  76  265.70  278.60  275.20  272.90   11.06    6.96    4.37    1.75  249.40  223.70  215.80  219.60    3.36    2.75    3.64    3.66
  3 17 81  6  76  265.90  278.60  276.50  272.40    7.64    6.69    5.05    1.92  242.10  211.50  200.40  212.60    8.04    8.43    9.84   11.90
  3 17 81  7  76  266.90  276.90  275.20  272.60    7.75    6.14    4.11    1.31  220.80  185.10  169.50  168.70    5.11    6.70    8.09   14.72
  3 17 81  8  76  267.80  276.00  275.30  275.50    5.66    3.58    2.84    2.13  227.70  201.50  190.70  184.20    5.92   12.13   21.15   47.91
  3 17 81  9  76  268.90  277.50  277.60  278.20    5.87    4.92    4.62    3.84  236.00  216.40  212.60  213.90    1.60    2.58    3.84    4.17
  3 17 81 10  76 -999.99 -999.99 -999.99 -999.99 -999.99 -999.99 -999.99 -999.99 -999.99 -999.99 -999.99 -999.99    1.55    2.85    4.40    7.40
  3 17 81 11  76 -999.99 -999.99 -999.99 -999.99 -999.99 -999.99 -999.99 -999.99 -999.99 -999.99 -999.99 -999.99 -999.99 -999.99 -999.99 -999.99
  3 17 81 12  76 -999.99 -999.99 -999.99 -999.99 -999.99 -999.99 -999.99 -999.99 -999.99 -999.99 -999.99 -999.99 -999.99 -999.99 -999.99 -999.99
  3 17 81 13  76 -999.99 -999.99 -999.99 -999.99 -999.99 -999.99 -999.99 -999.99 -999.99 -999.99 -999.99 -999.99 -999.99 -999.99 -999.99 -999.99
  3 17 81 14  76 -999.99 -999.99 -999.99 -999.99 -999.99 -999.99 -999.99 -999.99 -999.99 -999.99 -999.99 -999.99 -999.99 -999.99 -999.99 -999.99
  3 17 81 15  76 -999.99 -999.99 -999.99 -999.99 -999.99 -999.99 -999.99 -999.99 -999.99 -999.99 -999.99 -999.99 -999.99 -999.99 -999.99 -999.99
  3 17 81 16  76 -999.99 -999.99 -999.99 -999.99 -999.99 -999.99 -999.99 -999.99 -999.99 -999.99 -999.99 -999.99 -999.99 -999.99 -999.99 -999.99
  3 17 81 17  76  270.10  280.50  281.00  281.70   10.50    9.85    9.18    7.91   51.12   54.44   49.63   52.81    2.70    2.28    2.46    2.63
  3 17 81 18  76  268.40  279.00  279.40  280.00   11.43   10.40    9.57    7.95   46.79   50.01   45.47   48.95    2.22    2.29    2.11    2.67
  3 17 81 19  76  265.50  277.40  277.90  278.30    9.49    8.65    8.09    6.82   46.94   50.20   45.75   48.64    3.73    3.85    4.09    5.02
  3 17 81 20  76  265.70  275.40  275.90  276.50   11.99   10.79   10.05    8.79   54.79   56.90   51.18   54.41    1.79    2.04    1.61    1.71
  3 17 81 21  76  266.20  273.60  274.10  274.80   12.24   11.19   10.46    9.23   55.35   57.68   52.16   54.67    1.48    1.36    1.25    1.47
  3 17 81 22  76  265.20  272.30  272.80  273.40   12.51   11.40   10.64    9.31   55.87   58.71   53.97   57.16    1.43    2.42    3.19    3.29
  3 17 81 23  76  264.30  271.70  272.20  272.70   11.18   10.11    9.43    8.18   53.48   56.27   50.99   53.91    1.68    1.26    2.18    2.44
  3 17 81 24  76  264.40  270.70  271.20  271.70   12.08   10.90   10.16    8.59   49.51   52.20   47.17   49.71    1.47    1.87    1.47    1.86
  3 18 81  1  77  264.50  269.90  270.40  271.00    9.99    8.97    8.49    7.32   53.29   54.92   49.15   51.02    1.75    1.87    0.72    2.20
  3 18 81  2  77  264.80  269.80  270.20  270.80    9.10    8.29    7.82    6.77   52.62   53.99   48.54   51.16    1.60    1.62    1.93    1.52
  3 18 81  3  77  264.50  269.70  270.20  270.60    8.11    7.40    6.94    5.93   51.76   52.92   47.58   50.15    1.18    1.41    1.59    2.18
  3 18 81  4  77  264.50  269.10  269.50  269.90    6.92    6.09    5.67    4.60   44.99   46.06   41.31   43.84    2.35    1.71    1.50    2.00
  3 18 81  5  77  264.70  268.30  268.60  268.70    7.12    5.89    5.35    4.20   43.46   39.84   30.98   30.45    1.33    3.45    5.38    6.77
  3 18 81  6  77  264.90  267.70  267.90  268.20    6.62    5.52    4.91    3.80   32.51   28.42   20.58   19.35    7.91    7.50    5.40    4.32
  3 18 81  7  77  265.30  267.20  267.60  268.10    6.89    5.51    5.06    4.29   20.83   17.87   11.88   13.47    2.37    2.72    3.64    3.48
  3 18 81  8  77  265.30  268.00  268.60  269.30    7.04    6.47    6.16    5.35   24.61   25.00   19.90   22.42    2.63    3.03    3.48    2.62
  3 18 81  9  77  265.40  269.30  270.00  270.90    7.40    7.35    7.10    6.15   19.26   23.34   18.22   19.96    2.62    4.20    3.75    4.04
  3 18 81 10  77  265.00  270.40  271.10  272.00    7.20    7.33    7.16    6.33   12.50   14.40    9.07   11.10    5.22    5.47    5.30    6.20
  3 18 81 11  77  263.80  271.50  272.20  273.20    6.69    6.68    6.65    5.79    7.95   10.63    6.16    7.60    8.97    8.63    8.54    7.71
  3 18 81 12  77  262.10  272.70  273.30  274.30    6.04    6.23    6.77    5.98  352.40  355.10  351.60  353.90    5.88    5.82    6.16    8.10
  3 18 81 13  77  261.50  273.90  274.50  275.70    8.42    8.06    8.16    6.94  343.60  347.10  343.10  344.90    7.87    7.76    8.07    9.10
  3 18 81 14  77  261.80  274.50  275.20  276.40    9.09    8.16    8.00    6.74  332.10  337.30  334.10  334.90    5.52    6.10    6.68    6.49
  3 18 81 15  77  262.00  275.40  276.00  277.20    9.81    9.18    8.96    7.25  330.50  335.00  331.00  332.00    6.32    8.29    8.96    9.68
  3 18 81 16  77  262.20  276.40  277.00  278.20   11.66   10.99   10.32    8.11  321.60  326.70  323.50  323.30    7.64    9.08    9.81   10.34
  3 18 81 17  77  262.90  276.90  277.60  278.40   11.99   11.17   10.38    8.24  324.20  328.20  324.70  324.70    5.43    5.54    5.58    5.91
  3 18 81 18  77  263.30  276.80  277.40  277.90   12.06   10.99    9.86    7.25  320.50  323.30  319.50  319.60    4.58    4.22    4.49    4.56
  3 18 81 19  77  263.20  276.70  277.10  277.40   10.83    9.52    8.32    5.84  322.00  324.70  321.00  319.50    5.01    4.26    3.91    4.47
  3 18 81 20  77  264.70  275.90  276.40  276.80    9.03    8.14    8.04    6.48  347.90  351.30  347.00  347.70    9.39    8.57    8.48    9.05
  3 18 81 21  77  266.30  274.50  275.00  275.50    4.55    4.99    5.45    4.57  353.20  357.70  354.60  355.90    4.40    4.35    4.22    4.48
  3 18 81 22  77  266.30  274.10  274.60  275.10    8.37    8.00    7.78    6.32  343.20  347.40  343.30  344.40    6.72    6.49    5.76    6.42
  3 18 81 23  77  266.30  273.00  273.60  274.20    5.65    5.86    6.21    5.34  352.50  357.40  353.70  355.20    4.18    4.12    4.50    5.24
  3 18 81 24  77  266.40  272.20  272.70  273.20    5.54    5.57    5.88    5.02  351.20  354.40  351.20  351.70    3.27    4.00    3.86    4.79
  3 19 81  1  78  266.50  271.70  272.10  272.40    4.85    4.71    4.79    4.01  351.30  352.00  347.00  346.00    5.12    5.81    6.23    7.45
  3 19 81  2  78  267.40  271.00  271.50  271.90    5.17    4.44    4.03    3.27  345.50  346.80  342.00  342.20   11.15   11.66   11.82   14.13
  3 19 81  3  78  265.30  270.40  270.60  271.00    7.31    5.97    5.16    4.07  319.40  313.40  308.60  306.80    7.21    8.16    8.42    8.77
  3 19 81  4  78  264.30  269.70  269.80  269.90    9.68    7.93    6.33    4.00  321.00  318.70  313.80  313.50    2.05    3.64    3.49    2.13
  3 19 81  5  78  264.40  269.20  269.30  269.40    9.07    7.26    5.90    4.01  321.80  322.20  318.40  316.20    3.31    1.34    1.16    2.71
  3 19 81  6  78  264.40  268.90  269.10  269.20    8.82    7.69    6.21    3.91  321.60  318.80  313.70  312.80    1.12    2.05    2.55    2.63
  3 19 81  7  78  263.30  268.80  269.20  269.40    9.71    8.25    7.26    5.31  327.40  327.60  322.60  321.30    4.12    4.27    4.09    4.37
  3 19 81  8  78  263.00  268.90  269.50  270.10    8.84    8.42    8.03    6.64  329.10  332.20  328.80  328.80    2.31    2.79    3.27    3.74
  3 19 81  9  78  262.70  269.50  270.20  271.10    8.91    8.14    7.90    6.47  332.60  336.60  332.60  332.90    4.84    4.88    5.01    5.63
  3 19 81 10  78  262.30  270.40  271.10  272.20    9.97    9.34    8.93    7.22  330.10  333.50  329.80  328.70    7.06    7.58    7.81    8.49
  3 19 81 11  78  262.50  271.50  272.10  273.30   10.60   10.04    9.59    7.69  321.00  325.40  321.90  321.40    4.82    5.74    5.76    6.95
  3 19 81 12  78  263.20  272.60  273.30  274.40   10.66    9.79    9.21    7.16  316.20  318.90  315.30  315.80    5.38    5.28    5.57    5.83
  3 19 81 13  78  263.20  273.60  274.30  275.30   11.59   10.93   10.16    7.91  320.50  324.50  321.10  319.70    5.06    5.82    5.77    6.88
  3 19 81 14  78  263.40  274.40  275.10  276.20   12.85   12.06   11.16    8.61  316.40  320.30  316.80  315.90    5.00    5.35    5.80    7.29
  3 19 81 15  78  263.70  275.10  275.80  276.80   13.41   12.28   11.23    8.68  314.20  317.70  314.60  313.40    5.16    6.00    6.40    8.25
  3 19 81 16  78  264.40  275.30  276.10  277.00   14.47   13.41   11.99    9.06  316.30  320.00  316.70  315.90    4.06    4.16    4.64    5.93
  3 19 81 17  78  264.70  275.80  276.40  277.10   13.50   12.62   11.50    8.78  320.80  324.40  321.10  319.90    4.28    5.13    5.31    5.95
  3 19 81 18  78  264.80  276.20  276.70  277.10   11.80   10.90   10.09    7.87  325.80  329.40  326.70  325.80    2.51    3.35    3.59    4.72
  3 19 81 19  78  265.40  276.10  276.60  276.90    9.31    8.34    7.56    5.86  328.80  331.90  328.80  328.90    3.27    3.68    3.41    3.40
  3 19 81 20  78  265.90  275.90  276.30  276.60    8.77    7.13    6.44    5.16  339.50  342.90  339.50  338.90    1.99    2.23    2.54    2.09
  3 19 81 21  78  266.50  275.80  276.20  276.50    9.06    7.55    7.06    5.73  341.50  345.10  341.70  341.60    3.50    3.56    3.42    5.07
  3 19 81 22  78  267.10  275.50  275.90  276.20    8.86    7.47    6.97    5.56  339.90  343.00  339.30  339.10    4.86    5.89    6.12    6.65
  3 19 81 23  78  266.80  275.00  275.40  275.80    5.87    4.87    4.77    3.82  348.60  352.40  348.60  348.90    6.13    6.38    6.62    6.25
  3 19 81 24  78  265.60  274.30  274.70  274.50    5.25    4.23    3.83    2.71  345.30  347.10  342.90  341.10    1.89    4.83    5.29    6.87
  3 20 81  1  79  265.60  273.90  274.30  273.50    5.17    4.63    4.04    2.66  338.00  336.90  329.80  323.10    3.60    4.94    7.48   11.10
  3 20 81  2  79  266.40  273.30  273.10  272.80    7.20    5.84    4.53    3.13  314.20  306.60  296.60  294.10    3.85    4.58    4.49    4.37
  3 20 81  3  79  266.60  272.30  272.00  271.70    9.52    7.11    5.54    3.78  315.70  312.20  306.10  304.70    3.75    5.66    7.08    7.67
  3 20 81  4  79  266.70  271.70  271.70  271.40    8.68    6.73    5.20    3.38  321.60  318.80  311.80  308.60    4.02    4.79    6.19    6.81
  3 20 81  5  79  266.70  271.20  271.10  270.80    9.16    6.96    5.30    3.69  316.70  312.10  304.70  302.50    3.45    4.28    3.99    4.53
  3 20 81  6  79  266.70  270.70  270.50  270.40    8.10    6.27    4.78    3.48  313.90  308.40  301.50  300.10    2.03    4.61    4.92    4.44
  3 20 81  7  79  266.60  270.50  270.40  270.30    8.64    6.47    5.00    3.51  316.50  312.60  305.10  303.70    5.11    7.26    6.86    6.53
  3 20 81  8  79  267.00  270.70  271.20  271.90    7.92    7.14    6.64    5.30  322.30  323.00  319.50  319.30    8.49   10.38   10.21   10.56
  3 20 81  9  79  267.20  271.80  272.50  273.40    7.12    6.64    6.51    5.44  337.50  341.40  338.00  339.00    5.32    6.09    6.10    7.27
  3 20 81 10  79  267.00  272.80  273.50  274.70    6.67    6.33    6.02    4.91  324.50  327.30  323.80  324.20    4.87    5.42    5.22    7.30
  3 20 81 11  79  267.20  274.10  274.70  276.00    7.05    6.59    6.20    5.15  316.60  321.80  317.20  317.00    3.65    4.70    5.15    4.95
  3 20 81 12  79  267.20  275.50  276.10  277.20    6.97    6.47    6.14    5.03  315.60  320.30  316.90  317.70    6.46    7.16    7.58    8.29
  3 20 81 13  79  267.00  277.00  277.70  278.80    7.53    6.98    6.65    5.52  309.30  313.50  309.80  310.70    4.97    7.16    8.74   10.14
  3 20 81 14  79  266.70  278.40  279.10  280.20    8.71    8.19    7.70    6.36  307.60  311.40  308.20  308.60    4.17    4.55    4.89    5.47
  3 20 81 15  79  266.40  279.30  280.00  280.90    7.68    7.09    6.78    5.69  296.00  299.60  297.50  298.70   12.20   13.02   13.01   12.47
  3 20 81 16  79  265.90  280.00  280.60  281.50    7.23    6.70    6.42    5.39  293.90  298.30  296.20  297.70    5.78    6.32    5.67    5.99
  3 20 81 17  79  265.70  280.20  280.90  281.90    7.48    6.77    6.43    5.41  291.70  297.70  294.40  296.30    7.04    6.82    6.62    7.25
  3 20 81 18  79  265.70  280.00  280.50  281.00    6.86    5.90    5.28    4.09  300.20  303.80  300.30  300.40    7.09    5.91    7.19    6.85
  3 20 81 19  79  265.60  279.70  280.00  279.70    5.55    4.64    3.64    2.32  298.80  303.50  299.00  297.70    7.29    8.51    8.77    7.25
  3 20 81 20  79  265.40  279.60  279.80  279.00    4.03    3.47    2.68    1.67  314.20  313.30  304.00  287.60    5.64    6.65    9.83   19.35
  3 20 81 21  79  265.00  279.50  279.80  278.50    3.80    3.08    2.44    1.37  314.60  309.30  295.60  270.70    2.52    3.32    3.67   10.47
  3 20 81 22  79  265.00  279.50  279.50  277.30    3.71    2.93    2.16    1.87  301.20  295.00  282.60  248.00    4.36    5.38    7.10   11.71
  3 20 81 23  79  265.20  279.50  279.60  277.20    3.08    2.39    1.69    1.62  298.40  293.00  279.30  239.20    4.23    5.01    7.39   10.88
  3 20 81 24  79  265.10  279.50  279.60  277.20    2.85    2.36    1.71    1.09  311.80  308.70  294.30  254.90    7.22    7.32   13.06   31.50
  3 21 81  1  80  265.90  278.10  278.00  276.70    2.42    2.13    1.53    0.82    6.07   22.79   28.32   67.94   28.92   41.81   52.04   66.90
  3 21 81  2  80  265.40  278.40  277.90  276.20    3.73    2.60    2.31    1.43   53.99   74.46   93.51  117.80   14.36    5.21    8.24   13.49
  3 21 81  3  80  264.70  278.30  277.40  275.70    4.51    3.51    2.99    1.41   84.58   94.08  105.80  105.70    2.37    4.05    3.83    9.19
  3 21 81  4  80  264.80  277.70  276.70  275.30    4.20    2.75    2.26    1.49  101.30  134.30  151.80  174.90   10.45   17.70   25.63   29.94
  3 21 81  5  80  264.70  277.90  276.90  275.00    4.34    3.18    2.47    1.18  119.90  140.60  151.20  183.20    4.65    5.11    3.19    8.06
  3 21 81  6  80  264.70  277.70  277.10  275.20    5.93    4.54    3.40    1.79  119.70  128.20  117.70   94.99    6.66   13.23   20.20   33.44
  3 21 81  7  80  264.60  277.50  276.70  275.70    7.96    5.64    4.40    2.93  108.80  108.50   92.81   82.67    2.12    5.73    5.36    2.88
  3 21 81  8  80  265.50  277.10  277.00  277.30    7.45    5.15    4.34    3.41  116.60  118.60  109.90  109.10    3.84    6.45    6.80    6.77
  3 21 81  9  80  266.60  277.60  278.00  278.60    5.87    4.95    4.67    3.90  121.20  123.80  114.80  113.70    5.85    6.48    6.39    6.20
  3 21 81 10  80  267.40  278.50  279.00  279.70    5.43    5.20    4.99    4.05  129.80  134.00  124.60  124.20    5.81    6.20    6.26    8.54
  3 21 81 11  80  268.60  279.00  279.50  280.20    7.05    6.85    6.49    5.20  148.70  154.00  144.90  145.70    2.35    3.02    3.87    3.79
  3 21 81 12  80  270.00  278.90  279.40  280.10    6.95    6.89    6.68    5.39  148.50  154.70  145.70  146.70    2.52    3.12    3.57    2.83
  3 21 81 13  80  272.20  278.50  279.00  279.70    6.47    6.34    6.02    4.81  148.30  154.90  146.30  146.50    3.69    5.17    5.64    6.61
  3 21 81 14  80  272.40  279.50  280.00  280.90    6.27    6.15    5.92    5.05  119.90  124.90  116.00  115.00   13.54   14.09   14.93   16.14
  3 21 81 15  80  271.60  280.50  281.10  281.90    6.93    6.77    6.60    6.04   98.88  102.80   94.41   93.39    4.61    5.60    6.27    6.16
  3 21 81 16  80  270.20  281.60  282.20  283.00    7.86    7.44    7.20    6.51   98.89  102.90   93.15   92.70    3.31    4.21    4.52    4.88
  3 21 81 17  80  269.80  282.00  282.60  283.10    8.04    7.53    7.08    6.08  106.40  111.00  101.60  101.10    3.64    3.80    4.35    4.29
  3 21 81 18  80  270.00  281.70  282.20  282.40    7.89    6.78    6.14    4.58  122.60  127.60  119.60  119.10    3.33    3.26    3.76    4.62
  3 21 81 19  80  270.00  281.40  281.70  281.80    7.19    5.55    4.73    3.33  123.90  127.40  118.00  116.40    1.80    2.57    2.84    4.20
  3 21 81 20  80  270.10  281.40  281.60  281.40    7.64    5.92    4.85    3.46  118.20  119.40  108.80  106.50    2.80    3.39    4.15    4.74
  3 21 81 21  80  269.80  281.70  281.90  281.90    9.45    7.83    6.93    5.62  100.00  100.50   89.49   87.38    5.57    4.88    5.36    6.15
  3 21 81 22  80  269.90  281.50  281.70  281.70    8.74    7.25    6.25    4.98   91.82   91.60   81.50   80.74   13.22   17.37   19.48   20.70
  3 21 81 23  80  270.00  280.30  280.70  280.90    9.64    7.96    7.03    5.77   77.39   78.65   68.86   68.32    2.52    4.44    5.36    4.68
  3 21 81 24  80  270.50  279.60  280.00  280.30    9.66    8.04    7.05    5.89   79.12   80.66   71.32   70.95    1.19    1.46    1.55    1.77
  3 22 81  1  81  270.60  279.20  279.60  279.90    9.42    7.83    7.07    5.99   79.51   82.23   73.17   72.81    1.65    2.11    2.49    2.62
  3 22 81  2  81  270.50  278.60  279.00  279.30    9.62    8.08    7.27    6.17   78.81   80.88   71.80   71.94    1.81    2.09    2.60    3.13
  3 22 81  3  81  270.50  278.00  278.40  278.80    9.96    8.34    7.49    6.41   80.12   81.79   73.40   71.99    2.50    2.82    3.48    3.40
  3 22 81  4  81  270.60  277.00  277.40  277.70    9.33    7.95    7.09    5.93   71.52   72.68   62.82   62.32    3.38    3.46    3.59    3.12
  3 22 81  5  81  270.40  275.50  276.00  276.30    9.56    7.91    7.01    5.97   71.57   72.83   63.31   62.65    1.02    1.00    1.68    1.98
  3 22 81  6  81  270.30  275.40  275.80  276.20   10.00    8.36    7.45    6.31   73.34   76.92   67.26   66.56    0.45    1.03    1.77    1.98
  3 22 81  7  81  270.00  275.30  275.70  276.10    9.59    7.99    7.11    6.13   74.76   76.90   68.23   67.16    3.23    3.72    3.86    4.36
  3 22 81  8  81  270.30  275.00  275.50  276.00    8.61    7.27    6.56    5.70   63.43   65.11   56.90   56.55    3.28    2.74    2.12    2.36
  3 22 81  9  81  270.60  275.50  276.10  276.60    6.52    6.14    5.73    5.24   58.32   62.32   53.99   57.38    1.90    3.04    4.29    4.02
  3 22 81 10  81  270.90  276.20  276.70  277.40    6.26    6.23    6.07    5.30   45.93   49.50   41.07   46.31    5.72    7.52    7.90    8.95
  3 22 81 11  81  270.70  276.80  277.40  278.20    6.43    6.32    6.22    5.46   45.25   48.79   40.62   45.94    3.56    4.08    4.59    5.28
  3 22 81 12  81  270.50  278.50  279.10  279.90    7.28    7.14    6.91    6.07   45.49   49.40   44.74   48.38    5.91    6.18    7.20    6.83
  3 22 81 13  81  269.50  280.00  280.60  281.40    8.82    8.20    7.79    6.91   52.72   56.34   52.12   53.57    5.20    5.72    5.60    6.24
  3 22 81 14  81  268.80  280.60  281.20  282.10    9.47    9.04    8.63    7.49   46.49   50.95   46.48   48.05    4.73    5.42    5.23    5.05
  3 22 81 15  81  268.20  281.10  281.80  282.80   10.22    9.66    9.26    7.92   36.65   40.47   36.48   39.02    8.50    9.31    9.57    9.23
  3 22 81 16  81  268.10  281.70  282.30  283.20   10.61   10.06    9.69    8.17   33.53   37.31   31.80   34.00    5.29    5.89    6.52    6.52
  3 22 81 17  81  267.10  281.60  282.10  282.80   10.73   10.16    9.64    7.98   22.73   25.20   19.83   22.27    6.28    7.30    8.07    8.81
  3 22 81 18  81  267.20  281.30  281.80  282.10   10.10    9.38    8.80    7.23   31.86   35.26   30.40   33.35    4.71    6.07    6.39    6.54
  3 22 81 19  81  267.30  280.50  280.80  280.60    8.95    7.51    6.80    4.97   33.02   34.82   28.77   27.92    1.84    3.22    4.31    6.14
  3 22 81 20  81  267.20  279.90  279.80  279.30    9.71    7.32    6.31    4.19   28.20   25.22   17.11   17.14    2.80    3.41    3.30    4.63
  3 22 81 21  81  267.00  279.00  278.70  277.80   10.48    7.85    6.69    4.29   36.23   32.85   24.57   22.84    1.34    1.67    1.03    1.91
  3 22 81 22  81  266.80  277.40  277.40  277.00   10.75    8.60    7.56    5.55   37.46   38.25   31.74   31.16    2.71    3.16    2.86    3.17
  3 22 81 23  81  266.60  275.90  276.10  276.00    9.89    7.64    6.50    4.64   45.61   46.62   41.64   44.02    1.56    1.18    1.70    2.78
  3 22 81 24  81  266.40  275.10  275.20  274.90    9.26    6.87    5.90    4.23   43.87   42.67   36.11   36.15    2.29    3.84    4.91    7.20
  3 23 81  1  82 -999.99  274.10  274.00  273.80    8.31    5.95    5.09    3.56   33.23   22.86   13.75   10.54    1.99    2.05    1.55    2.07
  3 23 81  2  82 -999.99  273.20  273.00  272.90    8.22    5.71    4.65    3.07   30.69   21.32   11.14    6.90    3.06    3.82    6.16    8.93
  3 23 81  3  82  267.10  273.10  272.80  272.20    8.05    5.71    4.82    3.17   43.57   33.79   24.46   21.44    5.52    6.85    5.83    4.73
  3 23 81  4  82  267.40  272.40  272.00  271.70    6.97    4.94    3.81    2.97   34.57   20.71    4.91  358.10    8.16    9.97   11.55   13.45
  3 23 81  5  82  268.00  272.30  271.70  271.30    6.95    4.57    3.56    2.52   37.31   21.50    4.04  354.20    1.22    2.70    4.61    9.09
  3 23 81  6  82  268.40  272.00  271.00  270.70    7.15    4.78    3.07    2.61   30.75   11.81  355.60  345.90    3.26    4.46    2.96    3.80
  3 23 81  7  82  268.60  271.80  270.90  271.20    7.12    4.45    3.48    2.84   24.58    4.29  353.90  350.80    3.88    2.77    1.34    2.40
  3 23 81  8  82  269.00  272.20  272.30  272.90    5.85    4.52    4.33    3.72   21.73   11.71    3.60    3.86    1.41    4.56    3.10    4.87
  3 23 81  9  82  269.80  274.70  275.10  275.70    4.86    4.17    4.07    3.55   17.27   11.75    5.68    4.98    3.22    4.00    5.04    5.91
  3 23 81 10  82  269.90  277.60  278.20  279.00    5.03    5.06    4.87    4.23   15.14   16.47   11.52   11.96    5.92    9.17    9.18    9.38
  3 23 81 11  82  269.40  279.60  280.20  281.10    6.68    6.24    6.10    5.24   22.94   25.91   20.58   20.79   10.01   11.83   12.80   12.57
  3 23 81 12  82  269.00  280.80  281.40  282.40    6.44    6.14    5.90    5.21   35.04   37.79   32.66   34.59    9.56   11.04   10.92   11.56
  3 23 81 13  82  269.10  281.70  282.30  283.40    5.38    5.19    5.05    4.42   24.48   28.92   24.20   26.06   12.09   15.42   15.45   18.03
  3 23 81 14  82  268.60  282.70  283.30  284.10    5.15    5.09    5.12    4.50   10.89   13.10    8.71    9.26   12.25   12.80   12.01   11.97
  3 23 81 15  82  268.50  283.60  284.20  285.10    5.50    5.47    5.32    4.70   13.02   15.09    9.35    9.74   10.75   10.68   10.39   10.66
  3 23 81 16  82  268.10  284.30  284.90  285.60    5.47    5.39    5.30    4.57   12.32   12.40    7.31    8.21    6.37    7.37    6.82    7.51
  3 23 81 17  82  267.50  284.70  285.30  286.20    4.98    5.06    5.11    4.46    8.38    9.90    5.30    5.38    7.66    7.79    7.95    8.52
  3 23 81 18  82  267.30  284.70  285.20  285.50    4.59    4.78    4.51    3.49    8.22   10.66    6.51    6.88    6.65    5.59    5.60    5.37
  3 23 81 19  82  267.60  284.50  284.90  283.60    4.27    4.26    3.85    2.43  344.60  343.70  337.00  329.50    8.32   10.43   10.63   13.48
  3 23 81 20  82  267.40  284.40  284.40  282.20    4.02    4.33    4.56    2.66  352.40  346.30  335.20  322.20    6.91    4.30    4.51    6.09
  3 23 81 21  82  267.10  284.30  283.90  281.50    6.53    5.09    3.55    1.83   15.32    9.18  357.60  344.80    6.10    8.10    9.11    8.64
  3 23 81 22  82  267.20  284.00  282.80  281.10    7.02    4.31    2.93    1.17   37.65   37.32   27.34   13.62    4.94    9.01    8.45   12.27
  3 23 81 23  82  267.50  282.90  281.60  279.80    5.25    3.01    1.72    0.63   60.65   68.58   56.77    1.08   20.26   12.53   15.43   49.05
  3 23 81 24  82  267.10  282.10  280.80  279.10    4.78    2.22    0.87    0.45  130.00  127.20  126.30  266.80   12.64   16.56   25.42   49.86
  3 24 81  1  83  267.50  281.80  281.20  279.10    4.79    2.65    1.53    1.44  164.90  172.50  202.40  273.40    9.62   16.11   27.27   24.65
  3 24 81  2  83  267.90  281.70  281.20  279.20    5.91    4.10    3.60    2.70  188.00  214.90  234.50  255.00    4.51    6.83    4.24    2.60
  3 24 81  3  83  268.00  281.60  281.40  278.90    6.22    5.39    5.10    3.26  217.40  240.50  248.00  254.30   12.30   10.64    8.14    2.28
  3 24 81  4  83  267.90  281.80  281.80  278.10    6.99    6.18    5.49    3.04  245.10  256.90  260.40  253.20    2.58    1.49    1.98    1.56
  3 24 81  5  83  267.80  282.40  282.00  278.20    6.53    5.58    4.19    2.49  257.00  266.50  269.00  255.90    4.36    2.19    1.99    3.23
  3 24 81  6  83  267.80  281.80  281.40  278.20    5.71    4.39    3.50    2.50  280.20  280.40  275.90  263.70    5.74    5.77    3.34    7.83
  3 24 81  7  83  267.30  281.10  279.90  277.60    6.13    4.45    3.50    2.59  314.40  294.70  282.90  263.40   16.37    8.42    6.59    5.37
  3 24 81  8  83  268.20  281.10  279.00  278.40    7.27    4.67    3.61    2.71  337.90  316.00  300.40  297.90    6.60    6.99    4.59   10.98
  3 24 81  9  83  269.60  280.80  280.60  281.20    4.75    3.73    3.54    2.99  329.70  317.70  311.20  310.10    3.96    6.87    8.94    9.95
  3 24 81 10  83  270.60  283.40  284.00  284.80    4.79    4.48    4.15    3.50  321.90  325.50  321.60  322.70    4.75    6.38    7.25   10.67
  3 24 81 11  83  269.20  285.20  285.90  286.70    5.34    4.93    4.63    3.97  305.30  310.00  306.80  306.90    9.66   10.63   10.61   11.88
  3 24 81 12  83  268.10  286.00  286.50  287.40    4.19    4.02    3.84    3.24  313.40  315.50  310.20  308.80   22.60   25.40   27.38   29.63
  3 24 81 13  83  267.40  286.50  287.00  287.80    3.63    3.60    3.46    3.11  340.50  348.20  344.80  347.70   27.48   30.11   29.51   30.91
  3 24 81 14  83  267.70  286.60  287.30  287.70    3.40    3.43    3.50    3.09  343.00  351.60  349.60  355.70   13.37   15.51   18.29   21.92
  3 24 81 15  83  267.70  287.60  288.40  288.70    4.16    3.65    3.52    3.16  330.60  332.10  332.30  337.10   18.40   26.42   25.87   39.32
  3 24 81 16  83 -999.99 -999.99 -999.99 -999.99    3.90    3.65    3.51    3.04  328.40  334.40  332.20  331.90   12.71   11.75   13.08   14.43
  3 24 81 17  83  267.00  287.30  287.90  288.40    3.11    2.88    2.76    2.47  341.50  346.30  343.30  345.70   13.72   13.70   14.26   15.24
  3 24 81 18  83  267.10  287.20  287.70  287.90    3.89    3.31    3.07    2.32  339.50  345.70  344.60  350.00    4.71    4.84    5.50    6.41
  3 24 81 19  83  266.70  287.00  287.40  286.70    3.96    3.44    2.98    1.83  340.10  343.40  340.70  340.80    3.19    2.65    4.98    6.70
  3 24 81 20  83  266.70  286.90  287.20  286.10    2.84    2.78    2.84    2.06  350.50  349.00  342.70  337.10    4.12    3.05    3.24    5.02
  3 24 81 21  83  267.00  286.20  285.40  284.50    3.87    2.04    1.63    1.41   14.01    0.23  351.80  349.90    5.98   19.91   38.02   49.86
  3 24 81 22  83  267.40  285.70  284.60  282.00    2.66    1.10    1.21    1.67   64.56  160.60  252.30  214.90   23.18   79.62   69.58   32.76
  3 24 81 23  83  267.50  284.70  285.00  281.60    0.66    1.18    1.48    1.33  177.90  277.90  293.00  286.10   21.73   16.76   18.20   26.39
  3 24 81 24  83  267.60  284.30  284.20  280.30    2.57    2.65    2.71    1.71 -999.99   58.66   37.17   39.72 -999.99   23.91   30.80   23.92
  3 25 81  1  84  267.60  284.10  283.50  279.70    3.73    4.74    4.06    2.05 -999.99  106.40   92.51   75.10    1.96   13.19   11.39    9.24
  3 25 81  2  84  267.70  282.60  280.70  277.70 -999.99    6.99    5.11    2.90 -999.99   94.94   80.26   76.95    1.51    6.87    4.65    3.94
  3 25 81  3  84  267.60  280.30  278.10  276.20 -999.99    7.08    5.69    3.62 -999.99   94.77   83.21   83.86 -999.99    6.32    4.73    4.20
  3 25 81  4  84  265.10  280.30  277.90  275.40   10.56    7.22    5.65    3.65  108.80  104.70   91.97   84.09    0.76    3.73    4.60    2.23
  3 25 81  5  84  266.70  278.40  276.30  274.60 -999.99    7.46    6.01    4.02 -999.99   99.87   89.41   85.21    0.14    2.43    3.11    1.13
  3 25 81  6  84  267.00  276.90  275.90  274.90    8.81    5.80    4.28    2.54  115.80  121.00  116.00  118.00    4.67   10.31   12.68   19.25
  3 25 81  7  84  266.50  277.50  276.30  275.50   10.11    6.32    4.57    2.68  124.90  128.90  123.80  124.60    2.41    1.76    1.34    4.06
  3 25 81  8  84  267.40  277.80  277.30  277.60    8.99    5.85    4.84    3.49  129.80  135.40  129.70  129.50    1.98    2.74    2.96    4.19
  3 25 81  9  84  266.80  279.70  280.20  280.90    6.61    6.00    5.70    4.41  134.00  138.80  132.60  129.90    3.54    3.42    3.46    3.21
  3 25 81 10  84  267.10  281.90  282.50  283.30    6.08    6.02    5.79    4.64  144.80  152.10  146.80  144.30    2.81    3.44    3.90    5.54
  3 25 81 11  84  268.10  283.70  284.30  285.10    4.90    4.70    4.56    4.15  163.90  165.00  162.00  163.20    7.06    5.06    7.09    8.17
  3 25 81 12  84  269.70  284.70  285.30  286.30    4.99    4.95    4.91    4.55  175.90  176.80  174.10  173.80    4.59    5.21    6.15    6.69
  3 25 81 13  84  270.50  286.10  286.60  287.30    5.58    5.38    5.10    4.36  205.20  208.60  206.10  206.00    8.76    9.42    9.52   10.30
  3 25 81 14  84  272.20  285.60  286.20  286.80    7.48    7.04    6.45    5.01  223.20  224.30  220.90  221.90    8.45    9.33    9.99   10.02
  3 25 81 15  84  274.20  284.60  285.10  285.70    6.41    6.01    5.54    4.22  243.00  245.10  242.00  244.10    9.86    9.71    9.50    9.42
  3 25 81 16  84  275.40  283.10  283.30  283.60    4.99    4.05    3.57    2.74  217.40  222.10  219.90  221.50   16.37   16.93   17.83   19.44
  3 25 81 17  84  276.30  282.90  283.20  283.50    3.83    2.54    2.12    1.54  204.90  207.00  203.40  204.10    3.51    7.14    8.43   12.34
  3 25 81 18  84  277.50  282.80  283.30  283.40    6.22    5.07    4.67    3.78  196.70  195.90  191.50  190.20    4.79    4.45    4.10    3.61
  3 25 81 19  84  277.90  282.60  282.90  282.80    7.55    5.95    5.25    4.09  188.50  186.70  182.70  180.50    2.66    3.37    2.94    3.30
  3 25 81 20  84  277.90  282.30  282.30  281.60    8.31    7.14    5.87    3.94  179.40  175.00  170.90  170.60    2.35    4.14    3.96    2.71
  3 25 81 21  84  277.90  282.40  281.60  280.70    7.86    5.79    4.51    2.70  183.60  170.50  165.40  164.20    4.82    1.21    1.64    4.51
  3 25 81 22  84  277.40  282.70  281.60  280.50   10.04    7.36    6.03    3.97  181.50  173.80  167.50  167.10    1.74    2.36    2.27    3.05
  3 25 81 23  84  277.00  282.90  281.40  280.70   11.23    8.02    6.58    4.61  178.50  174.10  170.30  170.30    3.22    3.94    4.69    5.81
  3 25 81 24  84  276.80  282.60  281.90  281.40   10.15    7.71    6.45    4.71  180.00  174.30  171.60  172.80    0.97    2.91    3.73    3.86
  3 26 81  1  85  276.60  282.10  281.50  280.80    8.95    6.55    5.37    3.53  185.10  173.40  165.20  162.00    1.79    1.14    1.58    5.42
  3 26 81  2  85  275.30  283.10  281.50  279.20   11.63    7.92    6.08    3.40  187.00  179.10  172.90  167.70    1.29    2.37    4.32    8.21
  3 26 81  3  85  274.40  283.40  281.80  278.90   12.53    9.79    7.73    4.59  187.20  179.70  174.80  174.00    2.17    1.95    1.81    3.62
  3 26 81  4  85  274.00  283.00  281.30  278.10   11.55    9.34    7.13    4.17  199.00  190.00  185.30  188.80    3.24    3.09    3.83    8.01
  3 26 81  5  85  274.00  282.60  280.90  276.80   12.20    9.00    6.38    3.39  203.70  197.40  190.80  195.30    1.21    1.27    1.54    6.62
  3 26 81  6  85  274.20  281.90  279.40  276.40   10.41    7.06    4.58    1.96  223.50  213.10  213.80  228.00    8.90    5.74    6.52    7.64
  3 26 81  7  85  274.30  281.40  278.90  276.60    9.65    7.01    4.58    2.05  232.10  214.90  211.40  222.80    2.35    3.21    4.19   10.55
  3 26 81  8  85  275.00  280.50  280.00  280.40    6.39    4.26    3.56    2.64  235.70  224.00  219.60  221.20    3.68    8.10    8.34    9.30
  3 26 81  9  85  276.90  282.70  283.30  284.10    5.61    5.15    4.66    3.76  234.40  230.80  229.60  228.70    2.85    2.59    3.27    4.74
  3 26 81 10  85  277.90  285.70  286.30  287.20    7.06    6.66    6.30    5.06  247.80  249.40  246.50  247.40    6.92    8.44    7.94    7.86
  3 26 81 11  85  277.10  287.90  288.50  289.70    7.66    7.44    7.05    5.64  243.80  245.30  244.50  246.40    3.96    5.59    5.54    6.14
  3 26 81 12  85  276.70  288.90  289.60  290.70    8.99    8.52    7.95    6.26  237.00  239.20  239.20  240.70    4.17    5.49    5.58    6.45
  3 26 81 13  85  276.50  289.70  290.40  291.30    9.76    9.19    8.50    6.57  240.00  241.90  241.00  241.80    4.87    6.90    7.01    8.48
  3 26 81 14  85  277.20  290.10  290.70  291.40   10.99   10.29    9.63    7.55  250.10  251.70  251.10  252.20    5.54    5.80    5.77    5.26
  3 26 81 15  85  277.80  290.40  291.10  291.70   11.20   10.40    9.71    7.60  261.70  262.30  260.80  262.30    4.14    3.03    3.02    3.45
  3 26 81 16  85  277.30  290.80  291.50  292.10   10.73    9.72    9.06    6.84  255.60  257.40  255.90  256.30    6.86    7.64    8.19    8.60
  3 26 81 17  85  277.30  291.10  291.60  291.90    8.45    7.54    6.97    5.37  253.20  253.50  252.30  252.90    9.91    9.59    8.32    7.82
  3 26 81 18  85  276.80  291.30  291.70  291.90    7.31    5.51    4.87    4.01  276.20  277.10  276.10  275.70    6.58    7.57    8.50    8.24
  3 26 81 19  85  276.90  290.80  290.90  290.90    7.81    5.28    4.58    3.58  282.70  282.20  282.10  283.80    3.84    3.79    6.01    7.77
  3 26 81 20  85 -999.99  290.30  290.20  288.90    7.33    5.53    4.23    2.40  296.60  301.60  300.40  302.90    3.79    5.66    5.49    4.41
  3 26 81 21  85 -999.99  290.00  289.80  288.60    6.78    4.69    3.50    1.82  305.90  307.10  305.10  302.30    2.58    0.95    3.42    3.72
  3 26 81 22  85 -999.99  289.80  289.50  288.70    6.96    4.75    3.28    2.03  317.10  315.00  306.20  299.50    2.52    4.85    6.15    5.79
  3 26 81 23  85 -999.99  288.20  287.80  286.60    7.31    5.77    4.78    3.06   10.34   14.38   10.56    6.35   34.57   35.28   35.42   39.10
  3 26 81 24  85 -999.99  286.30  285.60  285.20    8.58    5.61    4.35    3.11   51.06   59.53   57.49   57.71    5.22    5.71    7.95   12.64
  3 27 81  1  86 -999.99  284.80  284.70  284.20    6.48    4.92    3.91    2.65   76.13   82.97   76.60   75.85   12.50   10.40   10.33   13.27
  3 27 81  2  86 -999.99  284.80  284.40  283.90    6.83    4.89    3.58    2.42   75.22   77.53   70.28   67.27    5.91    9.79   10.34   10.20
  3 27 81  3  86 -999.99  283.80  283.60  283.30    7.43    5.63    4.86    3.45   53.81   46.64   37.02   31.39   16.00   18.18   15.34   16.55
  3 27 81  4  86 -999.99  281.60  281.90  282.10    6.85    5.58    5.02    4.26   57.29   57.48   52.59   53.16    6.00    6.96    6.92    6.57
  3 27 81  5  86  277.20  280.00  280.40  280.70    6.92    5.76    5.23    4.49   66.76   66.89   62.17   63.40    7.17    8.98   10.54   11.06
  3 27 81  6  86  275.60  279.00  279.50  279.90    8.20    6.98    6.33    5.44   71.31   73.99   69.78   71.08    3.42    3.73    3.51    4.21
  3 27 81  7  86  274.60  278.70  279.10  279.50    8.63    7.23    6.40    5.53   72.94   73.97   70.50   71.87    3.08    2.98    3.30    4.00
  3 27 81  8  86  274.20  279.00  279.50  280.00    8.63    7.53    6.96    6.14   80.12   81.31   77.52   78.88    1.87    2.11    2.22    2.09
  3 27 81  9  86  274.60  280.20  280.70  281.30    7.89    7.45    7.10    6.33 -999.99   83.68   80.70   81.99 -999.99    2.32    1.42    2.00
  3 27 81 10  86  275.30  281.90  282.40  283.20    7.86    7.65    7.34    6.60 -999.99   87.18   83.73   84.52    1.30    2.96    3.47    4.07
  3 27 81 11  86  276.20  284.60  285.10  286.00    7.91    7.66    7.45    6.88   82.72   84.74   80.16   81.63    2.91    3.64    4.07    4.03
  3 27 81 12  86  275.30  286.30  286.90  287.90    7.32    7.11    6.95    6.52   88.13   90.57   87.34   88.78    4.15    5.11    5.27    6.29
  3 27 81 13  86  275.00  287.90  288.50  289.50    7.77    7.55    7.36    6.65   86.43   90.61   87.73   88.78    6.41    8.34    8.87    9.91
  3 27 81 14  86  275.40  289.10  289.70  290.70    7.48    7.20    7.06    6.49   97.13  101.10   97.52   99.28    8.46    8.84    9.15    9.11
  3 27 81 15  86  275.40  289.90  290.50  291.50    7.65    7.39    6.99    6.35  104.00  108.00  104.30  105.30    6.14    7.85    8.11    8.14
  3 27 81 16  86  275.80  290.40  290.90  291.80    7.39    7.05    6.85    5.97  110.30  113.60  110.50  112.40    7.62    8.28    9.10    8.71
  3 27 81 17  86  276.10  290.50  291.10  291.70    8.23    7.91    7.62    6.51  110.80  114.90  111.30  112.80    4.16    4.66    4.68    6.02
  3 27 81 18  86  276.50  290.30  290.70  291.10    8.40    7.51    6.85    5.62  115.40  119.40  115.90  116.70    3.08    4.02    3.89    3.17
  3 27 81 19  86 -999.99  289.40  289.60  289.00    9.55    8.03    6.81    4.85  113.00  115.90  111.40  113.20    1.49    1.89    1.95    2.14
  3 27 81 20  86 -999.99  288.20  288.30  287.50   10.23    8.17    6.72    4.72 -999.99  113.10  108.60  109.70    0.42    1.28    1.26    1.33
  3 27 81 21  86 -999.99  286.70  286.90  286.70   12.10   10.15    8.79    6.61  112.10  115.20  111.50  114.10    0.54    0.57    0.69    1.06
  3 27 81 22  86 -999.99  285.50  285.60  285.50   12.69   10.50    9.22    7.18  113.70  116.10  112.10  114.60    1.31    1.15    1.23    1.16
  3 27 81 23  86 -999.99  284.60  284.70  284.60   12.22    9.83    8.53    6.62  121.50  122.80  118.50  119.30    2.29    2.45    2.47    1.74
  3 27 81 24  86 -999.99  284.20  284.30  284.10   12.57    9.62    8.41    5.80  129.00  132.10  127.80  128.10    2.18    2.89    2.55    4.09
  3 28 81  1  87 -999.99  283.80  283.60  283.20   13.04   10.03    8.36    5.60  138.00  139.60  135.00  133.40    2.14    0.56    0.75    1.49
  3 28 81  2  87 -999.99  283.90  283.40  282.50   13.31    9.96    7.98    4.20  144.30  145.00  139.20  137.30    1.49    1.80    2.19    2.42
  3 28 81  3  87 -999.99  283.80  283.60  283.00   12.59    9.76    7.87    4.77  148.60  149.80  144.90  144.60    1.68    0.87    1.43    1.76
  3 28 81  4  87 -999.99  283.90  283.30  282.70   13.42   10.49    8.67    5.33  151.30  150.50  145.20  145.00    0.69    0.80    0.72    1.05
  3 28 81  5  87 -999.99  283.40  282.90  282.00   12.64    9.36    7.38    4.00  147.90  148.60  143.50  141.80    1.46    0.63    1.01    3.67
  3 28 81  6  87 -999.99  282.80  282.30  281.30   12.71    9.34    7.29    3.49  146.00  146.30  140.80  138.30    1.49    1.66    2.10    1.69
  3 28 81  7  87 -999.99  282.40  282.10  281.90   12.11    9.23    7.53    4.34  144.90  146.80  141.40  140.30    1.33    1.81    2.18    3.39
  3 28 81  8  87  277.10  283.50  283.80  284.30   11.53   10.22    9.43    7.13  150.00  150.90  146.90  145.80    1.27    1.14    1.78    1.37
  3 28 81  9  87  277.70  285.90  286.40  287.20    9.56    9.09    8.76    7.14  160.70  161.30  157.30  153.90    4.19    3.75    3.79    3.83
  3 28 81 10  87  278.00  289.10  289.70  290.40    9.65    9.47    9.33    8.52  174.30  174.10  172.60  173.10    4.53    4.93    5.37    5.11
  3 28 81 11  87  278.10  291.50  292.10  293.20   10.30   10.15   10.07    9.08  181.00  180.00  179.30  179.10    3.80    5.07    5.46    5.74
  3 28 81 12  87  278.50  292.70  293.40  294.40   11.54   11.22   10.90    9.41  193.00  192.10  190.80  191.30    6.90    7.29    7.19    8.12
  3 28 81 13  87  278.20  293.50  294.20  295.50   13.66   13.12   12.85   10.81  195.60  195.70  194.30  194.90    6.02    6.73    6.00    8.16
  3 28 81 14  87  277.80  294.10  294.80  295.90   14.55   14.18   13.84   11.59  194.50  194.90  193.50  194.60    6.21    6.64    6.16    7.47
  3 28 81 15  87  277.20  294.60  295.20  296.20   15.11   14.58   14.21   12.45  186.30  186.80  185.90  185.90    5.36    5.27    5.17    5.66
  3 28 81 16  87  277.40  294.90  295.50  296.50   14.42   13.96   13.58   11.93  183.50  183.70  182.50  182.30    3.00    3.34    3.58    3.81
  3 28 81 17  87  277.70  294.90  295.40  296.00   15.12   14.56   14.22   12.46  181.10  181.90  181.40  181.70    2.72    3.24    3.39    3.71
  3 28 81 18  87  276.90  294.50  294.90  295.10   16.06   14.80   14.01   12.08  183.10  182.90  181.80  182.20    3.85    3.88    3.59    4.00
  3 28 81 19  87 -999.99  293.40  293.60  293.30   15.12   13.08   11.98    9.78  180.20  178.90  178.40  178.10    3.20    3.73    3.88    4.04
  3 28 81 20  87 -999.99  292.60  292.60  292.10   15.23   12.93   11.57    9.36  178.60  177.20  176.50  176.70    1.34    1.47    1.60    1.32
  3 28 81 21  87 -999.99  291.80  291.60  290.80   13.53   10.57    9.22    6.99  183.70  181.40  181.30  180.90    2.57    2.31    2.45    2.06
  3 28 81 22  87 -999.99  291.50  291.10  290.00   12.93    9.80    8.20    5.96  187.70  184.00  183.30  181.50    1.33    2.28    3.07    3.49
  3 28 81 23  87 -999.99  291.00  290.60  289.80   13.54   10.29    8.78    6.62  184.70  180.00  178.60  175.90    1.80    2.91    3.89    4.46
  3 28 81 24  87 -999.99  290.50  290.20  289.60   13.38   10.68    9.34    7.14  180.40  177.30  177.10  176.80    1.96    1.57    1.43    1.58
  3 29 81  1  88 -999.99  290.20  290.10  289.60   14.82   11.97   10.64    8.50  178.40  175.70  175.30  175.60    0.89    1.64    2.27    2.11
  3 29 81  2  88 -999.99  289.90  289.90  289.60   14.32   11.54   10.27    8.28  178.90  176.00  176.40  175.80    1.69    2.04    1.97    1.74
  3 29 81  3  88 -999.99  289.60  289.70  289.40   14.85   12.40   11.15    9.02  175.80  172.80  172.20  172.30    1.19    1.81    2.22    2.44
  3 29 81  4  88 -999.99  289.40  289.40  288.80   13.77   11.30   10.08    7.94  176.00  174.50  174.30  173.90    2.38    3.12    3.73    4.11
  3 29 81  5  88 -999.99  289.10  289.10  288.50   13.41   10.83    9.48    7.27  181.00  178.30  177.20  176.20    2.11    2.58    3.26    3.89
  3 29 81  6  88 -999.99  289.30  289.50  289.00   13.26   11.28   10.10    8.02  183.40  181.00  179.30  178.50    3.53    4.71    4.96    5.10
  3 29 81  7  88 -999.99  288.90  289.00  288.80   12.13   10.19    9.17    7.34  182.30  182.80  181.30  180.30    6.20    6.14    5.16    4.88
  3 29 81  8  88  284.20  286.70  287.00  287.10    9.52    7.82    7.00    5.35  215.90  214.80  211.10  209.10   26.22   27.36   26.80   27.91
  3 29 81  9  88  283.90  285.30  285.70  285.90    9.42    7.34    6.50    5.30  192.80  188.80  187.00  184.70    7.24    7.28    7.26    8.00
  3 29 81 10  88  284.60  285.80  286.10  286.10    9.97    7.87    6.49    4.56  216.70  214.70  213.60  212.50    9.09   10.00   11.61   12.30
  3 29 81 11  88  283.40  285.80  286.20  286.50    7.91    7.03    6.16    4.61  224.90  222.50  220.90  220.50   17.40   17.82   17.95   17.50
  3 29 81 12  88  283.20  286.20  286.70  287.10   10.11    9.28    8.88    7.24  159.70  157.90  157.90  155.60    5.41    5.95    5.71    5.83
  3 29 81 13  88  283.40  286.30  287.20  287.80   13.52   12.64   12.09   10.25  162.10  162.00  161.50  161.10    4.86    4.83    5.17    6.12
  3 29 81 14  88  283.60  287.40  288.20  288.40   16.62   16.05   15.70   14.04  175.50  175.90  175.30  174.80    3.93    3.44    3.57    3.34
  3 29 81 15  88  283.20  288.40  288.90  288.40   19.04   18.19   17.68   15.64  177.70  180.10  178.50  178.70    1.98    1.95    2.19    2.19
  3 29 81 16  88 -999.99  288.00  288.50  288.70   17.61   16.59   15.81   13.79  174.30  174.80  173.70  174.10    2.83    3.10    2.84    2.84
  3 29 81 17  88 -999.99  288.10  288.50  288.80   16.38   14.76   14.03   12.08  181.80  181.70  180.20  180.70    2.27    2.02    2.39    2.35
  3 29 81 18  88 -999.99  287.90  288.20  288.40   16.37   14.47   13.58   11.61  183.20  185.10  183.10  183.00    2.11    2.13    1.72    1.76
  3 29 81 19  88 -999.99  287.10  287.30  287.20   17.05   14.82   13.63   11.42  186.20  186.10  184.90  184.80    1.14    1.48    1.90    1.64
  3 29 81 20  88 -999.99  286.70  286.80  286.60   16.49   14.17   13.01   10.66  188.30  188.10  186.80  186.00    0.89    1.29    1.43    1.00
  3 29 81 21  88 -999.99  285.90  286.10  286.00   15.46   13.14   12.04   10.05  184.90  186.20  184.90  184.00    1.58    1.11    1.32    1.41
  3 29 81 22  88 -999.99  285.40  285.50  285.50   15.69   13.37   12.28   10.05  187.40  186.60  185.90  185.60    1.36    1.32    1.08    1.44
  3 29 81 23  88 -999.99  285.00  285.30  285.30   14.45   12.35   11.38    9.13  193.70  194.60  194.00  193.70    3.49    3.91    4.35    4.23
  3 29 81 24  88 -999.99  284.90  285.10  285.20   13.33   11.25   10.13    7.47  208.40  208.50  207.40  207.90    3.65    3.43    3.54    4.27
  3 30 81  1  89 -999.99  284.50  284.60  284.60   12.24    9.86    8.67    6.38  203.80  201.10  199.70  198.70    3.47    4.73    4.71    5.27
  3 30 81  2  89 -999.99  284.10  284.10  283.90   11.72    9.03    7.85    5.41  207.80  206.40  204.30  203.50    2.65    3.23    3.01    3.77
  3 30 81  3  89 -999.99  283.90  284.00  284.00   11.68    9.36    8.33    5.48  209.10  208.00  205.00  204.50    2.62    2.01    2.40    2.95
  3 30 81  4  89 -999.99  284.20  284.20  284.20   11.10    9.10    7.75    5.59  228.30  226.40  224.30  222.50   12.92   14.19   13.55   13.73
  3 30 81  5  89 -999.99  283.40  283.60  283.70   10.70    8.53    7.49    5.41  258.50  257.50  255.10  255.70    3.62    4.87    4.70    5.78
  3 30 81  6  89 -999.99  282.80  282.80  282.70   10.21    7.74    6.58    4.60  253.00  252.60  249.70  251.90    3.85    4.81    5.15    4.28
  3 30 81  7  89 -999.99  281.90  282.10  282.20   11.67    9.29    8.22    5.89  259.70  260.80  257.50  259.20    4.33    4.87    4.19    4.09
  3 30 81  8  89 -999.99  281.80  282.40  282.90   10.92    9.55    8.81    6.76  259.90  261.30  258.30  259.60    2.75    2.88    2.12    2.98
  3 30 81  9  89 -999.99  282.50  283.20  283.80   11.04   10.31    9.79    7.78  266.70  267.90  265.00  265.90    2.74    2.42    3.77    3.18
  3 30 81 10  89  277.30  283.10  283.80  284.60    9.66    8.63    8.15    6.63  267.50  268.50  266.50  266.10    5.11    5.41    5.55    6.21
  3 30 81 11  89  278.20  284.10  284.80  285.50    8.08    7.63    7.23    6.13  268.00  267.80  265.80  267.00    3.68    4.84    5.49    7.57
  3 30 81 12  89  278.90  285.70  286.40  287.20    8.39    7.66    7.31    6.06  267.60  268.80  265.40  265.50    6.70    6.45    5.07    5.71
  3 30 81 13  89  279.50  287.30  287.90  288.90    8.08    7.81    7.51    5.93  261.50  261.50  258.60  259.00    5.49    6.08    5.62    4.99
  3 30 81 14  89  279.60  287.60  288.20  289.10    7.77    7.40    7.10    5.76  260.00  261.20  258.10  257.40    5.83    4.85    4.79    4.93
  3 30 81 15  89  279.40  288.80  289.40  290.20    7.81    7.47    7.13    5.88  258.00  258.50  255.80  255.90    3.81    3.98    3.58    4.11
  3 30 81 16  89  279.00  289.90  290.40  291.20    8.09    7.71    7.34    5.74  252.60  253.20  251.60  253.10    4.17    4.52    4.68    4.66
  3 30 81 17  89  278.60  290.60  291.10  291.70    7.30    6.89    6.52    5.05  252.00  253.40  251.40  251.00    3.54    4.78    4.66    4.19
  3 30 81 18  89  279.00  291.00  291.40  291.40    5.89    4.94    4.40    3.04  252.20  254.20  251.70  248.00    1.84    2.66    2.40    4.08
  3 30 81 19  89 -999.99  290.80  290.60  289.70    4.63    3.45    3.02    1.71  252.10  236.80  227.70  219.40    2.55    8.96   11.53   12.31
  3 30 81 20  89 -999.99  290.90  290.90  288.10    3.35    3.30    3.31    2.46  222.40  210.90  202.90  190.60   12.55    8.83    7.18    7.85
  3 30 81 21  89 -999.99  291.20  291.00  284.80    4.49    4.43    4.65    2.24  200.30  193.40  185.10  171.80    3.86    4.87    5.24    2.82
  3 30 81 22  89 -999.99  291.50  290.90  284.30    5.09    5.84    4.91    1.85  183.30  173.60  163.70  147.80    8.25    6.17    7.67    7.12
  3 30 81 23  89 -999.99  291.70  290.90  284.70    6.20    6.79    5.38    2.24  167.00  165.30  157.50  143.20    4.09    2.31    1.41    4.17
  3 30 81 24  89 -999.99  292.00  288.70  284.10   12.14    9.14    7.40    3.40  169.80  163.10  154.90  149.70    1.59    1.68    1.73    1.67
  3 31 81  1  90 -999.99  291.50  288.30  283.70   13.95   10.13    8.42    4.40  176.20  164.80  157.40  153.40    3.45    0.90    1.78    4.11
  3 31 81  2  90 -999.99  289.30  286.70  283.40   13.65   10.31    8.34    4.71  181.00  164.30  160.20  153.70    2.49    0.76    1.18    1.53
  3 31 81  3  90 -999.99  289.00  286.20  283.30   13.46    9.94    8.08    4.55  182.90  165.10  160.10  152.80    1.73    1.03    0.76    1.50
  3 31 81  4  90 -999.99  288.20  285.70  283.60   12.87    9.37    7.25    4.03  174.90  158.10  150.70  146.40    3.76    3.42    3.15    2.42
  3 31 81  5  90 -999.99  287.40  285.40  284.00   13.69    9.91    7.92    4.78  167.00  156.20  154.00  151.30    0.94    2.83    3.50    4.71
  3 31 81  6  90 -999.99  287.30  285.80  284.70   15.39   11.01    9.11    6.54  171.70  164.80  164.10  164.40    1.82    1.60    2.66    4.17
  3 31 81  7  90 -999.99  286.80  285.80  285.30   14.53   10.86    9.34    7.12  170.10  164.00  163.20  163.40    0.74    0.85    1.02    1.76
  3 31 81  8  90 -999.99  287.20  287.00  287.30   12.75   10.35    9.50    7.98  170.30  165.40  164.40  163.90    0.52    1.68    1.93    2.09
  3 31 81  9  90 -999.99  289.10  289.50  290.00   11.13   10.09    9.65    8.54  167.90  165.20  164.80  165.00    2.19    2.25    1.96    2.58
  3 31 81 10  90 -999.99  291.70  292.20  292.80   12.47   11.92   11.61   10.38  169.20  167.60  167.60  167.20    2.87    2.51    2.84    2.53
  3 31 81 11  90 -999.99  294.50  295.00  295.80   13.45   13.23   13.09   11.57  183.20  183.30  183.20  183.10    4.15    4.88    4.71    4.81
  3 31 81 12  90 -999.99  296.30  296.90  297.90   15.20   14.84   14.60   12.98  186.30  186.70  185.90  184.60    2.09    2.38    2.36    2.64
  3 31 81 13  90 -999.99  297.50  298.10  299.20   17.62   17.05   16.54   14.11  190.20  191.00  191.40  189.80    3.73    4.07    3.44    4.59
  3 31 81 14  90 -999.99  299.00  299.60  300.60   18.20   17.55   16.73   13.28  204.20  205.10  204.40  204.00    6.09    5.86    5.98    5.55
  3 31 81 15  90 -999.99  300.10  300.70  301.50   17.79   17.06   15.53   11.74  223.10  224.30  222.60  223.30    8.59    8.62    8.44   10.30
  3 31 81 16  90 -999.99  300.90  301.50  302.00   16.98   16.08   14.89   11.84  242.00  244.50  242.70  244.80    1.43    1.69    1.95    1.87
  3 31 81 17  90 -999.99  298.90  299.40  300.00   15.12   13.30   12.35    9.22  255.80  257.30  254.80  255.60   10.14   10.46    9.14    9.39
  3 31 81 18  90  278.10  295.00  295.50  295.70   13.41   10.01    8.92    7.42  273.70  276.80  273.90  273.40    3.17    4.08    4.50    4.86
  3 31 81 19  90 -999.99  292.90  293.30  293.60   13.21    9.47    8.06    6.51  276.30  280.80  277.30  277.90    1.66    2.73    2.94    4.01
  3 31 81 20  90 -999.99  291.40  291.60  291.70    9.61    7.66    6.78    5.05  262.60  261.20  256.70  255.60    7.34    9.38    8.08   10.40
  3 31 81 21  90 -999.99  290.20  290.20  288.60    8.07    6.82    5.59    3.34  234.00  222.60  213.80  209.20    6.37    8.29    9.61   16.81
  3 31 81 22  90 -999.99  289.60  289.10  287.30    9.86    7.44    5.88    3.29  255.10  249.80  244.10  243.50    2.19    3.70    3.70    3.86
  3 31 81 23  90 -999.99  288.70  288.00  285.80   10.78    8.03    6.07    3.24  253.60  247.50  240.30  239.50    3.93    3.78    6.01    5.91
  3 31 81 24  90 -999.99  288.60  287.30  284.90   12.89    8.76    5.94    2.98  243.90  240.10  234.50  230.70    2.40    2.60    1.81    3.37
  4  1 81  1  91 -999.99  287.70  287.00  285.90   13.65    9.57    7.60    4.72  251.70  250.30  245.90  243.70    7.23    9.31    9.96   11.97
  4  1 81  2  91 -999.99  286.90  286.50  285.80   13.15    9.92    8.33    5.75  263.90  265.10  260.80  260.50    1.60    1.79    1.93    1.63
  4  1 81  3  91 -999.99  286.10  285.20  284.50   14.46   10.34    8.48    5.68  260.40  259.80  257.00  258.80    1.86    1.86    1.97    3.28
  4  1 81  4  91 -999.99  284.80  284.20  283.70   12.71    8.79    7.33    5.03  260.20  259.40  255.30  254.80    2.23    2.18    2.26    2.71
  4  1 81  5  91 -999.99  284.40  283.30  282.30   12.79    8.81    6.46    4.14  245.30  241.60  237.80  238.80    3.34    4.09    3.99    3.69
  4  1 81  6  91 -999.99  283.20  282.40  281.80   12.92    9.17    6.38    4.05  243.80  239.90  235.30  237.80    1.57    2.24    1.74    3.49
  4  1 81  7  91 -999.99  282.90  282.80  282.70   12.58    9.60    8.32    5.98  249.90  248.00  244.40  246.90    2.02    3.65    4.35    4.68
  4  1 81  8  91 -999.99  283.60  284.20  284.80   13.63   11.80   10.78    8.09  255.40  256.50  253.50  255.30    2.39    3.03    3.83    4.56
  4  1 81  9  91  272.20  285.20  285.90  286.50   14.69   11.49   10.50    8.62  275.70  277.20  275.00  276.00    5.05    5.92    6.43    6.55
  4  1 81 10  91  272.40  285.90  286.70  287.40   15.17   11.80   10.41    8.80  282.00  285.30  282.70  283.10    3.16    2.91    2.94    2.87
  4  1 81 11  91  272.90  286.70  287.50  288.40   14.58   12.14   11.04    9.08  286.60  290.00  286.80  285.50    5.32    6.85    7.73    5.80
  4  1 81 12  91  272.70  287.60  288.40  289.20   13.79   11.70   10.76    8.81  288.40  291.90  288.90  288.40    4.86    5.51    6.26    5.28
  4  1 81 13  91  272.80  288.60  289.40  290.40   13.25   10.44    9.62    7.93  281.40  283.00  280.50  278.60    4.64    5.23    5.40    4.61
  4  1 81 14  91  271.80  289.50  290.30  291.10   14.49   11.86   10.44    8.63  286.20  289.60  285.60  285.10    3.71    3.75    3.62    4.48
  4  1 81 15  91 -999.99  290.40  291.20  292.00   13.79   11.13   10.15    8.29  286.20  289.80  288.40  288.20    4.49    5.24    5.00    6.03
  4  1 81 16  91 -999.99  291.10  291.80  292.50   14.14   11.85   10.76    8.63  291.50  294.60  293.00  291.20    5.82    5.57    5.76    5.70
  4  1 81 17  91  266.90  291.40  292.10  292.50   13.06   10.51    9.29    7.50  288.00  291.60  288.70  288.30    4.56    5.37    5.96    5.27
  4  1 81 18  91  266.70  291.30  291.70  292.00   10.71    8.63    7.62    5.90  294.90  298.60  296.30  296.40    3.73    3.00    3.15    5.10
  4  1 81 19  91 -999.99  290.70  290.60  290.30    9.44    7.06    5.47    3.88  295.60  297.30  293.60  292.60    2.07    2.49    3.50    3.36
  4  1 81 20  91 -999.99  290.70  290.00  289.10    9.52    6.43    4.68    3.02  296.60  295.40  289.80  287.40    2.58    4.46    4.73    8.87
  4  1 81 21  91 -999.99  290.60  289.60  287.00    7.46    4.62    3.11    2.13  300.20  292.50  275.70  240.60    2.65    3.01   14.52   32.29
  4  1 81 22  91 -999.99  290.30  289.40  285.40    6.14    4.14    3.73    2.59  295.60  281.50  264.00  237.90    4.33    5.94   10.22    6.00
  4  1 81 23  91 -999.99  289.60  288.70  282.60    4.36    5.15    5.30    3.10  272.40  246.80  231.00  225.90    6.46    9.34    7.32    4.34
  4  1 81 24  91 -999.99  289.80  289.50  282.40    4.63    5.44    5.65    2.97  262.10  246.40  233.20  227.40    4.32    3.82    3.81    6.21
  4  2 81  1  92 -999.99  289.90  289.20  281.50    4.35    5.52    5.72    2.71  241.40  230.60  222.60  219.20   12.09    9.30    6.33    3.64
  4  2 81  2  92 -999.99  290.00  289.40  280.80    4.11    5.33    5.45    2.28  218.30  215.10  216.10  209.50    5.83    4.17    1.69    5.42
  4  2 81  3  92 -999.99  289.50  288.20  279.80    4.81    5.63    5.71    2.54  210.70  216.90  208.20  204.00    5.49    2.28    3.83    4.03
  4  2 81  4  92 -999.99  288.60  287.40  278.80    6.10    6.75    6.10    2.43  204.80  200.70  191.50  190.20    8.48    5.13    5.08    6.25
  4  2 81  5  92 -999.99  289.10  285.70  278.90    8.63    7.66    5.84    1.98  207.10  201.10  182.40  192.90    2.79    4.31    5.09    6.91
  4  2 81  6  92 -999.99  289.40  285.40  278.70    9.17    7.98    5.45    2.15  210.50  198.70  181.50  189.50    2.12    3.55    4.64    6.14
  4  2 81  7  92 -999.99  290.00  286.60  279.60    8.56    7.85    5.18    2.10  194.50  191.30  173.00  173.20    7.52    6.20    4.58    4.46
  4  2 81  8  92 -999.99  289.20  286.00  285.60   10.98    7.53    6.01    4.82  186.00  180.80  176.70  174.60    3.04    4.20    6.29    8.55
  4  2 81  9  92 -999.99  289.00  289.30  290.00   10.06    9.19    9.05    8.41  178.90  177.90  176.50  176.00    1.79    2.24    2.49    2.87
  4  2 81 10  92  271.80  291.60  292.20  293.30   11.34   11.16   11.21   10.16  182.90  183.50  183.70  183.80    2.59    2.57    2.68    2.73
  4  2 81 11  92  271.00  293.30  294.00  295.40   11.81   11.53   11.43   10.37  184.50  185.10  184.40  183.50    2.73    2.89    2.91    2.60
  4  2 81 12  92  270.50  294.90  295.60  297.10   11.95   11.63   11.45   10.02  190.50  191.20  190.80  191.10    3.02    3.37    4.10    3.68
  4  2 81 13  92  271.10  296.00  296.70  297.80   11.52   11.17   10.96    9.27  196.00  197.10  196.40  197.50    5.98    5.53    6.36    6.84
  4  2 81 14  92  270.60  296.90  297.50  298.60   11.76   11.54   11.26    9.69  196.90  197.20  196.40  195.80    3.56    3.86    4.18    4.87
  4  2 81 15  92  270.50  297.60  298.30  299.30   13.08   12.73   12.63   10.95  190.80  192.00  190.90  190.30    4.86    4.42    4.64    5.14
  4  2 81 16  92  271.20  298.00  298.60  299.40   13.92   13.48   13.36   11.53  191.40  192.50  190.90  190.70    2.53    2.73    2.78    3.31
  4  2 81 17  92  271.00  298.50  299.00  299.50   14.14   13.68   13.35   11.43  191.90  192.00  190.70  190.60    1.56    1.50    1.52    1.89
  4  2 81 18  92  271.00  297.80  298.20  298.10   14.16   12.56   11.68    9.78  190.10  189.80  188.30  188.30    1.52    1.98    2.23    1.98
  4  2 81 19  92  273.90  296.00  295.90  295.30   14.41   11.77   10.53    8.34  182.90  180.60  179.80  179.10    1.29    1.72    1.80    1.62
  4  2 81 20  92  274.20  294.40  294.00  293.20   15.63   12.12   10.56    8.38  185.40  183.20  182.30  182.20    1.26    1.45    1.66    1.12
  4  2 81 21  92  273.90  293.60  293.40  292.80   16.76   13.62   12.31    9.93  188.40  186.90  186.20  184.70    0.88    1.32    1.49    1.11
  4  2 81 22  92  274.00  292.80  292.50  292.00   17.50   14.53   12.95   10.37  191.50  189.50  188.00  186.90    1.64    1.26    0.92    1.85
  4  2 81 23  92  274.40  292.20  292.20  291.60   17.57   14.84   13.32   10.50  196.00  195.50  193.30  192.80    0.91    1.33    1.60    1.57
  4  2 81 24  92  274.50  291.40  291.40  290.90   16.49   13.57   12.19    9.52  197.00  197.00  196.10  195.40    1.14    1.26    1.94    1.82
  4  3 81  1  93  274.30  291.20  291.10  290.60   16.85   13.58   12.22    9.26  199.10  198.40  197.90  197.20    1.09    1.25    1.35    2.02
  4  3 81  2  93  274.00  291.00  290.90  290.40   17.46   14.13   12.67    9.55  199.40  198.90  197.00  197.30    1.33    1.66    1.70    2.26
  4  3 81  3  93  273.90  290.20  289.90  289.20   14.58   11.38    9.96    7.65  195.80  192.60  190.80  189.90    0.87    2.56    2.89    3.55
  4  3 81  4  93  273.90  289.30  288.70  288.20   14.68   11.37    9.88    7.64  192.20  187.50  187.00  187.50    0.75    0.74    0.94    1.99
  4  3 81  5  93  273.70  289.30  288.70  288.30   14.75   11.23    9.76    7.70  188.80  184.90  184.50  183.90    2.02    2.21    2.23    2.60
  4  3 81  6  93  274.00  290.30  289.50  288.60   14.83   11.16    9.56    7.36  186.60  181.20  179.80  179.10    1.17    2.09    2.57    2.44
  4  3 81  7  93  274.60  289.00  288.90  288.80   14.15   11.61   10.46    8.44  177.90  174.30  174.00  173.90    2.58    1.02    1.05    0.98
  4  3 81  8  93  276.70  288.90  289.20  289.60   13.92   12.14   11.44    9.96  176.50  173.40  172.90  172.80    1.97    2.69    2.43    2.85
  4  3 81  9  93  279.20  289.80  290.30  291.00   14.36   13.35   13.05   11.48  187.50  186.70  185.40  185.40    4.45    4.45    3.97    4.68
  4  3 81 10  93  282.00  291.10  291.70  292.20   14.22   13.38   13.07   10.49  199.10  199.60  198.60  198.80    2.07    2.75    2.83    3.61
  4  3 81 11  93  282.80  291.30  291.80  292.70   14.49   13.79   13.57   11.66  191.40  193.10  191.40  191.00    2.88    3.34    3.29    3.49
  4  3 81 12  93  283.80  292.80  293.40  294.30   14.05   13.63   13.43   11.57  192.10  194.10  193.10  191.60    3.71    3.68    3.94    3.82
  4  3 81 13  93  285.30  295.70  296.40  297.40   17.63   16.94   16.14   13.07  205.20  207.00  205.20  203.80    7.61    8.10    7.99    7.72
  4  3 81 14  93  285.50  296.20  296.90  297.70   19.06   18.34   17.53   13.56  211.00  212.70  210.40  209.50    3.48    3.80    4.18    4.43
  4  3 81 15  93 -999.99  294.50  295.10  295.80   17.67   16.84   16.36   13.31  197.40  198.50  196.70  196.70    4.03    4.35    4.02    4.37
  4  3 81 16  93 -999.99  293.70  294.20  294.70   15.61   14.33   13.73   11.62  195.30  196.50  194.50  194.50    2.60    3.01    2.84    2.90
  4  3 81 17  93 -999.99  293.00  293.40  293.50   18.08   16.09   15.23   13.04  189.10  189.90  188.00  187.70    3.73    3.72    4.06    3.83
  4  3 81 18  93 -999.99  292.50  292.80  292.90   19.00   16.75   15.61   13.19  178.50  179.40  177.20  177.50    4.12    4.97    4.42    4.80
  4  3 81 19  93 -999.99  293.10  293.30  293.10   18.91   16.52   15.64   13.38  171.50  172.60  170.50  170.80    2.86    2.80    2.70    3.13
  4  3 81 20  93 -999.99  293.90  294.10  294.00   20.96   18.50   17.40   15.00  182.40  184.30  181.50  182.00    2.94    3.66    3.76    3.96
  4  3 81 21  93 -999.99  294.50  294.80  294.80   22.90   20.47   19.49   16.88  181.50  184.00  181.70  181.90    2.55    2.73    2.93    3.13
  4  3 81 22  93 -999.99  294.00  294.40  294.40   19.18   17.24   16.29   14.14  180.10  182.00  180.00  179.90    1.56    1.62    1.24    1.06
  4  3 81 23  93 -999.99  294.70  295.00  294.90   20.58   18.28   17.13   14.40  189.60  191.30  189.00  188.90    2.53    2.56    3.36    2.71
  4  3 81 24  93 -999.99 -999.99 -999.99 -999.99 -999.99 -999.99 -999.99 -999.99 -999.99 -999.99 -999.99 -999.99    5.77    7.19    7.66    9.34
  4  4 81  1  94 -999.99 -999.99 -999.99 -999.99 -999.99 -999.99 -999.99 -999.99 -999.99 -999.99 -999.99 -999.99    2.03    1.72    1.83    1.65
  4  4 81  2  94 -999.99  289.90  290.00  289.80   18.42   15.74   14.57   11.74  197.00  198.10  195.20  194.60    1.55    1.62    1.58    0.87
  4  4 81  3  94 -999.99  289.80  289.80  289.40   16.93   14.16   12.82   10.32  196.80  196.40  194.10  192.80    2.73    2.83    3.05    2.99
  4  4 81  4  94 -999.99 -999.99 -999.99 -999.99 -999.99 -999.99 -999.99 -999.99 -999.99 -999.99 -999.99 -999.99 -999.99 -999.99 -999.99 -999.99
  4  4 81  5  94 -999.99 -999.99 -999.99 -999.99 -999.99 -999.99 -999.99 -999.99 -999.99 -999.99 -999.99 -999.99 -999.99 -999.99 -999.99 -999.99
  4  4 81  6  94 -999.99  290.60  290.30  289.70   16.33   13.30   11.83    9.01  202.20  199.00  197.30  196.40    1.35    1.44    1.87    2.16
  4  4 81  7  94 -999.99  290.70  290.30  289.70   16.27   13.24   11.52    7.47  209.00  206.40  202.80  203.20    1.76    1.54    0.96    1.43
  4  4 81  8  94 -999.99  290.80  290.50  289.90   15.05   12.59   11.08    7.77  216.10  212.80  209.50  207.70    2.34    2.53    2.93    3.49
  4  4 81  9  94 -999.99  289.50  289.50  289.30   13.39   11.00    9.37    6.90  236.90  235.70  232.90  232.80   21.61   23.91   24.75   24.67
  4  4 81 10  94  280.00  287.00  287.80  288.40   11.83   10.67   10.11    8.26  266.60  267.00  264.00  265.40    4.53    4.51    4.46    5.08
  4  4 81 11  94  279.20  287.10  287.80  288.60   15.10   14.04   13.24   10.30  260.50  260.70  257.70  258.80    3.93    3.79    3.99    4.08
  4  4 81 12  94  278.80  286.90  287.70  288.50   13.45   11.70   11.00    9.05  267.20  267.90  265.80  267.40    3.76    3.62    4.39    4.87
  4  4 81 13  94  278.10  286.40  287.20  288.00   12.14   10.24    9.78    7.94  271.00  272.70  269.80  270.60    2.66    3.54    4.46    4.09
  4  4 81 14  94  277.20  286.10  286.80  287.70   12.42   11.36   10.83    8.61  263.40  263.10  261.00  261.60    5.53    6.68    7.49    6.16
  4  4 81 15  94  276.10  285.20  285.90  286.70   12.12   10.23    9.35    7.70  277.70  280.00  277.90  278.50    8.03    9.63   10.76    7.99
  4  4 81 16  94  275.20  284.30  285.00  285.90   13.74   11.44   10.58    8.60  287.30  290.30  289.00  288.00    4.70    5.26    6.17    4.58
  4  4 81 17  94  274.80  282.90  283.60  284.20   13.52   11.29   10.31    8.35  290.10  293.40  291.60  290.90    4.01    4.28    4.65    5.22
  4  4 81 18  94  274.70  282.10  282.80  283.30   12.93   10.40    9.34    7.44  290.30  294.50  291.80  289.70    3.55    3.95    3.54    4.23
  4  4 81 19  94  274.40  281.70  282.20  282.70   12.58   10.11    8.95    7.02  292.20  295.80  293.30  291.60    3.00    2.56    2.73    4.34
  4  4 81 20  94  274.20  281.10  281.60  282.00   11.62    9.76    8.72    6.82  297.90  302.00  298.20  298.40    3.25    3.14    3.30    3.61
  4  4 81 21  94  273.60  280.60  281.10  281.50    9.88    8.25    7.44    5.78  300.30  303.10  300.20  301.70    2.98    2.80    2.31    2.74
  4  4 81 22  94  273.30  280.30  280.80  281.20    9.65    7.51    6.60    5.22  292.90  296.30  293.40  292.80    2.58    2.55    2.83    3.17
  4  4 81 23  94  273.40  279.70  280.10  280.50    8.76    7.04    6.27    4.94  298.40  302.60  299.90  298.10    8.30    8.37    8.57    8.14
  4  4 81 24  94  273.90  279.10  279.60  280.10    6.91    5.68    4.93    3.70  307.20  310.90  307.60  308.80    2.54    2.33    3.11    4.40
  4  5 81  1  95  273.90  278.80  279.30  279.80    7.04    5.99    5.40    4.13  307.40  310.00  307.70  309.30    4.00    3.75    4.20    4.59
  4  5 81  2  95  273.60  278.20  278.70  279.20    7.94    6.94    6.20    4.91  317.40  321.10  318.80  318.60    6.05    6.94    6.40    7.41
  4  5 81  3  95  273.50  277.60  278.20  278.70    8.56    7.57    6.87    5.27  308.90  312.30  309.70  309.10    6.58    7.03    7.19    7.01
  4  5 81  4  95  273.40  277.20  277.80  278.30    7.82    6.93    6.37    5.06  306.80  310.60  307.50  308.40    6.56    6.89    6.82    7.98
  4  5 81  5  95  272.80  276.90  277.40  278.00    8.30    7.35    6.57    5.05  313.30  316.30  313.50  314.90    3.74    4.38    4.60    5.17
  4  5 81  6  95  272.70  276.60  277.10  277.60    7.00    6.18    5.60    4.50  310.10  313.00  310.50  312.20    7.85    7.91    7.32    7.94
  4  5 81  7  95  272.50  276.70  277.30  277.80    7.21    6.27    5.78    4.64  298.30  301.10  298.40  298.80    4.11    5.20    4.57    6.59
  4  5 81  8  95  272.70  276.50  277.10  277.60    6.60    5.70    5.35    4.39  316.00  320.60  317.70  318.00   19.39   21.49   22.17   24.48
  4  5 81  9  95  273.40  276.20  276.70  277.30    6.19    5.85    5.50    4.49  320.50  324.30  321.40  323.30    6.38    7.53    7.93    7.48
  4  5 81 10  95  272.70  276.20  276.80  277.30    7.43    6.83    6.41    5.14  307.00  310.00  307.50  307.90    6.13    6.02    5.80    6.76
  4  5 81 11  95  272.30  277.00  277.60  278.20    8.46    7.79    7.34    5.77  303.60  306.50  303.00  304.00    3.56    4.41    3.18    4.20
  4  5 81 12  95  271.60  277.60  278.20  278.90    8.58    7.87    7.30    5.98  299.20  301.80  300.10  299.80    4.11    5.03    4.22    5.11
  4  5 81 13  95  271.60  278.70  279.30  279.90    7.41    6.32    6.01    5.08  286.10  288.20  285.60  285.00    4.29    6.08    6.53    8.43
  4  5 81 14  95  271.70  279.30  280.00  280.70    7.85    6.58    6.25    5.52  283.00  285.50  284.10  286.00    2.27    4.82    5.10    5.88
  4  5 81 15  95  271.40  280.30  281.00  282.40    8.27    7.05    6.63    5.68  285.20  286.40  283.60  284.00    4.43    6.24    7.27    8.50
  4  5 81 16  95  270.30  281.30  282.00  283.00    9.33    8.22    7.74    6.32  291.90  294.30  292.00  292.00    6.32    7.32    7.21    6.43
  4  5 81 17  95  270.30  282.10  282.80  283.50    9.06    8.15    7.54    6.13  301.80  305.10  302.80  303.60   10.59   10.78   10.03   10.90
  4  5 81 18  95  269.60  282.10  282.70  283.20    9.14    8.35    7.57    5.85  314.80  318.00  315.90  316.80   10.86   10.90   10.42   10.59
  4  5 81 19  95  269.70  281.50  281.80  281.80    8.29    7.11    6.04    4.48  329.20  333.50  330.60  331.60    2.46    2.42    3.24    3.21
  4  5 81 20  95  269.90  280.90  281.10  280.50    7.81    6.76    5.66    3.96  333.00  336.60  333.30  332.20    3.31    4.20    4.12    4.17
  4  5 81 21  95  269.90  280.20  280.40  279.50    7.48    6.47    5.33    3.57  332.90  336.20  332.60  331.90    2.20    2.95    3.10    3.90
  4  5 81 22  95  269.50  279.70  279.70  278.70    8.36    7.09    5.64    3.66  333.00  332.90  326.50  323.70    1.75    1.64    1.27    2.17
  4  5 81 23  95 -999.99  279.10  279.10  277.70    8.64    7.19    5.61    3.13  329.50  325.80  315.90  312.80    1.09    2.85    4.18    4.65
  4  5 81 24  95 -999.99  278.50  278.40  277.30    8.67    7.01    5.23    3.25  329.70  323.60  314.30  309.40    2.05    1.66    2.14    1.68
  4  6 81  1  96 -999.99  278.30  277.60  276.80    7.71    6.08    4.66    2.93  337.90  324.50  309.50  303.80    2.14    2.69    3.10    3.28
  4  6 81  2  96 -999.99  278.30  277.30  276.50    6.46    5.33    4.08    2.92  333.50  312.20  295.60  288.20    4.28   10.16    7.34   10.17
  4  6 81  3  96 -999.99  277.40  276.20  275.80    6.12    5.19    4.35    3.48  329.50  307.10  292.60  288.80    2.64    3.03    2.34    3.90
  4  6 81  4  96 -999.99  277.20  276.30  275.00    6.33    6.04    4.92    3.63  333.10  314.60  298.70  296.00    2.57    3.01    3.40    4.83
  4  6 81  5  96 -999.99  276.80  275.80  274.00    4.87    5.79    4.55    2.69  345.50  328.40  316.20  310.40    5.73    6.18    7.86    6.91
  4  6 81  6  96 -999.99  276.30  275.60  274.10    3.51    3.32    3.18    1.78    7.12  345.10  326.20  316.20   11.39    8.63    7.31    7.27
  4  6 81  7  96 -999.99  276.50  275.30  275.00    2.15    1.68    1.20    0.90   59.25   10.03  347.50  332.90   17.08   11.88   18.88   26.05
  4  6 81  8  96 -999.99  276.70  276.50  277.20    2.55    1.23    1.02    1.05  124.60  125.20  118.20  121.40   16.84   51.05   66.33   66.73
  4  6 81  9  96  269.80  277.90  278.40  279.30    4.07    3.78    3.62    3.19  145.00  142.80  138.50  139.90   12.54   15.20   16.57   18.74
  4  6 81 10  96  268.10  279.40  279.80  280.80    3.60    3.44    3.28    2.88  158.10  156.20  152.00  152.30    7.11   10.08   10.82   15.06
  4  6 81 11  96  267.30  280.30  280.80  281.70    3.94    3.73    3.59    3.20  170.30  172.00  171.80  173.00   18.22   20.31   23.21   20.61
  4  6 81 12  96  266.70  281.30  281.80  282.70    4.76    4.57    4.41    3.88  175.60  175.90  173.40  176.20   15.61   17.82   18.76   20.70
  4  6 81 13  96  267.10  282.20  282.80  283.80    5.34    5.01    4.81    4.28  175.90  175.60  175.50  178.00   12.55   15.22   16.32   16.77
  4  6 81 14  96  266.40  283.20  283.80  284.60    5.54    5.24    5.10    4.47  181.70  183.80  182.60  183.10   13.41   13.68   13.20   13.89
  4  6 81 15  96  267.00  284.00  284.60  285.40    6.07    5.75    5.62    5.08  176.90  178.40  177.90  178.00    6.73    8.58    9.91   11.26
  4  6 81 16  96  268.00  285.20  285.70  286.70    7.32    7.08    6.96    6.25  179.40  180.60  179.40  179.90    5.87    6.93    8.25    7.92
  4  6 81 17  96  267.60  284.70  285.20  285.90    8.31    8.02    7.94    7.20  170.60  170.40  168.60  167.70    3.51    3.92    4.15    4.54
  4  6 81 18  96  268.20  284.70  285.20  285.90    8.95    8.72    8.55    7.84  172.60  173.10  172.30  172.60    3.34    3.28    3.47    3.32
  4  6 81 19  96  268.50  284.30  284.70  284.60    9.40    8.32    7.42    5.43  160.90  159.50  158.90  158.20    3.62    4.22    4.28    4.97
  4  6 81 20  96  269.20  284.00  283.90  283.10   11.28    9.18    7.63    5.02  159.10  157.60  156.30  156.10    1.98    1.94    1.41    1.62
  4  6 81 21  96  268.60  283.50  282.90  282.10   11.50    8.88    7.25    4.48  154.00  149.40  147.00  148.50    1.48    2.72    3.35    3.95
  4  6 81 22  96  270.10  282.10  281.60  280.70   12.07    8.85    7.15    4.38  153.50  149.70  146.90  147.80    4.31    6.68    7.51    6.21
  4  6 81 23  96  270.90  281.70  281.30  280.70   13.19   10.65    9.14    6.54  161.90  158.10  157.40  157.60    2.36    1.70    1.87    2.27
  4  6 81 24  96  271.70  281.70  280.80  280.20   13.61   10.80    9.20    6.41  163.70  156.70  156.20  155.90    1.08    1.33    1.59    2.27
  4  7 81  1  97 -999.99  281.10  280.40  279.60   12.79    9.33    7.92    5.58  167.40  163.10  161.30  159.80    1.04    1.74    2.61    3.19
  4  7 81  2  97 -999.99  281.00  280.30  279.20   12.80    9.51    8.02    5.47  167.30  161.70  159.40  157.60    1.25    1.13    1.57    1.97
  4  7 81  3  97 -999.99  280.80  279.80  279.00   13.35    9.38    7.80    5.40  169.90  163.20  162.00  160.40    0.84    0.57    0.92    1.91
  4  7 81  4  97 -999.99  280.70  279.80  278.80   13.66    9.87    8.32    5.63  168.10  162.50  158.90  157.10    1.92    0.99    2.21    2.30
  4  7 81  5  97 -999.99  280.40  279.80  279.20   14.19   10.57    9.14    6.84  167.50  163.90  162.70  162.00    1.05    0.71    0.92    1.91
  4  7 81  6  97 -999.99  280.40  280.00  279.70   13.56   10.27    8.91    6.90  167.60  164.40  163.60  163.60    0.80    0.90    0.95    1.32
  4  7 81  7  97  273.20  280.70  280.20  280.20   14.44   11.17    9.96    8.12  168.40  164.60  163.70  164.00    0.61    0.97    1.02    1.27
  4  7 81  8  97  273.50  282.30  282.60  283.00   13.89   12.05   11.60   10.48  170.70  168.80  168.40  168.90    1.27    1.48    1.43    1.78
  4  7 81  9  97 -999.99  285.00  285.60  286.30   14.48   13.84   13.57   12.37  176.90  177.00  175.90  176.20    2.54    4.27    3.96    4.63
  4  7 81 10  97 -999.99  287.10  287.70  288.40   15.31   14.92   14.80   13.51  183.50  185.20  183.30  182.80    1.63    2.18    2.47    2.44
  4  7 81 11  97 -999.99  288.60  289.20  290.10   16.10   15.61   15.46   14.08  182.80  184.40  182.30  182.10    2.52    2.74    2.76    2.33
  4  7 81 12  97 -999.99  289.60  290.20  291.30   15.95   15.60   15.51   14.20  182.80  184.40  182.70  182.30    1.61    2.12    1.97    2.01
  4  7 81 13  97 -999.99  290.90  291.60  292.80   15.81   15.55   15.41   13.76  187.20  189.30  187.60  187.20    4.02    3.63    3.59    4.31
  4  7 81 14  97 -999.99  291.80  292.50  293.60   16.34   15.97   15.72   13.74  190.50  192.80  191.20  191.70    3.15    3.62    3.59    3.72
  4  7 81 15  97 -999.99  292.50  293.20  294.20   17.45   16.84   16.62   15.04  186.50  188.50  186.70  186.60    3.06    3.37    3.07    3.43
  4  7 81 16  97  276.90  293.20  293.80  294.70   18.06   17.45   17.09   15.38  180.80  182.90  181.10  181.80    2.55    2.82    3.07    3.38
  4  7 81 17  97  276.70  293.90  294.40  295.00   18.55   17.85   17.43   15.64  182.60  184.60  182.30  182.40    1.63    2.14    2.29    2.33
  4  7 81 18  97  277.20  293.20  293.70  294.00   19.23   18.18   17.52   15.61  181.10  182.60  180.40  181.00    1.58    1.72    1.76    1.77
  4  7 81 19  97  277.50  291.90  292.30  292.30   17.95   16.08   15.04   13.21  181.70  183.30  181.20  181.00    1.05    1.09    1.24    1.50
  4  7 81 20  97  277.90  290.80  291.00  290.80   15.90   13.85   12.89   11.02  180.80  181.20  179.20  178.40    0.85    1.87    1.74    2.05
  4  7 81 21  97  278.00  290.00  290.20  290.10   17.10   14.90   13.69   11.79  184.70  185.50  183.50  183.40    1.83    2.38    1.80    2.00
  4  7 81 22  97  278.80  289.40  289.50  289.40   15.70   13.24   12.11   10.36  186.00  185.80  183.40  183.30    0.89    1.38    1.11    1.00
  4  7 81 23  97  278.70  288.80  289.00  288.80   14.90   12.57   11.41    9.68  186.20  184.90  183.00  182.40    1.47    1.76    1.48    1.63
  4  7 81 24  97  278.80  288.20  288.40  288.20   13.95   11.60   10.53    8.79  183.50  181.70  180.50  180.50    1.29    1.17    0.92    1.04
  4  8 81  1  98  279.50  288.00  288.00  287.80   15.05   12.61   11.33    9.47  181.10  180.60  179.20  178.90    0.51    0.61    0.77    1.25
  4  8 81  2  98  279.70  287.80  287.70  287.50   14.90   12.18   10.91    8.97  179.50  177.20  176.40  175.80    1.01    1.72    1.39    1.76
  4  8 81  3  98  279.50  287.50  287.30  286.90   14.99   12.35   11.04    9.06  174.80  171.50  170.40  170.60    1.62    2.18    2.55    2.33
  4  8 81  4  98  279.10  287.30  287.20  286.90   14.84   12.41   11.21    9.28  173.00  169.10  168.10  167.70    0.81    1.16    1.20    1.47
  4  8 81  5  98  279.20  287.00  287.10  286.80   13.68   11.36   10.23    8.16  168.10  165.10  163.80  163.90    1.77    1.48    1.46    1.89
  4  8 81  6  98  279.60  286.70  286.80  286.80   14.20   11.98   11.01    9.10  166.00  164.40  163.30  163.20    0.89    1.39    1.40    1.34
  4  8 81  7  98  279.80  286.80  287.10  287.20   14.35   12.33   11.43    9.81  171.10  170.30  169.10  169.30    4.06    4.89    5.21    5.43
  4  8 81  8  98  280.40  287.50  288.10  288.60   13.78   12.84   12.54   10.94  186.50  187.60  186.30  186.60    6.81    7.31    7.11    8.16
  4  8 81  9  98  281.00  287.90  288.50  289.00   14.04   13.32   12.83   10.36  198.50  199.60  198.10  198.10    2.71    3.24    2.98    3.40
  4  8 81 10  98  281.70  287.90  288.50  289.10   16.25   15.10   14.72   12.48  194.10  195.40  193.90  194.10    2.89    2.92    2.74    3.06
  4  8 81 11  98  282.50  288.80  289.40  290.30   16.47   16.09   15.85   14.05  189.60  191.20  189.20  189.00    1.61    1.68    1.64    1.65
  4  8 81 12  98  283.30  289.80  290.40  291.30   14.69   14.44   14.29   12.88  187.70  189.30  187.50  187.20    3.18    3.23    3.24    3.30
  4  8 81 13  98  283.70  290.70  291.20  292.10   14.11   14.00   13.85   12.91  182.70  182.30  180.20  180.00    2.55    2.53    2.64    2.86
  4  8 81 14  98  284.10  292.40  293.00  294.10   13.09   12.79   12.63   10.94  194.80  194.60  193.40  193.70    5.86    5.79    6.23    6.76
  4  8 81 15  98  284.80  292.70  293.30  294.20   13.67   13.38   13.24   11.88  188.10  189.10  187.80  188.50    3.21    3.45    3.76    4.27
  4  8 81 16  98  285.30  292.50  293.00  293.80   10.58   10.39   10.26    9.27  169.40  167.50  167.30  167.70    5.89    5.88    5.56    5.21
  4  8 81 17  98  285.10  293.30  293.80  294.60   12.64   12.33   12.16   10.95  178.10  177.60  176.40  177.10    7.67    8.57    8.09    8.30
  4  8 81 18  98  285.10  292.60  293.10  293.70   15.39   14.41   13.91   12.20  185.70  187.10  185.10  186.40    1.59    1.73    1.34    1.48
  4  8 81 19  98  285.20  291.60  292.00  292.40   15.48   13.84   12.96   11.33  185.20  187.10  185.20  185.40    2.04    2.51    2.57    2.29
  4  8 81 20  98  285.40  290.60  291.00  291.30   16.26   14.52   13.71   12.00  186.80  188.80  186.80  186.70    2.76    3.55    3.01    2.81
  4  8 81 21  98  285.60  290.40  290.80  291.00   17.03   15.24   14.39   12.13  192.50  194.10  191.90  191.70    4.13    3.94    3.57    4.02
  4  8 81 22  98 -999.99  289.90  290.10  290.30   15.02   12.91   11.76    8.72  206.90  208.80  207.50  209.00    2.76    3.15    3.94    4.19
  4  8 81 23  98 -999.99  288.40  288.70  288.90    8.22    6.92    5.98    4.52  261.40  264.80  263.50  264.50   34.20   35.35   34.45   33.89
  4  8 81 24  98  283.70  285.20  285.60  286.00    7.42    6.56    6.06    4.92  323.70  327.70  325.10  324.90    7.53    9.64   10.14   10.34
  4  9 81  1  99  282.10  283.40  283.90  284.30    9.71    8.94    8.06    6.31  324.40  327.50  324.80  324.90    5.42    6.31    6.75    6.56
  4  9 81  2  99  280.80  282.20  282.80  283.20    8.78    7.97    7.50    6.13  330.90  335.80  333.20  333.60    2.79    3.25    3.34    4.03
  4  9 81  3  99  280.00  281.50  282.00  282.40   10.39    8.81    8.37    6.79  337.60  341.30  338.20  338.60    4.33    5.17    5.55    5.35
  4  9 81  4  99  279.40  281.00  281.50  282.00    7.22    6.47    6.44    5.46  343.00  346.90  343.20  343.10    3.20    3.10    3.45    3.82
  4  9 81  5  99  278.70  280.50  281.00  281.50    6.71    6.19    6.27    5.19  343.40  348.50  345.70  347.00    5.78    6.99    7.49    8.43
  4  9 81  6  99  278.30  280.20  280.70  281.30    7.01    6.19    5.93    4.90  339.50  342.00  338.20  337.70    3.85    4.55    5.03    4.35
  4  9 81  7  99  277.90  280.10  280.70  281.20    4.93    5.01    5.07    4.42  348.70  351.00  347.30  348.20    7.47    8.34    8.51   10.26
  4  9 81  8  99  277.80  280.20  280.70  281.30    4.65    4.76    4.65    4.07   13.12   15.63   11.58   13.15   12.85   13.90   13.53   13.87
  4  9 81  9  99  277.90  280.60  281.10  281.80    4.62    4.48    4.36    3.89   45.17   48.51   45.68   47.70   15.58   17.10   17.37   19.37
  4  9 81 10  99  278.20  281.70  282.00  282.90    3.07    2.89    2.76    2.48   66.00   69.90   66.76   70.36    4.83    8.46    9.84   11.64
  4  9 81 11  99  278.70  283.00  283.50  284.30    2.47    2.41    2.30    2.07   87.10   90.47   84.88   88.30   13.33   20.07   25.01   32.34
  4  9 81 12  99  278.50  284.50  285.00  285.80    3.72    3.54    3.36    3.07   93.01   94.55   90.45   91.90    7.92    9.82   10.55   11.32
  4  9 81 13  99  278.00  286.00  286.60  287.30    4.08    3.91    3.76    3.48  101.40  105.70  100.70  102.40   10.56   11.85   11.17   10.14
  4  9 81 14  99  275.90  287.60  288.20  288.90    4.09    3.92    3.77    3.40  100.20  101.40   93.87   99.23   11.30   13.77   15.10   15.17
  4  9 81 15  99  276.10  288.50  289.00  289.70    4.09    3.89    3.65    3.22  126.00  127.90  122.30  124.20   12.28   13.72   17.04   19.37
  4  9 81 16  99  274.20  289.00  289.50  290.20    4.37    4.09    3.87    3.39  121.30  122.70  121.80  120.20    8.18    9.33    9.23   10.72
  4  9 81 17  99  275.60  289.40  289.90  290.70    4.31    3.97    3.74    3.32  117.00  116.40  115.20  114.20    9.32   10.57   10.10   12.34
  4  9 81 18  99  274.90  289.40  289.90  290.60    5.51    5.15    4.77    3.64  132.10  133.40  132.60  133.40    5.67    7.10    6.95    8.81
  4  9 81 19  99  274.70  289.10  289.40  289.20    6.71    5.90    4.93    3.29  132.70  132.80  130.10  130.40    1.10    1.67    2.23    3.30
  4  9 81 20  99 -999.99  288.80  288.60  287.60    7.68    6.01    4.73    2.91  125.70  121.00  115.90  111.80    4.69    5.87    6.76    7.91
  4  9 81 21  99 -999.99  288.60  287.90  287.00    9.38    6.92    5.43    3.44  121.80  116.00  111.40  107.10    1.46    2.09    3.78    4.46
  4  9 81 22  99 -999.99  288.20  287.60  286.60    9.58    6.98    5.31    3.50  120.50  117.20  114.10  110.30    1.64    1.03    2.18    2.29
  4  9 81 23  99 -999.99  287.70  286.90  286.00    9.58    6.62    5.28    3.42  127.10  117.90  112.30  108.60    2.27    2.39    2.55    3.36
  4  9 81 24  99 -999.99  286.90  286.50  286.50   10.46    7.15    5.79    3.82  127.00  123.90  121.80  120.20    2.31    3.37    4.25    6.75
  4 10 81  1 100 -999.99  286.10  286.20  286.30   10.35    8.01    6.81    4.82  125.40  123.80  123.20  123.20    4.49    6.88    8.04    8.93
  4 10 81  2 100 -999.99  284.70  284.30  284.60   11.37    8.61    7.35    5.39  129.10  127.20  126.10  125.70    7.65   11.10   12.93   15.59
  4 10 81  3 100 -999.99  284.40  284.60  284.70    9.88    7.26    6.17    4.69  125.80  122.70  116.60  116.40    4.61    6.00    6.06    6.89
  4 10 81  4 100 -999.99  284.20  284.30  284.50    9.59    7.20    5.88    3.73  137.00  139.30  135.30  137.10    6.15    7.31    7.07    8.58
  4 10 81  5 100 -999.99  284.20  284.40  284.70    7.55    6.02    5.15    4.05  116.40  112.40  108.80  103.90   22.24   23.93   25.16   25.56
  4 10 81  6 100 -999.99  284.90  284.70  284.90   10.36    8.19    6.92    4.46  141.90  139.70  136.00  132.00    3.06    2.36    3.10    2.83
  4 10 81  7 100 -999.99  285.40  285.30  285.40   10.68    8.12    6.38    3.70  149.10  146.70  142.20  141.70    2.06    1.59    2.74    4.01
  4 10 81  8 100 -999.99  286.60  286.80  287.20   10.67    8.89    8.17    6.53  160.90  160.70  157.20  154.60    4.97    6.18    7.16    5.99
  4 10 81  9 100  284.60  288.20  288.70  289.20   11.13   10.26    9.95    9.00  171.70  172.40  169.90  168.50    2.72    2.48    2.67    3.72
  4 10 81 10 100  287.50  290.90  291.40  292.20   10.65   10.56   10.50    9.61  179.60  178.00  177.50  177.90    4.23    5.30    5.43    5.67
  4 10 81 11 100  288.90  293.50  294.00  294.70   10.11    9.94    9.89    9.11  184.00  182.20  181.70  182.10    2.58    2.66    2.80    3.48
  4 10 81 12 100  288.80  295.90  296.40  297.30    9.95    9.84    9.75    8.73  190.10  189.50  189.20  189.00    4.20    4.88    5.09    5.42
  4 10 81 13 100  287.80  297.60  298.20  299.10   11.03   10.87   10.71    8.94  202.20  201.20  200.50  200.90    5.78    5.16    4.98    5.55
  4 10 81 14 100  287.70  298.20  298.80  299.50   10.01    9.70    9.45    7.94  200.80  200.70  199.90  201.10    3.88    3.79    3.35    4.01
  4 10 81 15 100  288.30  298.60  299.10  299.70    8.24    8.04    7.99    7.15  190.40  189.20  188.80  188.20    4.86    4.62    4.95    5.21
  4 10 81 16 100  287.50  299.90  300.40  301.00    8.10    7.96    7.74    6.84  201.60  199.10  197.90  198.20    8.20    8.62    8.69    9.69
  4 10 81 17 100  285.20  300.70  301.20  301.60    8.34    7.65    7.11    5.63  215.70  214.80  213.00  211.00    4.18    5.42    5.59    5.88
  4 10 81 18 100  284.60  300.50  300.30  300.20    9.98    7.77    6.78    4.99  203.30  201.90  200.60  200.60    5.80    4.94    4.45    4.43
  4 10 81 19 100 -999.99  300.10  299.20  297.80   13.15   10.11    8.26    5.91  199.60  197.10  195.50  193.80    1.64    1.69    1.68    1.72
  4 10 81 20 100 -999.99  298.80  297.40  295.50   14.48   11.44    9.25    6.73  193.10  185.20  181.40  179.50    1.10    2.81    2.97    3.26
  4 10 81 21 100 -999.99  297.30  296.20  294.60   15.51   11.76    9.71    7.13  193.00  190.40  187.90  187.60    1.91    1.95    3.63    5.00
  4 10 81 22 100 -999.99  296.10  295.30  294.20   13.62   10.83    9.08    6.38  198.90  194.60  193.80  194.60    5.48    5.52    5.89    5.79
  4 10 81 23 100 -999.99  295.20  294.40  293.50   13.59   10.66    8.62    6.40  193.60  188.30  185.90  185.20    2.43    4.10    3.52    3.34
  4 10 81 24 100 -999.99  294.40  293.80  293.10   13.09    9.76    8.02    5.72  199.00  197.30  195.40  196.10    1.34    2.53    3.00    3.63
  4 11 81  1 101 -999.99  293.90  293.50  293.10   13.18   10.09    8.69    6.03  201.90  200.00  198.60  199.40    1.21    1.75    2.13    3.10
  4 11 81  2 101 -999.99  293.70  293.10  292.50   13.30   10.13    8.69    6.15  203.00  199.70  198.30  198.00    1.57    1.65    2.02    2.25
  4 11 81  3 101 -999.99  293.30  292.40  291.60   10.91    8.00    6.47    4.12  212.50  205.00  201.20  200.60    3.67    2.53    2.34    2.71
  4 11 81  4 101 -999.99  292.60  292.20  291.80    9.64    7.18    5.79    3.78  234.20  235.60  233.90  232.80   25.03   32.53   35.56   40.15
  4 11 81  5 101 -999.99  292.40  292.70  292.60    6.49    5.06    4.30    3.14  274.60  275.80  272.50  272.40   10.87   13.68   14.43   13.88
  4 11 81  6 101 -999.99  289.80  289.80  290.10    5.83    4.32    3.39    2.40  302.10  313.10  315.50  321.70    4.19   11.12   14.49   16.30
  4 11 81  7 101 -999.99  289.40  289.50  289.60    3.77    2.25    1.54    0.97  308.10  324.60  333.20  351.30    3.52    8.50   16.01   19.54
  4 11 81  8 101 -999.99  289.00  289.20  289.50    4.27    3.52    3.01    2.25  269.70  269.80  234.10  224.10   30.94   50.62   75.89   73.92
  4 11 81  9 101 -999.99  288.80  289.00  289.50    5.45    5.40    5.34    4.84  201.00  194.00  190.20  189.30   10.71    8.77    7.63    6.52
  4 11 81 10 101 -999.99  289.10  289.20  289.60    8.33    7.84    7.69    6.81  195.10  190.60  188.90  189.30    6.39    7.20    6.90    6.48
  4 11 81 11 101 -999.99  289.20  288.90  289.20    8.22    7.40    6.57    4.99  215.80  208.80  207.70  208.50    6.63    8.55    9.63    8.89
  4 11 81 12 101 -999.99  289.20  289.10  289.50    5.44    5.43    5.36    5.00  199.00  186.00  184.30  184.50   11.87    6.46    5.99    5.96
  4 11 81 13 101 -999.99  288.60  289.30  289.70    7.45    6.85    6.56    5.73  183.90  183.00  182.60  182.70    4.38    5.82    5.77    5.69
  4 11 81 14 101 -999.99  289.30  289.70  290.20    6.95    5.96    5.74    5.10  170.80  164.50  162.50  161.80    4.14    3.31    3.15    3.27
  4 11 81 15 101 -999.99  292.70  292.40  293.10    8.02    7.55    6.98    5.59  222.60  221.70  220.80  221.80   19.24   21.55   22.45   23.46
  4 11 81 16 101 -999.99  294.10  293.60  294.30    8.13    7.65    7.15    5.54  248.50  250.20  248.00  250.60    4.16    4.69    5.31    5.11
  4 11 81 17 101 -999.99  293.70  293.80  294.20    6.88    6.22    5.85    4.50  254.30  255.00  251.90  253.30    5.66    4.96    4.25    3.75
  4 11 81 18 101 -999.99  293.60  293.80  294.10    4.11    3.71    3.48    2.56  260.10  259.40  255.40  253.60    4.12    4.50    5.21    6.34
  4 11 81 19 101 -999.99  292.70  293.70  293.60    1.71    1.37    1.09    0.96  267.50  260.40  250.70  167.60   27.05   35.17   44.62   89.10
  4 11 81 20 101 -999.99  292.90  293.70  292.90    0.89    1.25    1.53    1.44   66.01   87.09   88.73  100.50   61.76   42.11   36.66   32.14
  4 11 81 21 101 -999.99  292.90  293.70  292.20    3.02    2.85    3.12    1.70  139.40  138.50  134.50  139.30   16.82   13.98   12.87   11.05
  4 11 81 22 101 -999.99  292.80  292.70  291.50    6.02    4.24    3.21    1.55  145.50  143.20  134.70  124.10    3.55    4.59    6.60    9.31
  4 11 81 23 101 -999.99  292.30  292.10  291.40    7.67    4.84    3.69    2.23  176.80  162.70  147.50  129.30   14.25   17.82   22.44   28.61
  4 11 81 24 101 -999.99  293.30  292.30  291.20   11.68    7.98    6.18    4.17  201.60  196.30  192.30  190.70    2.99    3.16    3.68    4.85
  4 12 81  1 102 -999.99  292.90  292.10  291.20   12.07    8.72    6.91    5.05  199.60  193.30  189.10  189.40    1.20    2.54    2.28    2.31
  4 12 81  2 102 -999.99  293.00  291.80  291.10   13.47   10.53    8.82    6.73  202.70  193.20  190.40  189.50    3.18    2.94    3.07    2.97
  4 12 81  3 102 -999.99  292.60  291.40  290.70   10.34    7.80    6.40    4.32  209.90  199.60  197.40  197.90    1.81    1.80    2.68    3.77
  4 12 81  4 102 -999.99  291.60  290.70  289.90    7.60    5.53    4.30    2.83  213.90  199.40  193.70  192.00    4.29    4.35    3.26    6.86
  4 12 81  5 102 -999.99  291.10  290.60  290.30    5.90    4.52    3.67    2.35  267.70  259.40  255.90  252.60   36.26   43.08   44.19   46.14
  4 12 81  6 102 -999.99  290.40  290.40  290.00    1.98    1.28    0.81    0.71    8.69  348.80   35.25   99.23   38.13   56.13   77.97   82.04
  4 12 81  7 102 -999.99  286.80  286.10  285.80    9.17    9.12    8.16    6.33    5.94   17.72   21.33   29.48   27.36   38.94   48.48   56.37
  4 12 81  8 102 -999.99  288.90  287.90  287.10   10.86    9.50    8.39    6.51   86.31   95.79   98.77  105.70   20.96   16.66   14.39   13.17
  4 12 81  9 102 -999.99  288.40  288.40  289.10    6.62    5.95    5.52    4.37  186.10  194.10  196.50  202.40   47.35   47.21   49.05   49.55
  4 12 81 10 102  286.00  288.70  289.80  291.30    7.53    7.44    7.14    5.85  210.00  209.90  208.90  209.80    7.02    5.41    5.28    6.10
  4 12 81 11 102  286.20  291.60  292.10  293.60    9.14    8.69    7.54    5.56  229.00  228.50  227.40  227.70    4.68    4.95    4.95    6.54
  4 12 81 12 102  286.50  291.70  292.30  293.00    6.77    6.26    5.66    4.43  216.80  217.00  215.60  214.00    9.13    9.37    9.76    9.56
  4 12 81 13 102  287.40  292.30  292.80  293.20    7.06    6.39    5.61    4.32  216.80  217.10  216.70  216.70    8.09    7.12    7.58    8.05
  4 12 81 14 102  286.90  293.40  293.80  294.20    2.76    2.69    2.59    2.32  161.80  160.80  160.60  162.50   26.89   27.69   29.86   27.91
  4 12 81 15 102 -999.99  293.70  294.20  294.50    5.11    4.98    4.79    4.04  224.20  223.80  223.10  224.80   43.78   48.52   51.76   57.89
  4 12 81 16 102 -999.99  293.70  293.90  294.10    3.31    3.16    2.95    2.23  354.70   18.74   32.43   85.82   75.94   77.03   81.85   79.31
  4 12 81 17 102 -999.99  294.00  294.30  294.60    4.55    4.60    4.45    3.76  228.80  232.80  230.70  233.60   56.87   60.24   61.87   62.91
  4 12 81 18 102 -999.99  293.70  294.20  294.50    4.49    4.29    3.93    3.16  331.20  334.00  331.90  330.80   45.22   43.38   41.76   41.28
  4 12 81 19 102  288.30  290.60  291.10  291.40    7.37    6.28    5.68    4.82   55.97   56.48   53.54   55.59    4.22    4.58    5.06    5.30
  4 12 81 20 102  287.60  289.70  290.00  290.20    8.09    6.69    5.77    4.70   78.83   79.03   75.37   78.08    7.89    9.58    9.47   10.35
  4 12 81 21 102  287.10  289.40  289.50  289.60    8.39    6.62    5.63    4.52   96.29   97.66   93.83   94.02    5.24    6.28    7.12    7.61
  4 12 81 22 102  286.80  289.20  289.30  289.30    8.05    6.32    5.44    4.32  107.00  106.70  102.10  103.20    2.64    3.30    2.87    3.01
  4 12 81 23 102  286.80  289.30  289.20  289.10    9.61    7.09    6.02    4.37  116.90  119.70  116.60  118.30    5.61    5.71    5.99    6.01
  4 12 81 24 102  287.30  289.90  289.30  289.20    8.83    6.37    5.09    3.51  129.20  123.10  119.50  122.20    8.67    4.26    4.05    4.09
  4 13 81  1 103  287.70  290.80  290.40  290.20    9.61    7.76    6.76    4.93  147.80  145.00  138.40  136.00   32.81   13.24   12.43   12.37
  4 13 81  2 103  287.70  292.60  292.50  292.20   10.04    8.38    7.18    5.42  204.80  197.90  191.10  186.90   21.42   24.26   27.60   31.24
  4 13 81  3 103 -999.99  294.10  292.70  291.90   11.74   10.06    8.66    6.50  292.80  294.50  285.30  280.40   33.97   57.45   66.05   65.83
  4 13 81  4 103 -999.99  295.80  294.80  292.50    6.19    6.14    5.40    3.57   16.56   33.52   30.87   22.52   11.80   10.24   18.97   40.80
  4 13 81  5 103 -999.99  293.30  293.10  290.60    4.69    5.56    5.18    3.07  185.30  195.50  196.80  201.90   43.53   19.19   17.34   16.72
  4 13 81  6 103 -999.99  292.10  291.20  290.60    7.18    5.99    5.10    3.93  325.60  328.70  324.20  327.10   70.71   68.45   62.94   57.62
  4 13 81  7 103 -999.99  292.50  291.10  290.10    4.84    4.43    3.66    2.73   48.32   64.08   71.42   79.16   14.72   19.62   24.32   28.11
  4 13 81  8 103 -999.99  290.40  290.20  290.10    6.23    4.62    4.01    3.20   85.64   97.86   96.52   99.33   13.72    8.11    5.96    8.30
  4 13 81  9 103 -999.99  289.70  290.10  290.50    9.17    7.99    7.24    6.24  103.60  106.00  102.40  104.80    3.07    2.56    3.12    2.67
  4 13 81 10 103 -999.99  290.10  290.40  290.70    8.69    7.13    6.18    4.93  111.70  115.20  112.70  114.00    5.19    5.30    6.22    5.25
  4 13 81 11 103  286.50  290.70  291.10  291.60    8.41    7.02    6.28    5.13  120.60  122.00  118.80  120.70    4.44    3.54    3.85    4.69
  4 13 81 12 103  288.10  291.70  292.20  292.80    7.21    6.83    6.36    5.12  127.70  128.50  125.50  124.40    8.76    9.35    9.43    8.03
  4 13 81 13 103  289.50  292.70  293.30  293.90    8.04    7.71    7.11    5.18  140.30  141.40  137.80  134.20    2.85    3.97    4.08    5.44
  4 13 81 14 103  290.20  294.50  295.00  295.60    8.71    8.48    8.15    6.88  161.00  161.10  159.40  158.10   10.32   10.75   12.15   11.77
  4 13 81 15 103  290.10  295.80  296.30  296.60   10.42   10.02    9.80    8.69  182.70  181.60  181.60  181.60    7.42    7.55    7.96    8.00
  4 13 81 16 103  290.20  296.20  296.60  297.00   11.37   10.98   10.70    9.43  188.90  188.10  187.90  187.50    2.13    2.27    2.40    2.02
  4 13 81 17 103 -999.99  296.40  296.70  296.90   10.59    9.58    9.03    7.82  185.70  184.00  183.70  183.40    3.95    4.55    4.43    4.48
  4 13 81 18 103 -999.99  296.70  296.70  296.50   10.33    8.49    7.51    6.18  178.00  172.90  171.00  170.50    1.52    1.50    2.26    2.70
  4 13 81 19 103 -999.99  296.60  296.60  295.70    9.12    7.06    5.90    3.91  169.00  162.20  158.20  155.90    3.74    4.95    6.15    5.89
  4 13 81 20 103 -999.99  296.90  296.50  295.90   13.33   10.15    8.74    6.70  183.10  180.40  179.60  179.70    3.59    3.66    4.27    5.14
  4 13 81 21 103 -999.99 -999.99 -999.99 -999.99 -999.99 -999.99 -999.99 -999.99 -999.99 -999.99 -999.99 -999.99    1.95    2.75    3.26    4.33
  4 13 81 22 103 -999.99  296.00  295.90  295.20   16.53   13.91   12.57   10.16  189.50  188.90  186.20  185.50    3.69    4.50    4.38    4.06
  4 13 81 23 103 -999.99  295.30  295.10  294.70   21.11   17.86   16.37   12.71  204.40  203.50  201.40  201.10    3.23    3.76    3.92    3.46
  4 13 81 24 103  286.60  288.70  289.10  289.90   17.69   15.31   13.42    9.52  229.60  228.60  225.70  226.30   14.15   16.57   16.30   17.55
  4 14 81  1 104  286.70  289.40  289.10  290.10   14.22   11.70   10.12    7.01  230.10  227.20  225.10  225.50   13.94   15.79   16.88   16.91
  4 14 81  2 104  286.90  289.70  289.70  290.30   13.56   11.12   10.02    7.68  253.50  254.50  251.80  253.80    2.16    2.80    2.92    3.68
  4 14 81  3 104  286.30  288.30  288.90  289.30   14.14   11.68   10.41    8.10  280.60  282.60  279.50  279.80   19.04   19.42   19.16   17.73
  4 14 81  4 104  284.10  285.70  287.00  287.30   14.28   12.78   11.50    8.92  319.90  322.80  319.60  320.90    7.38    7.62    7.22    7.94
  4 14 81  5 104  282.40  285.10  286.50  286.80   15.43   13.98   12.52    9.88  323.80  326.40  323.30  323.50    5.07    5.26    5.49    4.80
  4 14 81  6 104  280.60  284.50  285.10  285.50   15.72   13.89   12.97   10.54  337.00  340.70  337.60  338.20    3.69    4.21    4.20    4.47
  4 14 81  7 104  278.70  283.30  283.80  284.30   12.76   10.17   10.58    8.94  345.30  348.90  346.00  346.50    1.15    1.42    1.45    2.77
  4 14 81  8 104  277.50  282.00  282.60  283.20   11.06   10.52   10.92    9.20  349.60  353.30  349.60  350.80    5.78    6.49    6.38    6.73
  4 14 81  9 104  276.80  281.60  282.20  282.90    9.34    9.72   10.35    8.94  352.60  356.50  353.40  354.70    4.38    4.85    4.59    5.29
  4 14 81 10 104  276.20  281.30  281.90  282.80   11.28    9.85   10.40    9.01  345.00  348.10  345.40  345.50    3.84    4.39    4.64    5.81
  4 14 81 11 104  275.30  281.60  282.20  283.10    8.15    7.92    8.47    7.34  348.80  352.80  349.90  351.10    5.30    5.71    5.50    7.30
  4 14 81 12 104 -999.99  282.10  282.70  283.70    6.14    6.57    6.91    6.07  353.60  356.80  353.20  353.20    6.30    7.81    7.33    7.69
  4 14 81 13 104 -999.99  283.50  284.10  284.90    5.45    6.01    6.37    5.65  352.90  356.60  355.00  356.80    3.54    4.20    4.54    4.54
  4 14 81 14 104 -999.99  284.30  284.90  285.70    6.70    8.10    8.20    7.24    1.80    6.07    3.02    4.81    2.54    3.36    3.28    2.47
  4 14 81 15 104 -999.99  285.00  285.60  286.50    6.69    7.13    7.65    6.76  351.20  354.30  351.10  353.20    5.28    4.60    5.41    6.43
  4 14 81 16 104 -999.99  285.40  286.00  286.90    7.47    7.40    7.68    6.81  348.50  352.20  349.40  350.00    3.92    4.20    4.35    5.70
  4 14 81 17 104 -999.99  285.60  286.20  286.80    6.22    6.69    6.89    6.20  351.90  355.40  352.80  353.50    5.90    5.95    5.73    7.40
  4 14 81 18 104 -999.99  285.40  285.90  286.30    6.20    5.53    5.71    4.89  347.00  350.00  346.50  346.50    2.74    3.37    3.42    4.30
  4 14 81 19 104 -999.99  284.70  285.00  285.10    7.33    5.61    5.29    4.10  344.10  347.80  344.30  344.20    2.89    3.26    3.57    4.27
  4 14 81 20 104 -999.99  283.80  283.90  283.70    8.69    5.65    4.94    3.81  342.30  348.00  345.20  344.70    1.04    1.08    1.17    2.56
  4 14 81 21 104 -999.99  282.70  282.70  282.40    8.06    4.90    4.36    3.34  343.80  348.70  346.10  344.70    0.96    1.29    1.11    2.46
  4 14 81 22 104 -999.99  281.80  281.70  281.70    5.69    4.32    4.19    3.25  347.60  352.60  350.10  352.00    1.75    2.40    3.27    3.85
  4 14 81 23 104 -999.99  281.20  281.00  281.00    4.88    4.42    4.12    3.25  358.10  356.20  351.40  352.00    4.05    2.27    1.38    1.22
  4 14 81 24 104 -999.99  280.50  280.40  280.70    7.40    5.01    4.17    3.22   14.30   10.42    4.21    5.66    3.70    3.67    3.40    5.09
  4 15 81  1 105 -999.99  280.10  280.10  280.10    8.73    6.58    5.62    4.17   25.10   21.10   14.07   13.25    2.17    2.93    3.22    2.05
  4 15 81  2 105 -999.99  279.80  279.70  279.50    8.23    6.46    5.63    3.93   35.83   29.17   22.57   21.89    4.66    2.61    2.87    2.65
  4 15 81  3 105 -999.99  278.90  278.70  278.40    7.05    5.24    4.32    2.95   49.63   43.01   36.33   34.69    4.48    5.85    6.98    7.83
  4 15 81  4 105 -999.99  278.60  278.00  277.70    7.19    5.46    4.53    3.15   63.32   51.85   43.89   43.94    5.82    4.02    1.81    1.89
  4 15 81  5 105 -999.99  278.30  277.70  277.50    7.49    4.90    4.13    3.11   73.08   64.24   55.38   49.71    2.68    3.33    5.54    5.63
  4 15 81  6 105 -999.99  278.60  277.30  277.20    8.17    5.33    3.91    3.11   84.39   73.87   67.32   67.66    2.85    3.69    2.80    3.78
  4 15 81  7 105 -999.99  278.80  277.40  277.50    7.97    5.25    4.04    3.33   92.18   82.14   75.73   78.24    2.98    3.12    3.37    4.13
  4 15 81  8 105 -999.99  278.60  278.90  279.30    5.37    4.52    4.34    4.15   92.02   89.69   84.92   86.15    3.03    2.94    3.06    3.19
  4 15 81  9 105  269.10  279.70  280.30  281.10    5.99    5.91    5.67    5.23  100.80  103.60   99.52  100.80    4.03    3.79    3.73    3.95
  4 15 81 10 105  269.40  280.40  281.00  281.70    5.27    5.07    4.88    4.52   98.85  101.60   98.36   99.90    5.26    6.23    5.84    7.56
  4 15 81 11 105  270.60  281.20  281.80  282.50    4.65    4.50    4.31    3.97   97.21  100.00   95.87   92.57    7.23    9.58   12.47   14.42
  4 15 81 12 105  271.30  282.30  282.80  283.60    4.22    4.02    3.86    3.49   95.96   97.64   97.63   96.37   11.76   12.90   13.47   13.73
  4 15 81 13 105  272.20  283.20  283.70  284.40    3.81    3.52    3.29    2.96   94.57   96.65   90.09   89.85   15.10   20.08   20.70   22.91
  4 15 81 14 105  273.00  283.90  284.40  285.10    4.66    4.53    4.40    4.00   84.26   84.92   76.96   82.29    9.10    8.97    9.45   12.14
  4 15 81 15 105  272.50  284.70  285.20  286.00    4.33    4.20    4.01    3.71  103.20  106.90   99.46  104.50    7.85    9.48    9.97    9.93
  4 15 81 16 105  272.10  285.20  285.80  286.40    4.48    4.35    4.27    3.94  100.40  102.10   94.86   99.99    5.87    7.14    7.42    8.32
  4 15 81 17 105  271.60  285.60  286.10  286.70    4.62    4.45    4.20    3.76  113.70  116.70  108.60  111.80    9.28   10.76   10.75   11.22
  4 15 81 18 105  272.20  285.50  286.00  286.40    4.07    3.86    3.51    2.78  119.30  122.60  115.00  119.10    3.65    4.44    5.46    6.46
  4 15 81 19 105 -999.99  285.30  285.70  285.50    4.65    4.24    3.54    2.07  131.60  135.40  127.60  126.00    6.42    7.33    7.92   11.66
  4 15 81 20 105 -999.99  285.30  285.30  284.50    5.85    4.84    3.76    2.35  119.40  119.90  108.50  105.80    2.89    3.43    4.65    6.60
  4 15 81 21 105 -999.99  285.20  285.20  283.80    6.39    5.61    3.95    1.89  126.00  129.30  121.20  116.10    0.93    1.02    2.53    2.30
  4 15 81 22 105 -999.99  285.00  284.80  282.90    7.03    6.23    4.41    2.48  126.40  128.10  117.30  112.40    1.63    1.05    1.67    2.16
  4 15 81 23 105 -999.99  284.90  284.20  282.30    7.49    6.18    4.37    2.31  138.60  134.40  122.00  117.00    3.48    3.86    4.14    4.50
  4 15 81 24 105 -999.99  284.80  283.50  281.60    8.14    6.05    4.16    1.97  141.30  140.60  130.40  130.40    0.97    1.84    2.75    5.67
  4 16 81  1 106 -999.99  284.60  283.10  280.50    8.21    6.17    4.44    2.30  147.30  151.20  146.00  153.20    1.76    2.04    3.25    5.65
  4 16 81  2 106 -999.99  284.40  282.80  280.20    8.99    6.76    4.91    2.14  149.20  152.70  145.10  144.20    0.91    1.59    2.62    4.64
  4 16 81  3 106 -999.99  284.40  282.40  279.60    8.67    7.07    4.93    2.31  153.70  151.50  140.80  136.30    2.39    1.34    2.99    4.87
  4 16 81  4 106 -999.99  284.10  282.10  279.50    9.65    7.49    5.13    2.35  159.00  150.30  136.30  135.80    2.74    1.24    1.59    1.89
  4 16 81  5 106 -999.99  283.20  281.50  279.70   10.19    6.74    5.09    2.39  167.70  159.10  144.20  144.20    2.48    2.66    2.95    5.91
  4 16 81  6 106 -999.99  282.30  280.90  279.80    9.31    5.80    4.32    2.36  173.10  166.90  151.70  148.80    2.85    2.81    3.67    3.71
  4 16 81  7 106 -999.99  282.60  281.10  280.70    8.86    5.22    3.95    2.59  177.20  171.00  159.20  157.90    1.38    3.39    5.81    6.87
  4 16 81  8 106 -999.99  282.60  281.90  282.30    7.54    4.86    4.25    3.58  177.60  166.60  164.80  162.90    3.96    6.47    7.81    7.14
  4 16 81  9 106 -999.99  282.90  283.10  283.40    7.04    5.40    5.03    4.31  173.10  169.10  168.00  167.30    6.82    9.85   11.39   12.10
  4 16 81 10 106 -999.99  282.50  282.50  282.70    6.57    5.03    4.69    3.94  187.40  183.10  184.00  184.00   11.30   17.71   20.76   23.28
  4 16 81 11 106 -999.99  282.70  282.40  282.70    3.82    2.42    1.91    1.52  179.60  161.40  157.40  152.10   17.75   16.22   18.22   18.84
  4 16 81 12 106 -999.99  284.30  284.70  285.20    4.77    4.33    4.09    3.45  159.30  154.60  153.10  151.30    5.41    7.81    9.91    9.60
  4 16 81 13 106 -999.99  287.10  287.60  288.20    5.85    5.78    5.77    5.31  182.80  181.40  180.70  179.60    6.51    6.97    6.98    7.13
  4 16 81 14 106 -999.99  288.60  289.20  289.80    5.65    5.52    5.44    4.87  188.00  186.40  186.00  186.30    5.42    5.52    6.23    6.80
  4 16 81 15 106 -999.99  289.90  290.40  291.00    7.83    7.60    7.45    6.27  194.90  195.80  195.60  196.40    4.21    4.55    4.42    5.74
  4 16 81 16 106 -999.99  289.40  289.90  290.20    9.49    9.29    8.99    7.85  185.00  184.90  184.90  184.10    3.56    3.86    3.96    4.07
  4 16 81 17 106 -999.99  289.60  290.10  290.60    8.13    7.89    7.69    6.85  180.30  179.70  179.60  179.40    5.77    5.46    5.54    5.39
  4 16 81 18 106 -999.99  290.30  290.60  290.40    9.04    7.81    7.12    5.56  163.90  162.50  162.20  161.40    2.38    1.48    1.61    2.24
  4 16 81 19 106 -999.99  290.80  290.80  290.10   12.25   10.21    9.09    7.11  174.50  172.00  171.30  171.00    2.20    2.08    2.17    2.24
  4 16 81 20 106 -999.99  290.20  290.00  289.20   12.83   10.13    8.73    6.71  185.80  182.40  181.10  180.00    3.22    3.07    2.13    1.89
  4 16 81 21 106 -999.99  290.20  289.90  289.20   12.34    9.65    8.30    6.32  189.20  185.70  184.20  183.00    0.76    1.05    1.62    1.86
  4 16 81 22 106 -999.99  290.10  289.90  289.30   12.66    9.93    8.56    6.10  201.30  198.40  196.00  194.20    5.76    7.68    7.90    8.88
  4 16 81 23 106 -999.99  290.30  289.60  289.00   13.80   10.48    9.14    6.58  207.40  201.60  198.30  196.20    1.81    3.35    3.38    4.75
  4 16 81 24 106 -999.99  289.10  288.70  288.20   11.72    8.72    7.48    5.56  200.20  195.60  194.00  193.20    2.63    2.13    2.22    1.91
  4 17 81  1 107 -999.99  289.70  289.10  288.70   12.51    9.19    7.85    5.60  207.90  203.30  200.80  200.20    2.46    2.38    1.79    1.81
  4 17 81  2 107 -999.99  289.00  288.50  288.20   13.19    9.73    8.34    5.58  212.50  207.80  205.20  204.90    1.98    1.84    2.19    2.97
  4 17 81  3 107 -999.99  289.40  288.70  288.40   12.95    9.61    8.19    5.81  217.00  212.60  210.20  210.60    1.99    1.22    1.60    2.74
  4 17 81  4 107 -999.99  289.80  288.80  288.10   12.24    9.07    7.26    4.89  222.40  216.80  213.40  211.20    1.00    1.64    1.86    1.78
  4 17 81  5 107 -999.99  289.40  288.70  287.70   11.42    7.57    5.29    2.95  226.50  225.00  222.10  216.60    1.47    1.96    2.41    2.63
  4 17 81  6 107 -999.99  289.60  288.90  287.90   11.86    8.10    5.82    3.40  228.20  225.80  221.30  215.00    0.80    1.60    2.74    2.58
  4 17 81  7 107 -999.99  289.80  289.80  289.70   11.69    9.28    6.87    4.27  228.00  227.50  226.50  223.60    0.86    1.01    1.74    2.20
  4 17 81  8 107 -999.99  290.20  290.60  291.10   11.63   10.02    8.42    5.94  234.00  234.40  232.60  235.00    2.92    2.89    2.36    4.71
  4 17 81  9 107  286.50  291.30  291.90  292.70   11.67   10.82   10.02    7.79  247.20  248.20  246.30  247.80    5.06    6.35    6.48    5.84
  4 17 81 10 107  287.10  292.50  293.20  294.30   11.69   10.84   10.18    7.85  254.60  257.80  255.00  255.60    1.72    2.57    2.47    3.44
  4 17 81 11 107  287.40  293.50  294.10  295.10   10.44    9.86    9.37    7.26  247.20  249.40  247.00  249.50    4.11    4.12    3.57    4.56
  4 17 81 12 107  287.40  294.30  294.90  296.00   10.37    9.90    9.15    7.20  237.70  239.00  236.70  240.70    2.89    3.87    3.62    5.15
  4 17 81 13 107  287.70  295.30  295.90  296.80    8.99    8.64    8.07    6.18  238.70  240.10  238.20  238.80    4.53    6.03    6.15    5.80
  4 17 81 14 107  287.70  296.40  297.00  298.00    8.89    8.37    7.93    6.16  244.10  246.70  244.40  246.90    3.85    4.03    4.55    6.34
  4 17 81 15 107  287.20  297.30  297.90  298.60    9.44    8.72    8.23    6.47  259.80  262.10  258.80  258.80    7.52    7.18    7.17    6.95
  4 17 81 16 107  287.60  297.70  298.40  299.00    8.04    6.87    6.45    5.35  280.20  282.30  280.90  280.30    7.80   10.15   11.35   11.35
  4 17 81 17 107  287.60  297.80  298.40  299.00    7.77    6.54    6.17    5.34  284.00  288.30  286.00  288.10    2.31    3.80    5.02    5.30
  4 17 81 18 107  287.60  297.20  297.80  298.20    8.15    6.70    5.88    4.77  288.90  294.40  293.30  292.30    3.67    2.65    2.97    2.78
  4 17 81 19 107  287.40  296.50  296.60  296.60    8.86    6.74    5.37    3.90  296.10  298.70  296.30  295.30    2.58    2.72    2.30    2.53
  4 17 81 20 107 -999.99  295.90  295.70  295.50    8.30    5.84    4.64    3.30  296.60  295.90  291.60  290.90    5.78    6.38    3.10    3.74
  4 17 81 21 107 -999.99  295.80  295.10  294.10    8.45    5.97    4.32    2.56  303.30  303.40  297.50  298.70    3.17    2.71    3.11    4.23
  4 17 81 22 107 -999.99  294.60  294.30  293.20    9.84    7.53    5.84    3.78  332.60  330.90  325.40  324.10    8.49    7.86    7.46    9.33
  4 17 81 23 107 -999.99  294.10  294.00  292.40    8.53    6.64    5.24    3.38  344.00  346.00  342.90  343.40    1.22    2.45    3.73    5.76
  4 17 81 24 107 -999.99  292.20  292.20  291.50    4.86    4.67    3.99    2.94  352.30  357.00  354.20  355.40    1.97    1.72    1.27    2.12
  4 18 81  1 108 -999.99  291.50  291.10  290.60    5.20    4.54    3.84    2.68  355.60  359.50  355.70  354.40    0.63    1.11    1.15    1.36
  4 18 81  2 108 -999.99  290.60  290.30  289.10    4.34    3.46    3.05    2.01  349.20  345.80  339.80  330.50    5.36    9.61   14.06   16.32
  4 18 81  3 108 -999.99  290.20  289.40  288.00    5.00    5.05    4.10    2.85  294.60  276.10  263.30  250.90   30.73   30.29   26.61   26.24
  4 18 81  4 108 -999.99  290.00  289.50  287.60    5.73    5.62    4.53    2.94  282.50  274.70  266.70  258.00   22.17   20.79   19.64   19.20
  4 18 81  5 108 -999.99  289.70  289.80  288.80    4.83    4.52    3.83    2.66  313.50  304.10  293.20  284.60    6.70    6.66    5.40    6.05
  4 18 81  6 108 -999.99  289.50  289.10  287.60    3.60    4.06    3.50    2.37  335.20  313.20  295.80  280.10   13.99   13.83   10.50   19.06
  4 18 81  7 108 -999.99  288.90  288.40  287.30    2.73    3.67    2.93    1.95  351.20  339.50  323.90  316.80    3.00    5.12   11.04   15.03
  4 18 81  8 108 -999.99  288.00  287.90  288.40    2.78    2.32    2.23    2.10    2.26  356.20  352.80  355.20    4.40    5.69    4.73    5.48
  4 18 81  9 108 -999.99  288.00  288.50  289.10    2.74    2.93    3.03    2.88    0.47    0.28  356.50  358.70    4.51    4.46    3.94    5.34
  4 18 81 10 108  276.70  288.40  288.90  289.50    3.48    3.64    3.73    3.46    6.77    6.34    1.45    2.86    2.89    2.99    3.11    4.36
  4 18 81 11 108  276.70  289.50  290.00  290.80    4.48    4.39    4.29    3.73   20.03   23.59   18.63   20.47    6.18    8.11    8.40    9.60
  4 18 81 12 108  276.80  290.50  291.00  292.00    5.95    5.65    5.54    4.77   33.57   36.26   32.37   33.25    8.32    9.65    9.32   10.50
  4 18 81 13 108  275.60  291.40  291.90  292.80    5.74    5.57    5.32    4.60   27.37   28.89   23.62   23.90    7.04    8.59    9.74    9.02
  4 18 81 14 108  275.70  292.10  292.60  293.40    5.00    4.82    4.66    4.13   44.00   47.61   43.03   43.57   10.62   11.84   12.96   13.57
  4 18 81 15 108  275.70  292.70  293.20  294.00    4.74    4.60    4.39    3.89   42.16   43.07   38.39   39.61    7.81    8.67    9.69   10.61
  4 18 81 16 108  275.40  292.90  293.40  294.00    4.90    4.63    4.41    4.08   60.42   62.97   59.26   61.64    4.80    5.68    5.90    6.42
  4 18 81 17 108  273.60  292.90  293.40  294.00    5.68    5.36    5.05    4.45   65.33   67.95   63.97   64.52    8.75    9.36   10.22    9.67
  4 18 81 18 108  273.90  292.40  292.90  293.20    5.44    4.79    4.29    3.65   76.95   79.08   74.92   76.17    5.45    5.91    6.18    6.51
  4 18 81 19 108 -999.99  291.70  291.90  291.80    6.19    4.91    4.19    3.11   85.93   88.79   85.01   88.29    4.11    4.57    5.80    7.15
  4 18 81 20 108 -999.99  291.10  291.20  290.80    7.51    5.69    4.54    3.18   94.83   96.79   91.40   91.70    3.27    5.64    6.71    8.35
  4 18 81 21 108  276.90  289.60  289.90  289.90    6.70    5.36    4.59    3.56  102.70  105.00  100.20  101.70    1.48    3.11    4.02    5.57
  4 18 81 22 108  277.20  288.60  288.80  289.00    6.35    5.04    4.33    3.41  108.10  108.20  102.70  105.50    3.91    2.84    2.61    3.44
  4 18 81 23 108  277.70  287.70  287.90  288.00    6.01    4.94    4.28    3.29   97.19   94.11   87.23   87.99   11.99   13.21   12.67   14.34
  4 18 81 24 108  278.50  286.50  286.90  287.00    9.73    8.26    7.31    6.10   93.94   94.71   91.30   92.48    4.54    5.07    4.90    4.74
  4 19 81  1 109  279.10  285.70  286.00  286.20    8.23    6.78    5.95    4.99   96.53   97.56   93.44   94.79    4.71    6.26    6.13    6.60
  4 19 81  2 109  279.40  285.40  285.80  286.10    6.85    5.64    5.01    4.07  110.90  112.70  108.90  110.10    6.89    8.86    9.33    9.06
  4 19 81  3 109  279.50  285.20  285.50  285.80    8.06    6.79    5.89    4.73  113.20  114.70  110.40  111.70    1.89    2.37    2.91    3.37
  4 19 81  4 109  279.50  284.80  285.20  285.50    8.48    6.96    6.11    5.00  112.20  112.60  108.20  109.70    2.28    2.71    3.07    2.40
  4 19 81  5 109  279.50  284.80  285.10  285.30    8.75    7.06    6.22    5.01  112.60  114.10  110.80  111.60    2.55    3.11    3.90    3.70
  4 19 81  6 109  279.60  284.80  285.10  285.40    7.14    5.60    4.90    3.98  108.10  106.30  100.60   99.98   11.28   14.76   16.44   17.95
  4 19 81  7 109  279.70  285.00  285.10  285.30    5.17    4.30    3.82    3.13  100.50   88.33   78.65   75.65   10.76   12.39   13.11   16.48
  4 19 81  8 109 -999.99  284.10  284.20  284.50    7.12    5.77    4.97    4.15   83.70   75.11   69.57   71.26    3.37    6.32    7.15    7.35
  4 19 81  9 109 -999.99  283.60  284.10  284.50    8.39    7.27    6.58    5.71   93.63   93.74   90.03   91.47    3.91    4.89    5.13    5.43
  4 19 81 10 109 -999.99  283.60  284.10  284.60    7.13    6.44    6.12    5.50  100.90  102.00   97.57   98.69    1.17    1.27    1.31    1.43
  4 19 81 11 109 -999.99  283.90  284.50  285.00    6.39    5.71    5.42    4.81  108.00  109.50  106.80  108.10    2.43    2.67    3.02    2.80
  4 19 81 12 109 -999.99  284.10  284.60  285.10    6.59    6.03    5.64    4.89  110.80  112.60  108.70  110.20    3.54    3.62    4.07    4.41
  4 19 81 13 109  283.60  284.30  284.80  285.30    7.11    6.42    6.02    5.21  109.00  111.90  107.30  108.50    2.19    2.01    2.29    2.41
  4 19 81 14 109  283.70  284.70  285.10  285.70    7.49    6.89    6.34    5.53  107.40  110.40  106.10  107.20    2.75    2.57    2.86    2.36
  4 19 81 15 109  283.90  284.80  285.40  286.00    6.91    6.30    5.89    5.27  100.60  103.40   99.23  100.80    2.09    1.68    1.51    2.01
  4 19 81 16 109  284.10  285.00  285.60  286.10    7.84    6.89    6.33    5.50   84.86   85.70   82.85   84.93    9.70    9.82    9.71    9.44
  4 19 81 17 109  283.60  284.50  285.00  285.50    9.70    8.39    7.54    6.64   61.05   61.61   58.70   61.05    5.65    4.04    4.63    4.73
  4 19 81 18 109  283.00  283.90  284.50  285.00   10.45    9.03    8.07    7.02   66.24   67.69   64.70   66.12    4.65    4.60    4.69    3.99
  4 19 81 19 109  283.00  283.70  284.30  284.70    8.18    6.94    6.31    5.49   64.49   65.84   62.42   63.92    8.32    8.54    9.02    9.02
  4 19 81 20 109  282.90  283.90  284.40  284.80    9.23    8.10    7.45    6.20   46.58   47.88   44.97   45.87    5.97    5.26    5.37    5.37
  4 19 81 21 109  282.20  283.10  283.70  284.10   11.53   10.25    9.36    7.85   42.04   45.30   41.31   43.71    5.44    5.13    5.42    6.05
  4 19 81 22 109  281.90  283.00  283.70  283.90   12.01   10.68    9.89    8.15   44.01   47.29   43.49   46.67    2.57    2.19    2.35    2.79
  4 19 81 23 109  281.60  283.00  283.80  284.00   11.87   10.45    9.65    7.93   44.02   47.04   43.08   45.41    1.93    2.20    2.30    2.64
  4 19 81 24 109  281.50  282.50  283.50  283.80   11.89   10.55    9.73    8.23   46.08   50.01   45.85   49.16    1.45    1.36    1.05    1.82
  4 20 81  1 110  280.90  281.90  283.20  283.50   11.87   10.69    9.89    8.35   46.34   49.37   45.59   47.80    1.45    1.35    1.46    2.47
  4 20 81  2 110  280.00  281.70  282.70  283.10   12.45   11.19   10.38    8.61   44.13   47.82   43.97   45.16    1.89    2.01    2.00    2.78
  4 20 81  3 110  278.90  281.10  281.70  282.00   13.08   11.86   10.95    9.13   43.17   47.93   44.01   46.26    2.71    2.50    2.47    2.60
  4 20 81  4 110  278.30  280.40  280.90  281.30   11.65   10.72   10.05    8.32   37.08   41.06   36.80   39.02    4.26    5.25    4.49    4.94
  4 20 81  5 110  277.10  278.70  279.30  279.70   11.65   10.89   10.36    8.92   31.81   36.03   31.17   33.35    1.54    1.57    1.83    2.72
  4 20 81  6 110  276.00  277.40  278.00  278.50   11.28   10.78   10.20    8.70   32.77   35.82   30.97   33.27    1.14    1.97    1.79    2.41
  4 20 81  7 110  273.80  276.30  276.90  277.40   10.95   10.33    9.84    8.24   33.88   38.17   33.52   36.56    1.65    2.18    2.86    3.19
  4 20 81  8 110  273.50  276.10  276.70  277.30   10.57   10.17    9.68    8.39   33.14   36.93   32.52   35.03    2.32    2.84    2.70    2.90
  4 20 81  9 110  273.70  276.40  277.10  278.00   10.81   10.27    9.86    8.44   36.13   40.39   36.62   39.02    3.41    3.69    4.00    4.32
  4 20 81 10 110  273.70  277.00  277.70  278.60   10.87   10.50   10.05    8.63   41.38   45.44   41.68   44.70    6.52    6.90    7.27    7.87
  4 20 81 11 110  274.00  278.30  279.10  279.90   10.31    9.85    9.39    8.13   47.40   51.02   47.58   50.57    3.92    4.24    3.85    4.89
  4 20 81 12 110  274.30  279.40  280.10  281.20   10.38    9.73    9.33    8.10   45.58   48.81   45.52   48.12    6.90    6.81    7.62    9.29
  4 20 81 13 110  274.20  280.30  281.00  282.00    9.91    9.39    8.93    7.86   46.74   50.94   47.89   50.39    5.76    5.75    5.98    6.91
  4 20 81 14 110  274.30  281.20  281.80  282.90    9.19    8.76    8.32    7.37   46.42   49.14   45.82   47.27    5.72    5.94    6.79    6.07
  4 20 81 15 110  274.40  281.80  282.60  283.50    8.15    7.75    7.38    6.44   45.78   49.07   45.13   48.15    3.98    3.82    4.20    4.78
  4 20 81 16 110  273.80  282.20  282.90  283.80    8.52    8.14    7.94    6.82   44.00   46.05   41.80   44.06    3.91    5.27    5.74    5.92
  4 20 81 17 110  273.40  282.20  282.90  283.50    8.66    8.17    7.83    6.60   46.01   49.38   46.56   48.91    4.27    4.29    5.02    5.56
  4 20 81 18 110  273.30  281.80  282.40  283.00    8.37    7.77    7.44    6.11   46.42   49.86   45.16   47.30    2.27    1.90    1.83    2.67
  4 20 81 19 110  273.60  281.40  281.90  282.20    7.91    6.82    6.17    5.12   49.57   53.39   48.37   50.71    1.31    1.34    1.67    1.97
  4 20 81 20 110  274.50  281.00  281.40  281.60    6.61    5.52    4.90    3.89   49.52   52.37   47.31   49.82    5.89    5.18    5.01    4.30
  4 20 81 21 110  274.90  279.90  280.30  280.40    8.58    6.90    5.99    4.62   46.07   48.46   44.34   46.14    2.70    1.88    2.40    1.87
  4 20 81 22 110  274.90  278.40  278.90  279.10    8.88    7.43    6.76    5.80   55.42   55.50   51.71   54.58    3.02    2.70    3.62    3.88
  4 20 81 23 110  274.50  277.40  277.90  278.20    6.85    5.51    4.78    4.02   68.92   71.01   66.08   68.27    5.15    4.44    3.88    2.29
  4 20 81 24 110  273.50  276.50  276.90  277.20    8.85    7.25    6.34    5.33   76.51   77.22   72.99   74.75    1.97    1.97    2.69    3.09
  4 21 81  1 111  273.20  275.80  276.20  276.50    8.44    6.79    5.86    4.79   77.13   76.94   73.55   75.25    0.49    0.96    1.14    1.15
  4 21 81  2 111  273.00  275.20  275.60  276.00    7.62    6.03    5.24    4.45   77.62   76.98   73.33   76.14    1.74    1.55    1.83    2.22
  4 21 81  3 111  273.00  274.90  275.20  275.60    7.60    5.97    5.13    4.47   85.26   84.33   80.95   83.57    2.47    3.11    2.92    3.19
  4 21 81  4 111  273.10  275.00  275.10  275.30    6.51    5.08    4.37    3.68   94.75   88.41   82.18   83.53    2.11    2.31    3.40    4.10
  4 21 81  5 111  273.10  275.30  275.20  275.40    7.02    4.99    4.20    3.40   95.63   86.46   80.13   83.07    1.25    2.92    3.12    3.44
  4 21 81  6 111  272.80  275.20  275.30  275.70    6.49    4.98    4.34    3.75   93.29   84.72   79.49   81.08    4.77    5.67    4.45    5.10
  4 21 81  7 111 -999.99  275.70  276.10  276.40    7.11    5.81    5.23    4.51  104.50  101.40   96.20   97.53    5.09    8.38    9.03    8.87
  4 21 81  8 111 -999.99  276.60  277.10  277.80    7.98    7.34    6.91    5.85  115.00  116.50  113.00  113.40    4.30    4.98    4.82    4.71
  4 21 81  9 111  270.30  277.50  278.10  279.00    6.86    6.52    6.18    5.16  122.50  124.50  121.40  122.30    2.32    2.66    3.79    4.37
  4 21 81 10 111  271.40  278.80  279.40  280.50    5.98    5.76    5.36    4.38  139.70  141.30  137.40  135.60    6.34    6.65    7.03    7.95
  4 21 81 11 111  272.50  280.20  280.80  281.80    5.73    5.39    5.08    4.19  144.20  140.20  139.80  139.50    5.25    5.95    7.16    8.13
  4 21 81 12 111  272.70  281.80  282.30  283.30    5.53    5.27    4.92    4.20  148.00  144.10  142.60  142.40    6.99    7.77    9.32   10.71
  4 21 81 13 111  273.00  283.20  283.80  284.70    5.58    5.43    5.30    4.70  160.40  160.40  159.70  160.10   10.22   10.60   10.97   11.79
  4 21 81 14 111  273.00  284.60  285.10  286.00    7.14    6.93    6.64    5.79  156.20  155.70  156.20  156.90    7.46    8.39    8.21    7.80
  4 21 81 15 111  273.00  285.80  286.40  287.20    6.95    6.78    6.67    5.94  159.80  160.20  159.40  158.90    3.53    4.01    4.59    5.32
  4 21 81 16 111  274.00  286.60  287.10  287.90    7.11    6.86    6.73    6.02  163.70  162.90  162.70  163.40    5.27    5.08    5.35    4.53
  4 21 81 17 111  274.20  287.20  287.80  288.50    6.51    6.27    6.09    5.43  166.60  165.50  165.60  164.90    8.46    8.52    8.26    9.19
  4 21 81 18 111  274.70  287.20  287.70  288.20    6.96    6.75    6.59    5.58  165.40  164.00  163.40  163.10    9.65   10.66   11.08   11.64
  4 21 81 19 111  275.30  287.00  287.40  287.80    7.27    6.67    6.29    5.44  173.70  172.90  172.60  172.00    1.31    1.96    2.17    1.97
  4 21 81 20 111  276.20  286.60  286.90  287.00    7.24    5.93    5.24    3.82  158.30  155.20  153.90  153.80    5.88    5.56    5.10    4.07
  4 21 81 21 111  276.40  286.30  286.40  286.40    8.44    6.77    5.92    4.31  156.90  154.90  154.70  155.60    2.11    3.08    3.62    3.77
  4 21 81 22 111  276.70  285.80  286.00  286.10    9.06    7.34    6.45    4.67  155.10  150.40  149.40  150.90    1.73    1.98    2.82    3.15
  4 21 81 23 111  276.90  285.80  285.90  285.90   10.00    8.17    7.23    5.42  158.50  155.70  155.40  155.50    1.49    2.59    2.68    3.03
  4 21 81 24 111  277.30  285.60  285.70  285.80    9.82    8.09    7.27    5.66  165.90  162.30  161.30  161.70    2.73    2.47    2.40    2.47
  4 22 81  1 112  279.00  285.50  285.60  285.50    9.60    7.53    6.56    5.22  181.00  177.30  176.40  176.30    3.35    4.03    4.41    5.15
  4 22 81  2 112 -999.99  285.80  285.70  285.70   11.22    8.78    7.70    6.24  184.60  179.00  177.80  177.30    1.73    2.18    3.13    3.89
  4 22 81  3 112 -999.99  286.40  286.40  286.40   12.28    9.63    8.64    7.07  186.80  181.80  179.70  178.90    0.93    1.46    1.76    2.10
  4 22 81  4 112 -999.99  286.60  286.70  286.50   11.18    8.66    7.56    5.98  184.40  179.10  176.60  175.00    1.62    2.74    3.08    3.57
  4 22 81  5 112 -999.99  286.50  286.50  286.10   10.39    7.92    6.80    5.12  180.50  172.90  169.60  167.60    1.16    2.04    3.14    4.83
  4 22 81  6 112 -999.99  286.60  286.60  286.30   10.27    8.26    7.18    5.49  179.50  174.00  171.70  170.90    1.04    1.47    1.92    1.87
  4 22 81  7 112 -999.99  286.50  286.60  286.60    8.69    7.07    6.28    4.64  168.50  161.40  158.40  156.80    2.86    2.81    2.79    3.01
  4 22 81  8 112  284.00  286.60  286.90  287.00    9.13    7.34    6.54    5.24  177.80  173.80  171.20  170.80    6.14    7.80    8.40    9.46
  4 22 81  9 112 -999.99 -999.99 -999.99 -999.99 -999.99 -999.99 -999.99 -999.99 -999.99 -999.99 -999.99 -999.99    7.10    9.77   12.42   14.67
  4 22 81 10 112  286.00  287.10  287.20  288.10    9.10    7.72    7.18    6.20  172.50  168.30  166.00  166.20    6.97    5.13    3.61    2.93
  4 22 81 11 112  286.50  288.50  288.70  289.30   10.18    9.41    9.06    8.07  169.20  167.40  166.50  167.10    0.96    1.03    1.26    2.28
  4 22 81 12 112  286.40  288.00  288.70  289.10   12.15   11.13   10.75    9.59  172.80  171.70  171.10  171.50    2.02    1.98    1.77    1.82
  4 22 81 13 112 -999.99  288.50  289.20  289.40   12.99   11.99   11.46   10.13  187.20  186.40  185.80  185.60    3.80    3.87    3.80    3.77
  4 22 81 14 112  287.40  288.90  289.40  289.60   12.52   11.43   10.88    9.56  187.30  186.20  185.30  185.10    2.73    2.70    2.78    2.79
  4 22 81 15 112  287.70  289.40  290.00  290.20   11.94   10.98   10.52    9.29  185.60  185.00  183.50  183.40    3.95    4.51    4.58    4.54
  4 22 81 16 112  288.10  289.70  290.30  290.50   11.35 -999.99    9.63    8.24  188.60  187.70  187.50  186.70    3.79    3.87    3.83    4.27
  4 22 81 17 112 -999.99  289.70  290.30  290.20   13.86   12.11   11.26    9.74  181.30  182.00  179.60  181.50    5.29    5.26    4.84    5.21
  4 22 81 18 112  288.40  289.90  290.40  290.30   13.62   11.55   10.61    9.00  177.80  175.80  174.10  173.40    4.42    3.83    3.38    2.88
  4 22 81 19 112  288.40  290.10  290.60  290.40   15.51   13.23   12.27   10.45  175.80  174.60  172.50  172.60    4.88    4.92    4.89    4.69
  4 22 81 20 112  288.50  290.30  290.70  290.60   14.09   12.26   11.39    9.57  182.60  181.30  179.40  179.00    4.89    6.57    6.91    7.34
  4 22 81 21 112  287.40  289.00  289.30  289.50   11.23    9.47    8.19    6.05  215.30  210.10  208.70  208.30   11.56   11.59   11.60   12.25
  4 22 81 22 112  286.40  289.40  289.80  289.70    9.98    7.39    6.26    4.70  271.90  269.60  265.90  266.10   21.11   23.52   22.85   21.50
  4 22 81 23 112  285.30  288.90  289.40  289.20    9.32    6.04    5.06    3.99  280.50  281.00  276.50  274.90    3.24    2.29    3.36    4.36
  4 22 81 24 112  283.50  288.10  288.60  288.60   11.35    8.58    7.43    5.83  292.10  293.30  290.10  288.00    5.17    5.68    6.52    6.42
  4 23 81  1 113  282.00  286.40  287.30  287.40   11.30    8.29    6.96    5.36  292.60  294.80  290.90  287.90    3.50    3.80    3.70    3.53
  4 23 81  2 113  281.90  285.00  286.30  286.10   10.36    7.12    6.04    4.79  288.90  290.00  287.10  286.00    3.19    4.11    4.15    3.11
  4 23 81  3 113 -999.99  285.00  285.50  285.30    8.90    5.66    4.75    3.88  280.20  279.80  277.40  274.10    4.46    3.93    4.99    6.05
  4 23 81  4 113 -999.99  284.60  285.00  284.60    8.77    5.59    4.57    3.55  278.00  279.40  274.50  274.00    2.13    2.53    3.51    5.26
  4 23 81  5 113 -999.99  283.80  284.20  283.70    7.38    5.61    4.96    3.77  270.20  269.20  264.40  263.80    2.39    3.71    3.59    3.42
  4 23 81  6 113 -999.99  283.30  283.60  283.30    7.97    5.58    4.89    3.97  273.60  272.70  267.90  266.80    1.69    2.16    1.65    2.57
  4 23 81  7 113 -999.99  283.40  283.80  284.00    8.29    6.96    6.26    4.73  262.10  260.50  257.00  257.70    3.24    2.21    1.90    2.98
  4 23 81  8 113 -999.99  284.00  284.60  285.20    9.23    8.51    7.96    6.34  265.70  266.80  262.30  262.80    1.94    2.44    1.75    2.90
  4 23 81  9 113  279.50  285.00  285.50  286.90    9.62    8.49    8.00    6.56  268.80  269.90  265.60  267.00    5.15    5.00    4.34    5.27
  4 23 81 10 113 -999.99  286.10  286.80  287.00   10.86    8.83    8.14    6.72  272.60  274.60  272.00  272.30    3.63    4.90    5.71    6.96
  4 23 81 11 113 -999.99  287.00  287.70  288.40   12.32    9.82    8.94    7.42  274.70  276.90  274.70  274.50    3.21    3.23    4.21    5.14
  4 23 81 12 113  276.20  287.80  288.50  289.10   12.78   10.36    9.28    7.64  277.90  278.50  276.40  277.40    1.66    2.90    3.89    3.59
  4 23 81 13 113  275.50  288.30  289.10  289.90   14.78   11.56   10.39    8.55  279.90  281.60  279.40  278.60    3.67    3.42    2.29    3.08
  4 23 81 14 113  274.20  288.80  289.50  290.10   15.00   11.74   10.43    8.57  275.00  278.30  275.50  275.70    2.15    3.23    3.92    3.36
  4 23 81 15 113  273.50  288.90  289.50  290.10   16.32   12.44   10.96    9.16  282.20  283.40  281.50  281.70    5.59    5.47    5.03    4.59
  4 23 81 16 113  273.80  288.90  289.40  290.00   15.68   12.21   10.53    8.54  287.90  290.80  286.70  284.80    3.42    3.99    5.41    3.29
  4 23 81 17 113  274.60  288.90  289.40  289.90   13.86   10.63    9.29    7.62  288.20  289.60  286.70  284.80    3.44    4.23    3.66    4.07
  4 23 81 18 113  275.10  288.40  288.90  289.30   12.67    9.94    8.65    6.92  294.50  297.10  294.50  292.00    2.23    2.59    1.90    2.62
  4 23 81 19 113  275.50  287.60  287.80  288.00   11.10    7.99    6.50    5.01  294.20  296.10  292.60  290.20    1.07    1.82    1.80    3.47
  4 23 81 20 113  275.00  286.90  286.70  286.80   11.23    7.83    6.16    4.61  293.60  295.00  290.60  288.50    0.95    2.17    1.24    2.19
  4 23 81 21 113  275.50  286.10  285.90  285.80    9.10    6.05    4.95    3.78  291.70  290.70  285.70  283.20   11.66   12.93   14.36   16.89
  4 23 81 22 113  276.40  285.10  285.10  284.70    5.61    4.43    3.42    2.35  312.60  305.60  295.90  293.60    3.91    2.53    2.71    4.60
  4 23 81 23 113  276.80  284.50  284.50  283.90    7.45    5.52    4.17    2.59  310.50  310.50  301.30  300.00    5.77    5.54    4.89    5.76
  4 23 81 24 113  276.10  282.40  282.70  282.70   12.27   10.35    8.77    6.27  315.30  318.10  314.70  315.90    2.16    3.86    5.10    5.11
  4 24 81  1 114  275.00  280.80  281.10  281.20   12.61   10.43    8.91    6.38  312.40  315.90  313.10  312.90    1.43    1.54    1.23    2.04
  4 24 81  2 114  275.00  280.20  280.60  280.80   12.95   10.83    9.46    6.75  307.70  310.40  307.50  307.10    2.32    2.30    2.53    4.80
  4 24 81  3 114  275.30  280.00  280.40  280.80   11.98   10.34    9.13    6.91  307.90  310.70  306.90  305.60    4.43    3.68    3.84    4.58
  4 24 81  4 114  274.30  279.40  279.90  280.10   15.47   13.53   11.88    8.80  315.10  318.20  316.50  316.60    2.02    2.37    1.75    2.33
  4 24 81  5 114  273.20  278.90  279.40  279.60   13.83   12.50   11.51    9.29  324.60  328.80  325.60  326.30    2.29    2.68    2.11    3.00
  4 24 81  6 114  273.10  278.60  279.10  279.40   12.99   12.13   11.04    8.78  327.40  330.70  327.50  328.20    2.69    3.09    3.60    3.32
  4 24 81  7 114  273.30  278.40  278.90  279.20   11.69   10.75    9.91    7.90  323.00  328.10  324.70  324.70    3.00    2.76    3.07    3.59
  4 24 81  8 114  273.00  278.50  279.10  279.80   11.17   10.37    9.74    8.04  331.50  335.90  333.50  332.40    6.04    5.98    6.05    6.70
  4 24 81  9 114  272.70  278.90  279.60  280.70    9.88    8.47    8.48    7.26  337.70  342.60  339.80  340.40    5.11    5.77    5.41    5.73
  4 24 81 10 114 -999.99  279.70  280.40  281.40    7.96    7.36    7.52    6.61  338.90  342.50  339.00  339.80    6.25    6.76    7.28    7.87
  4 24 81 11 114  273.20  280.90  281.60  282.60    7.37    6.80    6.49    5.55  326.90  331.10  328.20  329.80    7.70    8.89    8.99    8.93
  4 24 81 12 114  273.60  281.90  282.60  283.60    7.83    7.35    6.85    5.62  311.80  316.30  312.70  312.70    5.16    5.71    6.10    7.07
  4 24 81 13 114  273.80  282.90  283.60  284.40    8.82    8.31    7.84    6.43  310.30  315.40  312.70  311.40    7.93    8.55    9.18    9.34
  4 24 81 14 114  274.50  283.70  284.40  285.40    9.25    8.67    8.17    6.66  313.30  318.80  315.40  314.80    5.68    6.39    6.56    6.88
  4 24 81 15 114  275.30  284.40  285.20  286.20    9.19    8.52    7.98    6.53  312.90  315.50  313.10  313.60    2.08    2.70    2.62    3.48
  4 24 81 16 114  275.70  284.80  285.50  286.50    9.35    8.79    8.33    6.91  314.80  319.30  316.00  315.20    5.80    6.25    6.53    7.78
  4 24 81 17 114  276.20  284.20  284.80  285.70    9.67    9.13    8.52    6.79  316.30  319.90  317.20  317.50    2.95    4.23    4.63    4.97
  4 24 81 18 114  275.80  283.80  284.40  285.00    8.52    7.93    7.29    5.80  315.50  320.60  318.10  317.50    2.01    2.47    2.48    3.88
  4 24 81 19 114  275.60  283.90  284.20  284.50    7.19    5.97    5.10    3.62  306.40  310.70  307.80  308.20    2.60    3.07    3.07    2.92
  4 24 81 20 114 -999.99  284.00  284.00  283.60    5.30    3.59    2.43    1.42  303.90  307.80  302.10  301.50    1.76    4.88    6.49    6.34
  4 24 81 21 114 -999.99  284.00  283.70  282.70    3.94    2.29    1.24    0.57  301.90  300.90  296.40  229.20    1.72    7.75    8.38   62.86
  4 24 81 22 114 -999.99  284.00  283.40  281.90    3.01    0.89    0.23    0.84  303.00  279.60  179.30  147.70    4.04   15.33   47.19   16.64
  4 24 81 23 114 -999.99  283.30  282.90  280.90    1.50    0.56    0.79    0.79  322.90 -999.99  129.10  122.70   13.59   29.56   20.12   25.71
  4 24 81 24 114 -999.99  282.60  282.50  280.10    1.90    1.95    2.04    1.32   62.60   94.01  109.00  103.10   24.51    6.09   10.36   14.85
  4 25 81  1 115 -999.99  281.40  281.40  279.80    4.23    3.55    2.98    1.68   84.81   96.31  102.10  100.60    8.05    7.00   10.47   16.65
  4 25 81  2 115 -999.99  280.70  280.80  279.50    5.56    4.94    3.81    2.36   95.69   98.00   91.30   77.93    5.88    5.09    3.73    6.19
  4 25 81  3 115 -999.99  280.20  280.00  278.90    6.13    5.45    4.22    2.60   90.92   95.62   93.38   88.35    2.95    7.07    7.35   11.31
  4 25 81  4 115 -999.99  280.00  279.70  278.50    5.79    4.98    3.53    2.06   96.72  107.80  106.90  104.70    2.01    1.92    3.37    4.91
  4 25 81  5 115 -999.99  279.50  279.60  278.40    5.96    5.24    3.73    2.06  107.60  112.10  112.80  113.30    4.36    3.36    2.99    4.41
  4 25 81  6 115 -999.99  279.60  279.30  278.00    6.67    5.46    3.74    2.03  119.00  121.70  119.60  118.60    2.28    3.40    5.98   11.87
  4 25 81  7 115 -999.99  279.50  279.40  279.80    6.31    4.75    3.89    2.77  128.50  127.20  123.70  122.00    3.14    2.29    2.87    6.02
  4 25 81  8 115 -999.99  280.20  280.70  281.50    4.54    4.42    4.28    3.63  128.00  123.00  119.60  118.00    3.91    4.51    4.38    7.17
  4 25 81  9 115  276.80  281.70  282.20  283.20    4.13    3.95    3.74    3.04  135.60  132.40  129.40  128.70    4.07    4.48    4.51    4.89
  4 25 81 10 115  278.00  283.70  284.20  285.10    4.19    4.08    3.83    3.26  129.90  126.40  123.90  122.90    5.17    4.11    4.80    7.07
  4 25 81 11 115  278.90  285.90  286.40  287.40    3.39    3.31    3.15    2.72  136.90  137.50  135.50  137.30    5.79    7.83    9.13   13.92
  4 25 81 12 115  279.00  288.00  288.50  289.30    3.34    3.20    2.97    2.65  156.00  157.40  156.90  159.80   12.03   12.60   12.85   13.06
  4 25 81 13 115  279.00  289.80  290.40  291.00    3.76    3.53    3.36    2.99  160.00  158.20  156.20  155.90   11.94   12.90   12.65   13.01
  4 25 81 14 115  279.10  291.30  291.80  292.50    4.91    4.69    4.43    3.87  159.60  159.20  156.70  155.90    7.05    7.73    8.15    9.99
  4 25 81 15 115  279.70  292.30  292.80  293.40    5.14    5.00    4.75    4.27  171.60  170.10  166.90  166.00    6.62    7.58    7.14    6.01
  4 25 81 16 115  280.00  293.00  293.50  294.10    6.34    6.21    6.07    5.51  170.70  172.40  171.10  171.60    5.93    6.13    6.05    6.24
  4 25 81 17 115  280.50  293.30  293.80  294.40    7.65    7.58    7.39    6.61  163.80  164.50  162.50  162.80    6.90    7.56    7.53    7.56
  4 25 81 18 115 -999.99  292.80  293.30  293.60    7.73    7.42    6.92    4.99  148.90  147.70  145.90  147.20    5.01    5.85    6.07    4.76
  4 25 81 19 115 -999.99  292.20  292.30  292.30    7.93    6.67    5.62    3.52  138.90  134.50  131.40  131.50    2.10    3.13    3.95    6.71
  4 25 81 20 115 -999.99  291.60  291.50  290.70    8.73    7.08    5.71    3.86  122.10  115.20  110.90  107.80    4.94    3.86    4.03    3.80
  4 25 81 21 115 -999.99  290.00  290.00  289.80   10.99    8.34    7.05    4.65  124.50  122.10  120.30  118.20    3.07    3.61    3.95    4.18
  4 25 81 22 115 -999.99  289.10  289.00  288.80   11.43    8.53    7.16    4.88  129.60  126.20  124.80  125.30    4.30    4.44    4.36    6.70
  4 25 81 23 115 -999.99  288.20  287.70  287.70   10.07    7.26    5.99    3.74  142.40  133.60  130.00  130.60    1.89    3.32    3.41    5.12
  4 25 81 24 115 -999.99  288.00  287.20  286.60    9.50    6.99    5.38    2.78  157.80  145.30  140.30  143.00    7.87    6.33    3.57    4.32
  4 26 81  1 116 -999.99  288.40  287.30  286.40    9.68    6.45    4.94    3.01  185.50  174.30  170.00  172.60    6.98    5.77    5.71    5.53
  4 26 81  2 116 -999.99  289.40  287.20  285.90   10.37    6.17    4.64    2.63  205.70  191.30  183.00  182.40    2.59    5.00    4.30    2.56
  4 26 81  3 116 -999.99  289.40  287.20  285.70   10.61    5.95    3.99    2.10  210.00  198.40  189.20  179.30    1.21    3.09    3.45   19.75
  4 26 81  4 116 -999.99  288.00  286.40  285.60    7.83    3.23    2.06    1.35  207.40  185.10  160.40  121.10    3.16   14.11   25.14   31.70
  4 26 81  5 116 -999.99  288.40  286.90  286.20    8.19    4.31    3.22    2.34  210.90  193.10  180.30  162.00    2.21    3.32    6.40   10.80
  4 26 81  6 116 -999.99  289.30  287.20  286.00    9.35    4.96    3.26    1.87  217.60  202.90  192.20  169.20    3.21    5.62    7.99   15.02
  4 26 81  7 116 -999.99  289.80  288.40  288.40    9.25    5.68    4.47    2.86  219.40  208.40  204.40  206.30    1.70    1.00    2.14    2.60
  4 26 81  8 116 -999.99  290.50  290.80  291.30    7.97    6.94    6.50    5.00  216.10  210.60  206.70  207.90    2.36    2.94    3.62    4.27
  4 26 81  9 116 -999.99  292.60  293.20  294.00    8.16    7.58    6.64    4.96  234.90  233.10  231.60  232.30    3.15    2.96    4.35    6.01
  4 26 81 10 116 -999.99  294.50  295.10  296.00   10.53    9.99    9.32    7.16  241.30  242.90  241.30  244.70    3.04    3.92    3.68    3.09
  4 26 81 11 116  283.60  295.80  296.50  297.50   12.38   11.76   10.85    8.23  240.40  241.90  239.80  243.30    1.82    2.17    2.16    3.13
  4 26 81 12 116  283.20  297.10  297.70  298.70   12.18   11.57   10.62    8.32  241.30  242.50  241.30  244.70    4.61    5.70    5.17    4.26
  4 26 81 13 116  282.00  298.20  298.90  300.10   11.55   11.00    9.94    7.68  237.40  239.40  237.70  239.70    5.08    5.64    5.70    5.64
  4 26 81 14 116  282.50  298.80  299.40  300.30   11.04   10.53    9.45    7.49  231.20  233.10  231.30  233.20    4.27    4.41    5.34    6.95
  4 26 81 15 116  282.60  299.10  299.70  300.60   11.13   10.48    9.27    7.02  228.00  229.20  227.30  227.90    3.17    3.77    4.31    4.68
  4 26 81 16 116 -999.99  299.60  300.20  301.00    9.96    9.26    8.32    6.48  233.10  235.20  234.40  235.60    3.86    4.73    4.49    6.71
  4 26 81 17 116 -999.99  300.10  300.70  301.20    9.96    9.46    8.67    6.51  238.20  239.00  237.90  240.30    5.01    5.67    5.71    6.81
  4 26 81 18 116 -999.99  300.00  300.50  300.70    8.93    7.97    7.29    5.27  243.50  244.00  242.70  246.30    2.60    2.75    3.44    2.75
  4 26 81 19 116 -999.99  299.40  299.30  298.70    6.90    5.27    4.15    2.59  242.90  242.30  241.20  243.70    3.80    6.30   10.52   13.13
  4 26 81 20 116 -999.99  298.70  298.00  296.30    6.36    5.29    3.68    1.62  238.30  227.70  224.20  225.10    1.67    4.22    7.09    7.72
  4 26 81 21 116 -999.99  298.50  297.40  294.70    7.50    6.44    4.32    1.88  246.40  239.60  235.60  237.80    5.61    4.21    7.02    6.98
  4 26 81 22 116 -999.99  298.10  296.50  293.90    7.76    5.78    3.68    1.66  259.50  243.20  237.80  237.30    1.97    2.96    5.63    9.53
  4 26 81 23 116 -999.99  298.00  295.70  293.10    8.62    6.33    3.98    1.60  252.50  241.20  233.30  238.30    1.27    3.28    4.38    5.17
  4 26 81 24 116 -999.99  297.90  295.30  293.60    9.67    6.08    3.96    1.96  252.70  240.80  233.20  231.90    1.25    1.94    1.48    4.55
  4 27 81  1 117 -999.99  296.40  294.10  292.30   10.41    6.20    4.09    1.97  254.10  240.60  233.80  235.20    1.12    2.06    3.74    3.29
  4 27 81  2 117 -999.99  295.80  293.40  291.90   10.13    5.87    3.57    1.69  250.00  234.80  226.90  221.70    3.04    4.16    5.75    9.85
  4 27 81  3 117 -999.99  294.30  292.20  290.80    9.17    5.54    3.61    1.80  245.40  230.30  221.90  221.50    3.59    6.00    7.55   12.11
  4 27 81  4 117 -999.99  293.90  291.80  290.40    9.53    5.74    3.99    1.88  252.40  239.40  236.30  233.10    2.68    2.94    4.27    8.09
  4 27 81  5 117 -999.99  292.90  290.80  289.30    9.07    5.46    3.76    1.67  247.10  235.30  232.20  225.20    3.59    2.45    2.22    6.40
  4 27 81  6 117 -999.99  291.80  290.00  288.20    9.00    5.13    3.66    1.87  240.60  228.20  219.30  205.20    3.74    3.50    6.50    8.73
  4 27 81  7 117 -999.99  291.00  290.10  289.90    7.89    4.91    3.51    2.18  236.80  227.10  221.40  213.20    6.33    4.81    4.50    6.93
  4 27 81  8 117 -999.99  291.50  291.70  292.20    6.34    4.94    4.29    3.30  238.20  233.10  229.70  229.40    4.46    6.55    9.65   12.50
  4 27 81  9 117  285.80  293.50  294.10  294.70    5.11    4.89    4.68    3.94  259.80  258.60  256.00  257.10    8.43    6.91    6.49    6.71
  4 27 81 10 117  286.70  295.00  295.60  296.50    4.79    4.49    4.41    3.66  266.90  265.50  262.60  262.30    6.84    7.58    6.94    6.71
  4 27 81 11 117  287.10  296.20  296.80  297.60    4.61    4.33    4.15    3.45  261.30  260.70  258.90  260.30    6.59    7.22    7.36    7.82
  4 27 81 12 117  287.30  297.30  297.90  298.60    3.89    3.63    3.39    2.94  254.70  254.70  254.30  255.80    9.13    9.69   10.17   12.22
  4 27 81 13 117  287.50  298.50  299.00  299.70    4.99    4.65    4.43    3.91  222.30  220.60  219.10  220.00   23.41   23.98   24.49   25.27
  4 27 81 14 117  286.40  299.10  299.70  300.50    6.76    6.51    6.21    5.19  213.50  213.00  212.40  214.20    9.15    9.26   10.92   13.92
  4 27 81 15 117  286.10  299.60  300.30  301.10    7.72    7.21    6.62    5.40  224.90  225.40  224.40  224.50    6.50    6.97    7.11    8.05
  4 27 81 16 117  285.40  299.90  300.50  301.20    8.65    8.22    7.64    6.16  218.90  218.40  217.60  217.90    6.54    6.81    7.40    7.69
  4 27 81 17 117  285.40  300.00  300.50  301.10    9.07    8.67    7.89    6.12  221.10  220.50  219.40  220.70    5.66    5.95    6.81    7.38
  4 27 81 18 117  286.20  299.90  300.40  300.80    8.09    7.64    7.02    5.45  215.20  214.20  213.40  214.00    6.14    7.10    7.59    7.00
  4 27 81 19 117  286.80  299.30  299.60  299.60    8.66    7.69    6.90    5.29  196.20  194.00  193.80  193.90    5.84    6.97    6.65    7.38
  4 27 81 20 117 -999.99  298.60  298.40  297.20    8.73    6.74    5.56    3.59  186.40  180.80  178.80  178.40    2.54    3.19    3.41    2.79
  4 27 81 21 117 -999.99  297.60  297.00  295.90   10.76    8.06    6.60    4.51  183.50  175.60  174.30  173.10    1.46    1.98    2.90    3.89
  4 27 81 22 117 -999.99  296.40  295.70  294.80   11.80    8.69    7.06    5.02  188.60  181.60  180.40  180.60    3.11    3.59    3.25    3.04
  4 27 81 23 117 -999.99  295.30  294.50  293.70   12.38    8.97    7.38    5.26  199.20  194.70  193.70  193.00    2.97    3.16    3.21    3.04
  4 27 81 24 117 -999.99  294.40  293.70  293.10   12.52    8.91    7.36    4.94  204.60  200.50  199.40  199.60    1.95    1.47    1.56    2.49
  4 28 81  1 118 -999.99  294.40  293.20  292.90   12.60    8.73    7.20    4.73  213.40  208.10  207.00  209.10    2.60    2.21    3.17    3.60
  4 28 81  2 118 -999.99  293.90  292.40  291.80   11.77    8.37    6.87    4.32  220.90  209.20  205.90  206.90    2.99    2.56    2.99    3.15
  4 28 81  3 118 -999.99  293.90  292.20  291.40   12.56    8.62    6.71    4.37  222.80  213.90  210.10  210.80    1.33    1.62    1.98    2.20
  4 28 81  4 118 -999.99  293.10  291.80  291.10   11.91    7.92    6.43    3.98  216.60  209.00  207.00  208.90    1.73    1.78    2.11    2.78
  4 28 81  5 118 -999.99  292.80  291.70  291.20   12.32    8.27    6.52    4.33  217.10  210.40  209.60  211.20    0.43    0.63    1.58    3.28
  4 28 81  6 118 -999.99  292.80  291.70  291.30   11.81    8.46    6.69    4.63  224.40  215.60  213.10  212.90    2.67    2.68    1.46    1.93
  4 28 81  7 118 -999.99  292.80  292.70  292.90   10.18    7.96    6.46    4.56  225.80  219.80  215.80  215.00    1.22    2.60    3.92    3.89
  4 28 81  8 118 -999.99  294.30  294.90  295.50   11.38   10.32    8.78    6.33  233.20  232.10  230.30  232.00    2.80    3.05    3.44    5.32
  4 28 81  9 118 -999.99  295.50  296.20  297.20   13.51   12.80   11.19    8.48  236.70  236.30  234.80  239.20    0.91    1.13    1.75    2.97
  4 28 81 10 118 -999.99  296.30  297.10  298.50   14.47   13.81   12.31    9.13  235.70  237.40  234.70  237.70    2.14    3.68    3.33    4.38
  4 28 81 11 118  286.80  297.10  297.80  298.80   14.20   13.49   11.84    8.70  232.00  231.60  231.00  232.20    2.96    3.08    3.57    4.87
  4 28 81 12 118  286.90  297.80  298.50  299.50   13.45   12.64   11.15    8.29  231.80  230.60  229.50  231.00    3.26    3.82    3.94    4.67
  4 28 81 13 118  287.00  298.40  299.00  299.80   14.15   13.56   12.55    9.44  238.10  238.20  237.40  240.50    3.62    4.20    3.85    3.73
  4 28 81 14 118  287.20  298.70  299.40  300.30   13.87   13.33   11.81    8.78  236.50  236.10  234.00  237.60    3.99    3.66    3.57    3.85
  4 28 81 15 118  287.20  298.90  299.50  300.30   14.72   13.92   12.49    9.46  236.90  236.70  235.60  238.20    3.16    4.32    4.81    6.33
  4 28 81 16 118  287.20  298.60  299.10  299.60   14.02   12.67   11.74    8.84  254.10  255.00  252.80  254.10    8.09    7.95    7.82    7.56
  4 28 81 17 118  288.70  295.30  295.90  296.50   10.77    9.04    8.12    6.33  293.50  297.00  294.00  292.30    8.87    9.32    9.20   10.96
  4 28 81 18 118 -999.99  294.70  295.20  295.80    9.19    7.39    6.47    5.26  290.70  293.80  291.40  290.40    2.76    3.63    3.34    4.97
  4 28 81 19 118 -999.99 -999.99 -999.99 -999.99    9.08    7.17    6.29    4.82  296.80  299.70  296.30  294.60    6.82    8.97    8.96    8.31
  4 28 81 20 118 -999.99  290.30  291.00  291.20   12.21    9.87    8.69    6.92  295.70  298.20  295.20  293.80    2.48    2.61    3.00    3.33
  4 28 81 21 118 -999.99  290.10  290.80  291.00    7.49    5.79    5.12    4.08  290.50  291.40  287.90  286.80    2.88    3.82    3.66    2.71
  4 28 81 22 118 -999.99  289.70  290.40  290.50    9.64    7.84    6.97    5.52  299.60  302.50  299.90  299.40    3.89    3.67    3.51    5.07
  4 28 81 23 118 -999.99  289.40  290.00  290.20   12.23   10.61    9.31    6.89  315.80  318.30  315.60  315.60    3.68    3.55    4.01    3.13
  4 28 81 24 118 -999.99  288.70  289.40  289.50   10.13    9.01    7.71    5.87  317.90  320.20  317.40  317.70    0.98    1.14    1.57    2.01
  4 29 81  1 119 -999.99  287.80  288.40  288.50    9.49    7.92    6.66    4.80  312.80  313.70  310.10  310.60    3.51    3.74    4.26    5.54
  4 29 81  2 119 -999.99  287.30  287.90  288.10   10.80    9.31    8.16    6.46  318.90  322.00  319.50  319.40    4.20    4.76    5.09    5.30
  4 29 81  3 119 -999.99  286.70  287.30  287.50    8.17    7.24    6.40    4.95  320.20  322.90  319.80  319.70    2.21    3.23    2.89    3.00
  4 29 81  4 119 -999.99  286.10  286.80  287.00    7.69    6.70    6.03    4.64  319.80  323.00  319.30  319.60    6.69    7.05    7.02    7.11
  4 29 81  5 119 -999.99  285.70  286.30  286.40    8.39    7.30    6.46    5.03  320.40  323.70  320.90  320.70    3.29    4.57    4.62    5.45
  4 29 81  6 119 -999.99  285.00  285.60  285.60    8.41    6.94    5.79    4.18  316.50  318.60  314.90  315.60    3.62    4.67    5.22    4.27
  4 29 81  7 119 -999.99  284.70  285.50  285.90    7.08    5.98    5.56    4.37  307.60  309.10  305.60  305.80    2.97    3.22    2.76    2.74
  4 29 81  8 119 -999.99  285.00  285.80  286.30    6.45    6.05    5.70    4.68  314.50  317.70  315.10  316.50    3.00    4.10    4.15    3.92
  4 29 81  9 119 -999.99  286.20  287.00  287.60    4.78    4.55    4.39    3.75  315.60  319.00  315.30  317.20    8.61   11.15   11.09   11.55
  4 29 81 10 119 -999.99  287.50  288.30  288.90    3.27    3.04    2.81    2.51  311.70  315.30  311.80  310.90   13.80   16.67   19.87   21.82
  4 29 81 11 119 -999.99  289.00  289.80  290.40    3.45    3.21    3.02    2.73  303.80  307.00  304.70  304.70   14.19   15.46   14.94   16.71
  4 29 81 12 119  280.70  289.30  290.10  290.50    3.15    2.99    2.87    2.50  333.70  337.80  334.80  338.00    8.65    9.59   13.23   15.47
  4 29 81 13 119  280.90  289.10  289.80  290.30    2.77    2.83    2.74    2.47   11.20   13.07    6.58    7.45    9.66   10.45    8.49    9.11
  4 29 81 14 119  281.60  290.20  290.90  291.40    3.77    3.89    3.80    3.50   62.97   66.51   62.25   63.54   16.19   16.96   18.34   19.64
  4 29 81 15 119  282.10  289.60  290.30  290.70    4.81    4.62    4.48    4.26   87.54   89.44   85.06   87.30   11.05   11.39   11.98   12.93
  4 29 81 16 119  282.90  289.70  290.50  291.00    6.29    6.07    5.72    4.78  126.70  128.00  122.30  116.50   15.38   16.68   47.00   23.24
  4 29 81 17 119  283.40  290.20  290.90  291.20    5.28    5.21    4.95    3.92  131.30  133.30  137.60  137.10   32.22   35.67   35.98   61.28
  4 29 81 18 119  283.80  289.80  290.50  290.70    4.53    4.33    4.15    3.60  106.50  105.80  101.40   95.36   18.18   20.83   21.91   21.77
  4 29 81 19 119 -999.99  288.70  289.10  289.20    6.18    4.91    4.29    3.61  104.10  102.80   97.74   91.90   14.34   15.35   14.26   13.01
  4 29 81 20 119 -999.99  288.40  288.60  288.30    7.13    5.08    3.88    2.19  134.10  137.00  133.50  129.10    8.25   10.19   39.74   11.76
  4 29 81 21 119 -999.99  287.30  287.80  287.80    8.73    7.14    6.39    5.37   66.02   67.57   62.93   61.77   36.25   33.16   49.97   33.85
  4 29 81 22 119 -999.99  286.30  287.00  286.80    9.84    8.39    7.50    6.23   71.26   72.84   68.90   69.58   30.83   32.39   33.19   33.77
  4 29 81 23 119 -999.99  285.90  286.00  285.70    8.90    7.75    6.78    5.13  100.90  110.30  108.00  111.70   22.41   25.84   26.23   47.14
  4 29 81 24 119 -999.99  286.20  285.60  284.90    7.56    5.65    4.40    2.68  135.20  145.90  142.50  142.40    5.26    4.70    5.11    8.40
  4 30 81  1 120  282.40  284.90  285.50  284.70    4.81    3.28    2.41    1.41  142.50  132.50  120.30  102.60    8.46   11.57   17.60   35.70
  4 30 81  2 120  282.20  285.00  285.60  284.40    4.89    3.33    2.53    1.59  174.10  180.90  173.30  178.60   13.22   26.56   29.90   34.49
  4 30 81  3 120  282.60  285.10  285.50  284.10    6.25    4.88    4.00    2.36  207.20  208.70  208.40  215.10   11.61   13.56   13.17   12.02
  4 30 81  4 120  283.10  285.80  285.10  283.50    9.49    6.23    4.53    2.45  229.80  225.40  220.80  215.10    4.90    2.86    3.18    5.19
  4 30 81  5 120 -999.99  286.10  285.60  285.00   11.86    7.66    6.12    4.45  270.60  265.90  261.40  260.20   14.95   15.24   15.12   12.64
  4 30 81  6 120 -999.99  285.60  285.90  285.90   10.97    6.87    5.76    4.57  291.00  288.90  285.00  284.70    3.47    4.75    6.85    6.89
  4 30 81  7 120 -999.99  285.50  286.00  286.20   10.75    8.09    6.87    5.32  295.60  297.40  293.90  291.30    2.74    3.42    3.47    5.39
  4 30 81  8 120  280.60  286.20  287.00  287.40   11.10    9.66    8.74    6.71  306.40  308.60  306.10  307.40    5.78    6.19    6.23    6.90
  4 30 81  9 120  280.30  286.80  287.80  288.40   11.63   10.74    9.80    7.67  315.90  319.70  316.80  317.80    1.76    2.36    2.25    4.44
  4 30 81 10 120  279.90  287.60  288.60  289.40   11.60   10.45    9.67    7.66  308.20  311.60  307.80  308.30    5.71    6.10    5.83    7.42
  4 30 81 11 120  279.70  288.20  289.10  290.00   12.57   11.80   10.87    8.51  310.20  314.20  311.60  310.80    3.71    4.26    3.50    2.57
  4 30 81 12 120  279.80  288.60  289.50  290.40   12.07   11.38   10.78    8.73  317.70  320.60  318.20  319.60    3.40    3.67    3.10    4.59
  4 30 81 13 120  279.80  288.80  289.70  290.60   12.58   11.95   11.08    8.87  316.70  321.00  318.00  320.10    3.15    4.09    4.24    4.90
  4 30 81 14 120  280.40  288.80  289.60  290.50   12.11   11.60   10.91    8.92  322.20  326.80  323.70  324.30    4.21    4.47    4.32    5.42
  4 30 81 15 120  279.70  288.60  289.50  290.50   13.54   12.52   11.58    9.09  317.00  320.50  317.80  317.60    3.79    4.39    4.80    6.48
  4 30 81 16 120  278.50  288.90  289.80  290.60   12.73   11.55   10.68    8.48  312.40  316.00  312.80  312.50    5.14    5.74    6.08    6.30
  4 30 81 17 120  278.80  289.10  290.00  290.60   12.53   11.59   10.63    8.28  315.00  319.10  316.30  317.20    4.92    5.83    6.37    7.14
  4 30 81 18 120  278.10  289.50  290.20  290.60   12.31   11.15   10.07    7.67  312.50  316.30  312.70  312.20    2.97    3.51    4.35    4.44
  4 30 81 19 120 -999.99  289.30  289.90  289.80   10.45    8.97    7.74    5.52  313.00  316.10  313.20  312.50    2.54    2.96    3.15    3.51
  4 30 81 20 120 -999.99  288.90  289.00  288.50    8.35    5.74    4.29    2.82  306.20  305.10  300.70  300.00    2.62    3.79    4.72    5.71
  4 30 81 21 120 -999.99  289.20  288.70  287.80    8.68    6.10    4.41    2.78  308.70  304.80  297.40  297.60    2.84    4.02    3.75    3.07
  4 30 81 22 120 -999.99  289.60  289.40  288.10    7.93    6.23    4.40    2.97  309.30  307.50  296.10  295.20    4.48    5.12    4.80    4.06
  4 30 81 23 120  277.80  288.30  288.60  287.90    8.92    7.26    6.18    4.58  335.50  334.40  328.50  327.40   14.40   16.58   18.64   19.17
  4 30 81 24 120  279.40  285.90  286.30  286.30    6.13    4.81    4.26    3.28   25.40   31.21   25.62   26.17   10.08   11.68   11.65   13.03
  5  1 81  1 121 -999.99  285.40  285.90  285.90    4.88    4.39    4.15    3.29    6.13   12.44    9.49   13.18    6.88    7.68    7.90    7.85
  5  1 81  2 121 -999.99  285.30  285.60  285.40    5.21    3.78    3.15    2.31  311.10  311.60  307.10  306.80   13.67   19.58   21.47   26.11
  5  1 81  3 121 -999.99  285.90  286.30  285.60    5.68    4.01    3.13    2.27  302.60  296.30  290.20  288.10    6.38    9.23   10.26   13.05
  5  1 81  4 121 -999.99  285.70  285.70  284.60    5.34    4.31    3.59    2.63  294.30  284.60  273.90  262.00    9.17    8.98    8.74   10.24
  5  1 81  5 121 -999.99  285.90  285.60  284.80    7.02    4.84    3.85    2.86  298.90  292.30  283.60  279.70    7.17    6.85   11.17   16.02
  5  1 81  6 121 -999.99  285.20  284.90  283.90    7.00    3.87    2.79    1.97  315.70  309.00  296.40  297.30    1.91    1.63    3.09    8.27
  5  1 81  7 121 -999.99  284.50  284.60  284.40    6.72    3.88    2.95    2.24  322.30  317.40  309.20  307.60    3.67    6.48    8.54    8.79
  5  1 81  8 121 -999.99  285.50  286.30  286.70    8.92    8.05    7.41    5.85  314.40  317.90  314.80  316.40    3.78    4.31    4.38    5.12
  5  1 81  9 121 -999.99  285.40  286.50  287.10   11.94   11.38   10.84    8.87  326.80  331.20  328.30  328.50    3.55    4.00    3.69    3.91
  5  1 81 10 121 -999.99  285.30  286.20  287.20   12.20   11.44   10.67    8.55  320.40  324.40  321.40  321.40    3.01    3.67    3.71    3.84
  5  1 81 11 121  275.40  285.60  286.60  287.60   12.47   11.77   10.95    9.00  325.80  330.20  326.80  326.50    5.34    5.45    5.40    6.39
  5  1 81 12 121  276.20  285.60  286.50  287.60   12.04   11.60   11.00    9.03  323.60  328.00  325.20  325.30    4.94    6.08    6.09    6.71
  5  1 81 13 121  276.70  285.60  286.50  287.20   10.92   10.42    9.94    8.26  332.90  337.50  335.30  335.20    2.90    3.66    4.05    4.09
  5  1 81 14 121  277.20  286.40  287.30  288.10    9.91    9.18    8.52    7.04  328.90  331.90  328.50  329.20    6.36    6.94    7.21    7.15
  5  1 81 15 121 -999.99  286.50  287.30  287.80    8.86    8.80    8.69    7.42  339.50  343.30  340.30  340.40   12.56   13.47   13.61   16.23
  5  1 81 16 121 -999.99  286.30  287.10  287.80    9.25    8.65    8.55    7.14  340.60  344.60  340.90  341.10    7.27    7.62    7.48    8.84
  5  1 81 17 121 -999.99  286.20  287.00  287.50    6.93    7.97    8.29    7.26  359.10    0.89  358.10  359.20    6.09    5.97    6.38    7.39
  5  1 81 18 121 -999.99  286.10  286.90  287.20    7.30    7.99    7.76    6.51    7.34    9.24    6.40    7.91    4.51    4.46    4.79    5.06
  5  1 81 19 121 -999.99  285.70  286.30  286.50    5.07    5.36    5.13    4.40    5.58    6.55    3.29    5.88    3.89    3.61    4.19    4.27
  5  1 81 20 121 -999.99  285.00  285.60  285.50    6.01    5.04    4.44    3.42   13.20   12.51    7.84    8.42    2.43    3.29    3.78    6.21
  5  1 81 21 121 -999.99  284.50  284.90  284.40    6.17    4.67    3.89    2.56   26.82   23.27   15.65   13.54    3.05    5.52    7.59   10.20
  5  1 81 22 121 -999.99  283.50  284.00  283.50    7.15    5.58    4.70    3.34   38.05   40.02   34.58   32.66    1.49    2.45    2.93    3.20
  5  1 81 23 121 -999.99  282.80  283.20  282.60    7.28    5.33    4.40    3.12   40.51   42.62   37.28   36.53    1.27    1.45    2.40    2.13
  5  1 81 24 121  277.80  282.10  282.40  282.10    7.41    5.12    4.18    3.03   54.35   54.31   48.68   49.03    6.58    7.54    7.28    8.31
  5  2 81  1 122 -999.99  281.40  281.50  281.30    7.20    5.01    4.02    2.99   84.28   83.51   77.82   78.91    8.59   10.04    8.99    8.51
  5  2 81  2 122 -999.99  280.60  280.70  280.30    5.98    3.91    3.11    2.20   91.42   90.71   78.96   74.67    2.88    3.32    5.63    6.55
  5  2 81  3 122 -999.99  280.20  280.30  279.80    5.36    3.31    2.37    1.45   89.78   92.24   79.10   76.83    4.03    5.49    4.91   10.18
  5  2 81  4 122 -999.99  280.00  280.00  279.30    4.69    2.69    1.76    0.97   85.06   93.13   77.29   61.74    3.78    2.54    3.78    6.93
  5  2 81  5 122 -999.99  280.00  280.00  279.50    3.08    1.42    0.54    0.42   84.00   97.31   53.31  351.50    1.34    2.77   24.84   38.30
  5  2 81  6 122 -999.99  281.00  280.20  279.20    2.60    1.15    0.56    0.83   90.07  125.30  116.90  300.80    4.44   30.98   60.68   41.33
  5  2 81  7 122 -999.99  282.50  281.20  280.90    1.05    1.05    1.00    1.15   50.55  189.10  221.20  230.50   13.44    4.87   17.05   23.13
  5  2 81  8 122 -999.99  282.20  282.40  282.70    2.46    2.19    2.12    2.09   79.16   86.01   86.59   87.06    9.38   23.59   22.37   22.33
  5  2 81  9 122  272.20  282.70  283.40  283.90    2.59    2.58    2.57    2.39   84.64   82.66   79.71   81.88    9.99    8.94   10.18   11.01
  5  2 81 10 122  273.20  283.90  284.50  285.00    2.70    2.73    2.66    2.46   63.59   66.96   65.27   69.03   12.08   16.17   16.93   15.79
  5  2 81 11 122  271.10  285.10  285.70  286.20    2.54    2.67    2.56    2.39   75.70   74.08   67.22   66.51   29.38   31.62   34.02   36.52
  5  2 81 12 122  269.50  286.10  286.80  287.30    2.97    2.81    2.69    2.55   91.02   98.34   92.95   97.70   20.25   25.62   24.46   26.17
  5  2 81 13 122  269.10  287.10  287.70  288.20    3.02    3.06    2.98    2.83   89.60   90.36   82.53   79.60   26.60   31.98   34.98   43.20
  5  2 81 14 122  270.20  287.90  288.60  289.10    2.68    2.65    2.48    2.34   94.79   79.95   73.89   76.47   26.95   41.30   40.88   42.24
  5  2 81 15 122  270.20  288.40  289.10  289.60    3.84    3.71    3.56    3.31  107.20  108.40  106.20  103.10   15.75   17.05   17.11   15.09
  5  2 81 16 122  269.90  288.80  289.60  290.10    4.44    4.06    3.86    3.33  128.40  127.90  126.90  128.10   11.32   14.05   16.12   18.46
  5  2 81 17 122  269.70  289.10  289.80  290.30    5.02    4.78    4.46    3.75  140.80  141.70  140.60  140.30   11.06   12.50   13.21   14.61
  5  2 81 18 122  270.70  289.10  289.90  290.30    5.82    5.61    5.34    4.40  154.10  154.40  152.30  152.90    6.39    6.74    7.43    6.59
  5  2 81 19 122 -999.99  288.90  289.60  289.50    5.68    5.37    4.95    3.48  152.40  152.80  151.40  152.90    6.10    7.56    7.00    5.75
  5  2 81 20 122 -999.99  288.20  288.40  287.40    7.56    6.34    5.04    2.58  144.60  140.40  137.20  139.70    4.34    4.92    5.05    4.75
  5  2 81 21 122 -999.99  287.70  287.00  285.90    9.67    6.88    5.27    2.93  144.10  137.80  132.20  134.20    3.68    2.76    1.55    4.27
  5  2 81 22 122 -999.99  287.20  286.50  285.00   11.39    8.16    6.16    3.14  150.10  147.70  144.20  146.80    3.59    2.83    3.78    3.65
  5  2 81 23 122 -999.99  286.50  285.90  284.70   12.24    8.91    7.12    4.27  156.70  152.40  148.70  150.50    1.81    2.17    3.43    3.37
  5  2 81 24 122 -999.99  285.70  285.30  284.10   11.79    8.80    7.42    4.91  163.80  161.00  158.70  159.40    2.68    2.48    1.48    1.13
  5  3 81  1 123 -999.99  285.20  284.90  283.40   11.35    7.97    6.61    4.37  164.70  163.90  161.20  160.30    1.18    1.60    1.68    2.18
  5  3 81  2 123  276.10  284.90  284.60  283.40   11.29    7.99    6.65    4.46  167.80  163.10  161.00  159.70    0.91    1.58    2.10    3.11
  5  3 81  3 123  276.30  284.90  284.30  282.90   11.48    8.05    6.50    4.10  169.20  162.70  157.90  156.10    1.86    2.46    2.73    2.44
  5  3 81  4 123  276.60  285.00  284.00  282.30   12.10    7.86    6.23    3.85  175.80  166.30  163.30  159.40    1.14    1.03    1.20    1.87
  5  3 81  5 123  276.70  284.80  283.20  281.80   12.93    8.50    6.87    4.79  182.40  172.20  169.10  168.50    1.78    2.31    2.20    2.76
  5  3 81  6 123  276.90  284.60  283.10  282.20   13.35    8.69    7.07    5.15  183.90  175.90  174.00  173.60    1.57    2.60    3.29    2.52
  5  3 81  7 123  277.40  284.60  284.50  284.80   11.41    8.74    8.01    6.94  185.10  180.10  178.90  178.50    0.73    1.09    1.19    1.62
  5  3 81  8 123  278.10  286.50  287.20  287.80   10.35   10.00    9.90    8.84  188.40  186.30  186.30  186.30    3.76    4.95    4.97    4.65
  5  3 81  9 123  278.50  288.50  289.30  290.10   10.62   10.49   10.38    9.20  190.80  189.80  189.80  189.40    2.23    3.23    3.40    3.84
  5  3 81 10 123  278.10  290.60  291.40  292.30   11.36   11.11   10.97    9.67  192.30  191.40  191.20  190.50    2.16    3.08    2.88    3.36
  5  3 81 11 123  278.20  291.60  292.40  293.40   10.97   10.77   10.64    9.54  190.40  188.60  188.10  187.00    3.25    3.37    3.24    3.37
  5  3 81 12 123  277.70  292.30  293.10  294.10   10.45   10.18   10.04    8.90  189.10  187.30  187.50  187.40    3.87    5.12    5.05    6.01
  5  3 81 13 123  277.60  293.30  294.10  295.10   11.13   10.88   10.66    9.60  180.40  179.40  179.40  178.90    4.46    5.65    5.42    4.93
  5  3 81 14 123  277.40  293.80  294.70  295.50   10.75   10.52   10.33    9.29  178.10  176.90  176.30  176.80    7.83    8.17    8.50    8.15
  5  3 81 15 123  276.10  293.90  294.70  295.30   11.29   11.10   10.99    9.98  175.80  173.60  173.10  173.60    2.62    3.30    3.66    3.55
  5  3 81 16 123  276.50  293.90  294.70  295.30   10.41   10.12    9.95    8.93  170.10  169.00  168.90  169.60    4.21    4.74    4.59    4.92
  5  3 81 17 123  277.50  294.20  295.00  295.60   10.95   10.65   10.49    9.25  167.30  166.10  165.80  166.50    4.80    5.56    5.63    5.76
  5  3 81 18 123  277.90  294.00  294.80  295.20   11.05   10.53   10.22    8.80  164.70  163.80  163.70  164.00    4.16    4.67    4.77    5.12
  5  3 81 19 123  278.70  293.60  294.20  294.00   10.84    9.45    8.68    6.66  162.60  160.50  160.50  161.40    2.19    2.80    2.81    2.80
  5  3 81 20 123 -999.99  292.90  293.10  292.40   11.32    9.34    8.20    5.98  163.30  160.30  160.10  160.90    3.49    3.09    2.25    2.14
  5  3 81 21 123 -999.99  292.10  292.20  291.60   12.54   10.07    8.96    6.94  173.00  168.10  167.00  166.90    2.08    1.22    0.85    1.33
  5  3 81 22 123 -999.99  291.30  291.30  290.30   11.65    9.20    7.93    5.82  172.80  165.60  164.20  164.00    1.74    1.72    1.62    1.76
  5  3 81 23 123  279.50  290.80  290.30  288.80   11.41    8.46    6.98    4.64  175.50  166.30  163.40  162.40    0.99    1.98    2.08    3.27
  5  3 81 24 123  279.60  290.30  289.80  288.40   12.05    9.11    7.68    5.24  173.70  164.80  161.80  161.60    1.35    1.88    2.93    2.98
  5  4 81  1 124 -999.99  289.60  289.10  288.00   11.72    8.53    7.07    4.90  172.60  164.50  162.80  161.60    1.07    0.82    1.85    3.59
  5  4 81  2 124 -999.99  289.40  288.70  287.90   13.18    9.63    8.23    6.16  176.20  167.50  166.20  166.20    1.15    1.39    1.61    2.97
  5  4 81  3 124 -999.99  289.20  288.50  287.70   13.21   10.14    8.73    6.70  178.30  169.50  168.40  169.10    0.88    0.83    0.93    0.61
  5  4 81  4 124 -999.99  289.00  288.20  287.50   12.89    9.52    8.15    6.18  177.70  167.30  166.50  167.50    1.36    0.88    0.94    1.64
  5  4 81  5 124 -999.99  288.60  287.60  286.50   12.61    9.46    8.02    5.81  177.30  166.10  165.30  166.30    1.81    1.15    1.20    1.58
  5  4 81  6 124 -999.99  288.40  287.40  286.80   12.84    9.48    8.05    6.19  178.10  167.60  166.10  166.10    1.05    1.73    1.94    1.59
  5  4 81  7 124 -999.99  288.00  288.10  288.00   11.50    8.95    8.20    6.86  184.00  178.90  178.20  178.50    2.84    4.68    5.23    5.09
  5  4 81  8 124 -999.99  289.20  289.80  290.10    9.20    8.45    8.25    7.19  193.50  189.70  188.80  188.90    3.16    3.66    3.64    4.33
  5  4 81  9 124  281.80  291.10  291.80  292.30    8.96    8.71    8.35    6.91  206.70  204.90  204.20  204.10    6.56    8.87    8.84    8.31
  5  4 81 10 124  282.40  290.90  291.70  292.00    9.24    9.02    8.46    6.76  213.70  211.90  210.90  210.20    5.56    6.67    7.21    7.17
  5  4 81 11 124  282.10  290.80  291.50  291.60    7.81    7.63    7.47    6.29  196.20  195.00  194.60  195.70    6.91    7.15    6.91    7.70
  5  4 81 12 124  282.60  291.20  292.00  292.10    8.90    8.56    8.32    6.46  204.70  203.20  202.00  203.20    3.55    4.36    4.42    4.20
  5  4 81 13 124  284.40  290.00  290.50  290.50    7.80    6.81    6.30    5.37  193.50  191.50  190.30  189.70    8.09    7.70    7.47    7.69
  5  4 81 14 124  284.30  291.20  291.80  291.90    7.77    7.27    6.91    5.87  190.70  190.90  190.50  190.90    4.37    4.65    4.81    4.59
  5  4 81 15 124  284.60  291.50  292.20  292.50    8.56    8.34    8.22    7.34  188.40  187.90  187.30  187.80    1.85    2.45    2.92    3.16
  5  4 81 16 124  285.70  291.50  292.30  292.40    7.04    6.80    6.72    5.75  191.50  190.60  190.10  190.90    6.18    7.65    8.13    9.41
  5  4 81 17 124  286.50  291.50  292.30  292.50    6.18    5.76    5.53    4.77  200.90  197.60  195.50  195.50    5.47    4.07    3.87    3.38
  5  4 81 18 124  286.20  291.90  292.40  292.30    5.94    5.00    4.48    3.36  205.40  205.40  204.50  203.30   13.73   14.07   13.61   12.87
  5  4 81 19 124  286.00  291.40  291.90  291.90    8.30    7.13    6.55    5.37  184.80  179.60  177.20  176.50    2.78    2.35    2.63    3.03
  5  4 81 20 124  285.80  291.10  291.40  291.30    9.20    7.48    6.65    5.36  181.10  175.60  174.30  173.80    1.90    2.32    3.06    3.10
  5  4 81 21 124  285.50  291.00  291.30  290.90    9.43    7.34    6.45    4.95  185.70  178.00  175.10  175.00    5.75    4.21    3.51    3.74
  5  4 81 22 124  284.40  291.10  291.20  290.60   10.16    7.75    6.63    4.79  204.00  198.60  195.70  195.20    2.73    3.98    4.40    4.27
  5  4 81 23 124  282.50  290.80  291.10  290.80   10.69    8.61    7.62    5.25  212.30  209.50  207.20  208.20    1.06    1.88    2.46    3.54
  5  4 81 24 124  282.30  290.50  290.90  290.70   10.72    8.67    7.68    5.39  213.10  210.70  209.10  209.30    1.22    2.10    1.92    2.56
  5  5 81  1 125  282.80  290.10  290.60  290.30    9.65    7.74    6.78    4.75  210.50  209.00  207.80  207.10    1.29    1.81    2.54    2.53
  5  5 81  2 125  283.80  289.70  290.20  290.10    7.73    6.16    5.31    3.86  214.30  213.70  212.50  212.10    1.19    1.09    1.42    1.29
  5  5 81  3 125  284.10  289.10  289.70  289.60    7.01    5.66    4.96    3.40  214.60  210.40  207.20  205.10    2.33    2.45    2.72    3.03
  5  5 81  4 125  284.50  288.80  289.40  289.10    6.58    5.31    4.66    3.05  216.30  210.60  207.80  205.40    2.67    1.84    2.29    2.09
  5  5 81  5 125  284.40  288.50  289.00  288.90    6.10    4.77    4.13    2.72  215.60  212.00  209.70  208.20    1.76    1.58    1.72    2.16
  5  5 81  6 125  285.30  288.20  288.80  288.70    5.46    4.27    3.74    2.59  212.10  207.40  204.90  205.00    1.62    2.27    2.87    4.99
  5  5 81  7 125  286.10  288.10  288.80  288.90    5.05    4.47    3.99    3.13  219.00  215.80  213.20  211.60    2.07    1.62    1.78    2.07
  5  5 81  8 125  286.50  288.10  288.80  289.00    4.26    4.11    3.64    2.91  224.20  221.10  219.10  216.10    3.18    3.55    4.08    4.09
  5  5 81  9 125  287.10  288.30  289.00  289.30    3.54    3.16    2.87    2.25  240.50  235.10  233.70  235.70    4.60    3.68    4.15    6.39
  5  5 81 10 125  287.30  288.60  289.30  289.50    3.39    2.98    2.77    2.23  278.20  275.50  273.70  274.80   16.26   18.04   18.23   16.84
  5  5 81 11 125  287.30  288.60  289.20  289.40    3.62    3.32    3.11    2.48  317.70  316.80  315.20  316.30   11.29    8.39    8.30    7.58
  5  5 81 12 125  287.40  288.20  288.80  289.00    5.38    4.78    4.88    4.15  348.40  349.80  346.70  346.20    5.46    6.19    6.92    7.63
  5  5 81 13 125  287.00  287.50  288.20  288.40    4.90    4.89    5.03    4.37  357.50  359.20  356.40  358.50    4.97    3.86    3.37    4.65
  5  5 81 14 125  286.70  287.40  288.10  288.30    5.77    5.75    5.68    4.85    1.55    3.42  359.70    0.62    7.69    8.70    7.71    8.41
  5  5 81 15 125  286.30  287.00  287.70  287.80    6.63    6.81    6.64    5.41    7.57    8.74    5.40    6.31    5.65    5.37    5.07    5.14
  5  5 81 16 125  286.50  287.10  287.90  288.00    5.34    5.03    4.89    4.22    1.89    4.41    1.54    3.22   10.29    9.39    9.07    9.34
  5  5 81 17 125  286.00  286.70  287.40  287.50    7.31    6.77    6.82    5.66    3.15    4.18  359.90    1.03   11.22   10.93   10.11    9.07
  5  5 81 18 125  284.10  284.70  285.30  285.70   10.76    9.97    9.30    7.68   28.30   30.82   27.09   29.17    3.63    4.59    5.95    7.00
  5  5 81 19 125  282.60  283.50  284.20  284.50    9.61    8.77    8.23    6.98   31.36   35.27   31.41   34.68    1.63    1.45    1.71    1.95
  5  5 81 20 125  281.90  283.40  284.40  284.40    8.06    7.01    6.21    5.07   22.96   25.56   20.97   22.05    3.05    3.45    4.26    6.16
  5  5 81 21 125  281.10  283.40  284.80  284.80   10.60    9.35    8.50    6.89   23.18   25.22   21.20   21.77    5.92    5.89    5.69    7.73
  5  5 81 22 125  278.30  283.30  284.00  284.00   11.22   10.08    9.30    7.69   32.72   34.87   30.89   33.18    2.39    2.96    2.84    3.31
  5  5 81 23 125  276.70  282.90  283.60  283.30   10.87    9.64    8.91    7.17   29.43   32.10   27.37   29.35    2.82    2.72    3.58    4.20
  5  5 81 24 125  274.60  282.10  282.60  281.90   11.08    9.80    9.07    7.26   30.87   32.37   26.97   29.06    1.14    1.49    2.17    2.55
  5  6 81  1 126  274.00  281.20  281.80  281.70   11.11    9.90    8.99    7.05   26.54   27.50   22.35   24.91    2.22    2.24    2.64    1.81
  5  6 81  2 126  272.20  280.40  281.00  281.00   12.39   11.12   10.23    8.12   25.94   27.72   22.02   24.08    1.32    1.33    2.16    3.15
  5  6 81  3 126  271.40  279.10  279.70  279.60   12.22   10.86    9.85    7.78   24.88   26.56   22.14   24.18    0.85    0.95    1.30    2.39
  5  6 81  4 126  271.60  278.00  278.60  278.50   12.21   10.84    9.97    7.69   25.60   27.11   21.99   24.51    1.28    1.34    1.32    1.41
  5  6 81  5 126  271.90  277.10  277.80  277.80   11.86   10.54    9.60    7.53   25.07   27.79   22.93   24.93    1.58    1.34    1.80    2.88
  5  6 81  6 126  272.20  276.50  277.20  277.30   11.28   10.01    9.19    7.32   25.97   27.76   23.05   24.54    1.79    2.21    2.47    3.30
  5  6 81  7 126  273.50  276.30  277.00  277.30   11.38   10.60    9.73    7.92   24.28   27.30   21.62   24.07    1.47    1.83    1.92    2.54
  5  6 81  8 126  274.80  276.50  277.30  277.70   12.23   11.78   11.14    9.26   27.02   30.90   25.60   27.87    1.38    1.88    2.33    2.93
  5  6 81  9 126  275.70  277.00  277.70  278.20   10.92   10.49    9.97    8.42   29.06   31.53   26.38   28.57    1.29    1.73    2.10    2.54
  5  6 81 10 126  276.20  278.50  279.20  279.70   10.59   10.12    9.77    8.34   33.77   35.97   31.87   34.13    2.80    3.47    3.28    3.77
  5  6 81 11 126  276.00  280.00  280.90  281.50   11.42   10.91   10.45    9.02   33.72   35.74   31.90   34.44    4.45    5.07    5.56    6.24
  5  6 81 12 126  276.40  281.60  282.40  283.30   11.43   10.99   10.54    8.90   34.22   37.03   34.20   36.11    4.45    5.35    5.56    5.23
  5  6 81 13 126  276.70  283.00  283.90  284.70   11.65   11.22   10.66    9.10   38.00   41.18   38.18   41.13    2.85    3.67    3.41    3.94
  5  6 81 14 126  276.80  284.20  285.10  285.80   11.72   11.29   10.80    9.37   37.80   40.76   37.85   40.93    4.82    5.62    5.88    6.16
  5  6 81 15 126  276.60  284.90  285.80  286.40   11.57   11.10   10.68    9.23   36.32   38.81   35.54   38.58    4.16    4.42    5.17    5.36
  5  6 81 16 126  276.30  285.30  286.20  286.70   11.99   11.31   10.67    9.08   44.77   47.42   44.39   46.77    4.81    4.76    5.36    5.48
  5  6 81 17 126  276.00  285.10  285.90  286.30   12.48   11.62   10.92    9.37   50.00   53.00   50.00   53.02    3.50    3.57    3.97    4.20
  5  6 81 18 126  276.70  284.80  285.60  285.80   11.20   10.36    9.67    8.33   50.06   53.14   50.41   53.42    2.20    2.42    3.39    3.48
  5  6 81 19 126  277.30  284.20  284.80  284.80   10.31    9.14    8.40    6.72   46.11   48.16   44.67   47.40    2.53    2.70    2.82    3.61
  5  6 81 20 126  276.10  283.00  283.60  283.50   10.61    9.00    8.11    6.29   45.11   47.49   43.71   46.67    2.62    2.41    2.89    2.40
  5  6 81 21 126  275.10  281.70  282.30  282.10    9.67    8.10    7.14    5.53   45.89   48.25   44.51   47.09    2.30    2.16    2.34    2.13
  5  6 81 22 126  274.50  280.40  281.00  280.90   10.61    8.98    8.02    6.34   47.09   49.08   45.71   49.18    2.15    1.75    2.50    2.93
  5  6 81 23 126  273.30  279.30  279.90  279.90   11.31    9.58    8.60    7.29   48.81   52.06   49.14   52.90    0.75    1.51    0.97    1.42
  5  6 81 24 126  272.90  278.60  279.20  279.10   10.81    8.92    7.87    6.45   49.13   51.77   48.46   51.41    1.59    1.80    1.68    1.98
  5  7 81  1 127  273.00  278.10  278.60  278.50   10.72    8.77    7.78    6.33   49.82   51.42   47.49   50.47    1.48    1.51    1.23    1.48
  5  7 81  2 127  273.20  277.60  278.00  277.90    9.12    7.23    6.37    5.12   52.67   53.89   48.62   51.17    2.48    1.93    1.54    1.65
  5  7 81  3 127  273.00  277.50  277.80  277.60    8.99    6.41    5.56    4.60   61.88   60.32   53.02   53.68    3.10    2.45    2.32    1.71
  5  7 81  4 127  272.10  278.00  277.90  277.80    9.99    6.62    5.27    4.14   69.17   65.44   61.23   64.88    1.84    1.69    1.40    2.32
  5  7 81  5 127  271.70  277.60  277.50  277.30    9.10    6.15    5.08    3.91   69.18   63.32   57.41   59.29    3.02    2.50    3.58    6.01
  5  7 81  6 127  271.70  277.20  277.00  276.70    9.36    6.47    5.32    3.89   62.28   53.02   46.40   46.26    1.45    2.33    2.05    2.20
  5  7 81  7 127  271.50  277.10  277.70  278.00    9.08    7.27    6.48    5.51   69.33   68.26   63.49   64.08    2.13    3.80    5.41    6.64
  5  7 81  8 127 -999.99 -999.99 -999.99 -999.99 -999.99 -999.99 -999.99 -999.99 -999.99 -999.99 -999.99 -999.99 -999.99 -999.99 -999.99 -999.99
  5  7 81  9 127 -999.99 -999.99 -999.99 -999.99 -999.99 -999.99 -999.99 -999.99 -999.99 -999.99 -999.99 -999.99 -999.99 -999.99 -999.99 -999.99
  5  7 81 10 127 -999.99 -999.99 -999.99 -999.99 -999.99 -999.99 -999.99 -999.99 -999.99 -999.99 -999.99 -999.99 -999.99 -999.99 -999.99 -999.99
  5  7 81 11 127 -999.99 -999.99 -999.99 -999.99 -999.99 -999.99 -999.99 -999.99 -999.99 -999.99 -999.99 -999.99 -999.99 -999.99 -999.99 -999.99
  5  7 81 12 127 -999.99 -999.99 -999.99 -999.99 -999.99 -999.99 -999.99 -999.99 -999.99 -999.99 -999.99 -999.99 -999.99 -999.99 -999.99 -999.99
  5  7 81 13 127 -999.99 -999.99 -999.99 -999.99 -999.99 -999.99 -999.99 -999.99 -999.99 -999.99 -999.99 -999.99 -999.99 -999.99 -999.99 -999.99
  5  7 81 14 127 -999.99 -999.99 -999.99 -999.99 -999.99 -999.99 -999.99 -999.99 -999.99 -999.99 -999.99 -999.99 -999.99 -999.99 -999.99 -999.99
  5  7 81 15 127 -999.99 -999.99 -999.99 -999.99 -999.99 -999.99 -999.99 -999.99 -999.99 -999.99 -999.99 -999.99 -999.99 -999.99 -999.99 -999.99
  5  7 81 16 127 -999.99 -999.99 -999.99 -999.99 -999.99 -999.99 -999.99 -999.99 -999.99 -999.99 -999.99 -999.99    1.00    1.34    1.94    3.62
  5  7 81 17 127  271.70  288.40  289.20  289.60    7.80    7.42    7.05    6.33   84.46   79.46   78.95   78.30    5.36    5.70    6.11    7.15
  5  7 81 18 127  272.50  288.10  288.90  289.20    7.29    6.78    6.33    5.65   90.43   86.94   86.48   87.49    3.56    4.41    4.27    5.39
  5  7 81 19 127  273.50  287.50  288.10  288.00    7.64    6.39    5.52    4.52   86.58   81.55   80.53   80.50    2.80    2.88    3.70    3.43
  5  7 81 20 127  274.60  286.50  286.90  286.30    7.73    6.09    4.99    3.72   95.20   89.16   86.85   84.79    6.11    5.97    5.60    5.10
  5  7 81 21 127  275.10  285.40  285.60  284.70    8.45    6.09    4.79    3.32  102.40   95.28   91.95   88.75    1.35    2.41    3.21    4.23
  5  7 81 22 127  275.30  284.60  284.70  283.80    9.10    6.34    4.92    3.46  100.90   94.58   91.52   86.23    0.91    1.31    1.66    2.17
  5  7 81 23 127  275.80  283.90  284.00  283.00    8.99    6.61    5.19    3.64   99.77   91.96   87.44   82.35    0.75    0.89    1.14    1.36
  5  7 81 24 127  275.90  283.50  283.30  282.00    8.95    6.21    4.82    3.18  101.80   93.48   88.72   84.06    1.63    1.91    0.99    1.39
  5  8 81  1 128  276.10  283.00  282.60  281.30    8.89    5.70    4.37    2.76  106.30   95.54   88.43   80.14    1.62    2.07    3.22    5.03
  5  8 81  2 128 -999.99  283.40  282.40  280.90    9.03    6.12    4.65    3.00  109.60   94.70   85.84   78.40    0.38    0.90    0.92    3.23
  5  8 81  3 128 -999.99  282.50  281.80  280.80    8.51    5.69    4.08    2.71  106.80   85.30   74.77   67.90    1.33    2.63    3.28    3.89
  5  8 81  4 128 -999.99  282.10  281.20  279.80    9.61    6.44    5.12    3.48  114.80   97.62   89.64   82.50    1.94    3.68    5.28    2.66
  5  8 81  5 128 -999.99  281.50  280.70  279.60    9.80    6.57    4.94    3.17  118.70  106.70  102.00   99.21    1.56    2.73    2.52    4.59
  5  8 81  6 128  275.50  281.00  280.40  279.70   10.11    7.00    5.54    3.80  121.50  110.80  107.40  105.80    1.34    1.64    2.17    2.43
  5  8 81  7 128  275.70  281.30  281.40  281.60    8.21    6.36    5.70    4.60  124.10  115.20  112.50  110.40    2.28    3.67    3.59    3.56
  5  8 81  8 128  276.50  282.60  283.40  283.80    6.54    5.98    5.66    4.48  127.20  120.70  118.30  116.70    2.57    1.95    2.55    3.72
  5  8 81  9 128  276.90  285.00  285.90  286.50    5.50    5.35    4.96    3.98  140.00  134.80  132.90  132.20    3.31    3.70    4.22    4.93
  5  8 81 10 128  275.90  286.40  287.10  287.60    4.46    4.43    4.21    3.61  154.70  153.30  151.20  151.10   50.28   10.42   10.37   11.32
  5  8 81 11 128  275.20  287.60  288.30  288.70    3.89    3.60    3.45    3.14  179.60  179.40  177.40  180.50   13.07   13.77   15.06   16.97
  5  8 81 12 128  275.10  288.20  289.00  289.40    3.21    2.83    2.70    2.49  152.50  145.90  143.30  156.00   12.70   18.92   21.56   30.94
  5  8 81 13 128  275.10  288.50  289.30  289.60    2.62    2.39    2.28    2.13  155.90  157.10  157.10  155.80    9.10   13.01   15.15   21.37
  5  8 81 14 128  275.70  288.60  289.40  289.70    2.46    2.28    2.15    1.92  174.20  174.60  176.30  178.50   12.63   17.47   18.27   20.34
  5  8 81 15 128  276.20  288.90  289.60  289.80    2.04    1.92    1.73    1.57  244.70  256.20  260.90  263.80   59.86   65.24   69.67   70.48
  5  8 81 16 128  277.40  288.40  289.10  289.30    0.93    0.90    0.73    0.83 -999.99 -999.99 -999.99 -999.99   55.43   57.73   63.09   62.66
  5  8 81 17 128  277.40  288.50  289.30  289.40    1.31    1.36    1.23    1.24  355.50    2.77    1.16    2.89   15.85   17.98   18.98   21.61
  5  8 81 18 128  277.50  288.60  289.30  289.40    0.75    0.86    0.76    0.79   28.79   50.49   53.17   65.39   14.43   14.10   13.08   18.71
  5  8 81 19 128  277.50  288.50  289.10  289.00    2.07    2.02    1.81    1.44   44.80   52.80   51.30   51.71    8.80    7.38    7.52    9.32
  5  8 81 20 128  277.50  288.10  288.50  288.30    3.33    2.78    2.23    1.60   60.27   63.76   60.54   58.65    4.97    3.55    2.75    7.35
  5  8 81 21 128 -999.99  288.20  288.20  287.70    3.51    3.27    2.51    1.85   51.92   62.16   59.30   58.01    5.49    2.67    4.11    9.42
  5  8 81 22 128 -999.99  288.20  288.10  287.30    3.91    3.96    2.86    2.05   52.91   66.60   64.00   66.77    5.62    4.12    4.90    9.60
  5  8 81 23 128 -999.99  288.20  288.00  286.30    4.27    4.39    2.96    1.73   71.85   82.21   78.92   75.56    4.22    3.64    6.14   12.18
  5  8 81 24 128 -999.99  288.00  287.30  286.20    4.25    3.60    2.62    1.65   61.09   60.92   49.05   31.69    5.69    9.47   12.94   16.13
  5  9 81  1 129 -999.99  287.80  287.10  285.80    5.03    3.77    2.61    1.71   83.87   74.85   60.22   57.10    4.28    8.31   12.19   21.87
  5  9 81  2 129 -999.99  288.00  287.10  285.20    5.57    4.62    3.29    1.91   84.86   72.02   59.66   50.98    5.31   10.75   13.97   21.77
  5  9 81  3 129 -999.99  288.00  286.90  284.70    6.23    5.62    3.69    2.16  102.00   92.17   84.10   82.10    4.84    5.32    7.43    7.01
  5  9 81  4 129 -999.99  288.40  286.70  284.90    5.40    4.48    3.26    2.05  122.80  100.70   86.77   73.79    8.37    2.20    5.75    9.29
  5  9 81  5 129 -999.99  288.40  286.50  285.50    3.94    3.31    2.36    1.63  131.00   80.96   58.07   35.96    3.44   12.85   15.46   26.78
  5  9 81  6 129 -999.99  287.90  287.10  285.50    4.44    4.02    2.96    1.87  148.00  113.30   91.86   87.26   11.41   14.54   14.43   24.63
  5  9 81  7 129  283.30  287.70  287.20  286.10    2.95    2.99    2.55    1.73  157.60  109.10   82.57   73.57   15.78   33.31   31.02   31.23
  5  9 81  8 129  283.50  287.00  287.10  287.30    2.43    2.18    2.05    1.97  105.20   73.56   65.96   68.24   19.47   15.46   14.09   12.82
  5  9 81  9 129  284.30  287.70  288.40  288.60    2.47    2.40    2.41    2.32   69.86   69.02   65.37   67.47   14.70   12.92   14.00   13.70
  5  9 81 10 129  284.90  288.50  289.20  289.40    3.73    3.39    3.22    2.91   77.66   81.50   78.43   80.35   10.85   10.18    9.88   10.36
  5  9 81 11 129  285.80  288.40  289.10  289.30    3.42    2.78    2.57    2.30   95.49  100.50  100.70  102.10    6.86   11.91   14.33    9.43
  5  9 81 12 129  286.70  288.20  288.90  289.00    3.47    2.97    2.73    2.36   99.76   97.30   95.86   95.18   10.49   15.20   17.94   21.97
  5  9 81 13 129  286.90  288.20  288.80  289.00    5.02    4.27    3.91    3.52   97.11   87.64   85.74   85.72    5.73    4.14    4.31    5.21
  5  9 81 14 129  287.40  288.60  289.40  289.70    5.44    4.80    4.53    3.53  122.60  119.20  117.90  116.30    7.63    9.35    9.91    9.06
  5  9 81 15 129  287.40  288.90  289.60  290.00    5.96    5.39    4.96    3.73  128.80  124.90  123.30  121.50    3.39    2.30    2.55    3.08
  5  9 81 16 129  287.60  289.20  289.90  290.10    6.43    5.69    5.23    3.95  123.50  120.40  118.60  117.10    4.79    8.30    9.28    9.39
  5  9 81 17 129  287.60  289.00  289.70  289.80    7.68    6.55    5.74    3.97  128.50  126.30  125.00  123.60    5.92    6.22    7.08    7.92
  5  9 81 18 129  287.50  288.70  289.40  289.50    8.17    7.24    5.90    3.46  141.70  140.20  139.00  140.90    1.50    1.56    1.77    2.46
  5  9 81 19 129  287.10  288.50  289.10  289.20    7.72    6.56    5.73    3.83  135.60  133.70  131.90  130.90    3.62    3.86    3.86    5.61
  5  9 81 20 129  286.70  288.20  288.80  288.80    8.39    6.99    5.84    3.75  139.70  137.70  136.00  137.20    5.37    6.24    6.29    7.07
  5  9 81 21 129  286.40  288.00  288.60  288.70    7.49    6.44    5.64    3.97  149.90  148.20  145.50  147.90    2.14    2.27    2.95    2.93
  5  9 81 22 129  286.10  287.80  288.50  288.40    6.23    5.27    4.69    3.40  159.40  157.10  155.90  155.80    2.64    1.91    2.49    2.64
  5  9 81 23 129  286.10  287.70  288.30  288.10    6.09    4.85    3.98    2.48  149.20  144.40  141.10  140.20    5.12    7.99    9.90   10.90
  5  9 81 24 129  286.20  287.50  288.00  288.00    6.10    4.64    3.87    2.50  138.00  131.30  129.00  128.10    0.91    1.65    2.25    2.54
  5 10 81  1 130  286.20  287.50  287.90  287.90    5.81    4.24    3.51    2.42  128.60  122.20  120.10  116.70    7.28    8.97   10.15   11.89
  5 10 81  2 130  286.30  287.50  287.90  287.90    5.41    4.20    3.47    2.73  111.90  102.40   98.42   95.66    4.64    5.92    6.35    6.48
  5 10 81  3 130  286.40  287.40  287.80  288.00    5.86    4.92    4.23    3.48   83.17   73.44   70.57   68.95    7.41    5.54    6.04    6.45
  5 10 81  4 130  283.60  284.00  284.60  284.90   10.60    9.86    9.17    7.45   40.17   38.80   35.16   36.07   13.40    9.86   11.13   10.05
  5 10 81  5 130  279.80  279.90  280.60  281.00   14.43   13.18   12.13   10.12   44.19   48.43   44.86   47.45    2.60    3.32    3.38    4.19
  5 10 81  6 130  278.80  278.90  279.50  279.80   12.13   11.01   10.15    8.58   42.02   45.15   41.65   43.97    6.25    6.74    6.78    7.28
  5 10 81  7 130  278.10  278.30  278.90  279.20   12.68   11.64   10.85    9.07   35.90   39.55   34.92   38.51    2.82    2.96    4.04    3.80
  5 10 81  8 130  277.60  277.60  278.20  278.70   13.02   12.35   11.48    9.73   34.97   38.49   34.26   36.37    1.68    3.20    2.84    2.72
  5 10 81  9 130  277.60  277.50  278.10  278.60   13.60   12.64   11.76    9.94   35.80   38.98   35.56   37.31    1.76    1.59    2.59    2.71
  5 10 81 10 130  277.50  277.40  278.00  278.50   14.52   13.51   12.56   10.66   34.38   38.35   33.93   37.20    1.95    2.22    2.56    3.04
  5 10 81 11 130  277.60  277.50  278.20  278.40   13.59   12.66   11.64    9.85   28.97   32.11   27.84   29.63    3.99    4.37    5.09    4.87
  5 10 81 12 130  277.60  277.70  278.30  278.60   12.73   11.76   10.97    9.29   30.84   34.09   30.51   32.84    4.62    5.47    6.98    6.77
  5 10 81 13 130  277.40  277.50  278.20  278.90   15.35   14.11   13.12   10.87   24.31   27.23   23.02   24.74    1.46    1.85    1.75    2.60
  5 10 81 14 130  277.40  277.40  278.10  278.70   14.48   13.95   12.93   10.80   17.35   19.13   14.73   16.25    6.65    7.64    7.77    8.76
  5 10 81 15 130  277.00  277.30  278.10  278.30   12.92   12.35   11.53    9.63   15.66   19.99   15.31   17.60    5.77    7.74    7.27    7.83
  5 10 81 16 130  276.50  277.30  278.40  278.20   15.67   14.44   13.12   10.73   15.25   19.32   15.03   16.00    1.95    2.71    3.14    4.29
  5 10 81 17 130  276.40  277.50  278.50  278.30   12.71   11.84   10.91    9.11   15.58   18.11   12.89   13.91    3.59    4.07    3.73    4.69
  5 10 81 18 130  276.90  277.00  277.80  278.10    9.50    9.33    8.99    7.60    9.08   10.53    6.10    7.81    6.04    7.45    6.60    7.22
  5 10 81 19 130  276.80  276.80  277.50  277.80    6.88    6.95    7.25    6.24  357.50  359.00  356.00  355.70    3.26    2.12    2.13    2.37
  5 10 81 20 130  276.50  276.50  277.20  277.50    7.35    7.16    7.54    6.54  353.30  356.10  353.60  353.90    1.46    2.09    2.05    2.51
  5 10 81 21 130  276.40  276.40  277.10  277.40    8.36    7.48    7.94    7.03  350.00  352.60  350.00  350.70    2.73    1.90    1.84    2.73
  5 10 81 22 130  276.40  276.40  277.10  277.30    9.31    7.88    8.25    7.30  347.70  351.00  348.10  347.50    2.01    2.47    2.54    3.07
  5 10 81 23 130  276.70  276.60  277.30  277.50   10.26    8.31    8.31    7.19  344.20  347.00  344.20  344.20    2.11    2.29    2.30    3.78
  5 10 81 24 130  276.40  276.40  277.10  277.30   10.55    8.51    8.48    7.34  344.00  347.80  344.90  344.00    1.46    1.66    1.42    1.49
  5 11 81  1 131  276.10  276.10  276.80  277.00   11.29    9.40    9.40    8.18  344.60  347.20  343.70  342.90    1.40    1.52    1.38    2.31
  5 11 81  2 131  276.00  276.00  276.70  276.90    9.60    8.58    9.01    7.62  347.70  350.10  346.00  346.70    2.13    2.77    2.78    3.90
  5 11 81  3 131  275.80  275.90  276.60  276.90    9.02    8.18    8.49    7.08  350.80  353.50  349.80  351.20    3.26    3.25    3.19    3.51
  5 11 81  4 131  275.70  275.70  276.50  276.80    8.89    8.23    8.59    7.31  349.90  352.90  349.70  349.60    1.49    2.23    2.41    2.73
  5 11 81  5 131  275.70  275.60  276.40  276.80    8.85    7.93    8.43    7.25  350.90  353.80  351.20  352.20    3.41    2.97    3.06    3.70
  5 11 81  6 131  275.80  275.80  276.50  276.80    7.95    7.69    7.63    6.35  350.90  352.70  348.50  348.20    5.80    5.92    6.29    6.31
  5 11 81  7 131  275.70  275.80  276.50  276.80    8.11    7.17    7.32    6.28  347.50  349.80  345.80  346.20    2.37    2.98    2.65    2.89
  5 11 81  8 131  275.60  275.90  276.60  276.90    7.69    6.89    7.08    6.32  346.60  349.00  346.00  346.00    2.65    3.31    3.59    4.36
  5 11 81  9 131  275.80  276.50  277.20  277.70    6.92    6.50    6.99    6.35  349.90  351.90  349.20  349.90    3.10    2.88    3.36    3.84
  5 11 81 10 131  276.10  276.80  278.10  278.70    6.46    6.55    7.09    6.22  352.40  356.00  353.00  355.40    2.09    2.23    3.03    3.33
  5 11 81 11 131  276.00  277.30  278.90  279.60    8.09    7.32    7.62    6.59  347.30  350.00  347.20  347.80    4.72    5.03    5.20    6.23
  5 11 81 12 131  276.20  278.80  280.00  281.20    7.18    7.01    7.70    6.91  350.70  354.80  352.80  353.70    3.13    3.23    4.15    5.26
  5 11 81 13 131  277.30  280.80  281.70  281.80    7.70    7.10    7.38    6.61  347.20  352.40  350.60  351.50    3.76    3.67    4.28    4.13
  5 11 81 14 131  278.50  282.70  283.50  283.70    9.50    8.38    8.48    7.02  343.50  347.30  344.70  345.60    3.63    4.25    5.13    5.91
  5 11 81 15 131  279.40  284.00  284.90  285.40    8.34    7.36    7.72    6.76  346.80  350.70  348.10  349.10    2.50    2.38    2.49    2.92
  5 11 81 16 131  279.70  284.50  285.30  285.70    5.96    6.79    7.32    6.32  357.50    0.77  358.10  359.00    2.65    3.60    3.60    4.37
  5 11 81 17 131  279.60  284.60  285.30  285.60    5.96    6.71    6.74    5.80    1.71    5.96    2.34    3.26    4.41    3.98    4.34    3.69
  5 11 81 18 131  279.70  284.50  285.20  285.30    5.96    6.36    6.10    5.11   10.36   12.80    8.79   10.14    5.52    4.78    5.05    5.89
  5 11 81 19 131  279.80  284.30  284.90  284.80    3.83    3.41    3.09    2.40   24.03   28.67   25.08   26.84    2.37    2.67    3.78    3.91
  5 11 81 20 131 -999.99  284.00  284.60  284.00    3.31    2.67    2.10    1.11   43.90   53.45   54.85   68.29    5.36    5.38    7.32   11.97
  5 11 81 21 131 -999.99  283.90  284.40  283.40    2.86    2.17    1.69    0.80   59.65   75.83   82.90  114.20    5.43   11.10   13.74   14.08
  5 11 81 22 131 -999.99  283.70  284.20  282.10    2.66    1.67    1.13    0.88   67.05   83.95   92.86  173.20    3.66    4.89    8.10   15.31
  5 11 81 23 131 -999.99  283.10  283.40  281.80    3.11    2.38    1.44    1.62   71.20   89.17  110.90  181.80   14.36    8.76   11.67   42.74
  5 11 81 24 131 -999.99  280.00  280.30  279.70    6.69    5.21    4.08    2.62  115.20  121.70  116.00  110.10    3.10    5.23    6.82    8.57
  5 12 81  1 132 -999.99  279.40  279.50  278.90    5.67    4.56    3.57    1.96  108.90  126.60  125.40  120.80    5.63    1.96    2.16    4.17
  5 12 81  2 132 -999.99  279.70  279.50  278.10    5.14    4.21    3.27    1.46   91.98  119.50  124.70  121.20    2.84    3.38    2.59    4.40
  5 12 81  3 132 -999.99  280.00  279.70  277.70    4.83    3.69    3.03    1.14   93.35  124.60  136.90  143.60    1.66    4.81    8.84   17.14
  5 12 81  4 132 -999.99  279.80  279.90  277.30    4.75    3.80    2.99    1.13   95.93  120.90  133.60  150.90    2.34    2.62    4.00    8.48
  5 12 81  5 132 -999.99  279.50  279.50  277.30    3.16    2.34    2.05    1.67  104.10  150.60  176.40  213.20    6.04   23.69   27.80   33.29
  5 12 81  6 132 -999.99  279.40  279.50  278.40    1.78    0.88    0.80    1.12   97.42  153.40  209.30  318.40    9.72   30.18   16.46   73.26
  5 12 81  7 132 -999.99  279.30  279.50  279.50    1.62    0.65    0.46    0.70   93.55  141.80  172.90  138.70    4.44   55.16   74.71   69.30
  5 12 81  8 132  272.10  279.70  280.40  280.80    1.55    1.49    1.46    1.44  110.50  107.30  105.30  103.40    9.84   10.43   26.94   29.14
  5 12 81  9 132  273.20  281.00  281.80  282.30    2.12    2.19    2.11    1.97  103.40  101.50   99.88   97.65    8.51   12.26   15.27   18.74
  5 12 81 10 132  274.60  282.50  283.40  283.90    1.74    1.67    1.68    1.62  134.60  133.40  136.50  137.20   28.23   40.63   44.40   49.05
  5 12 81 11 132  276.00  283.60  284.40  284.80    1.72    1.59    1.49    1.40  147.70  154.70  151.20  140.60   16.94   24.89   23.08   31.65
  5 12 81 12 132  276.20  284.10  284.90  285.20    2.39    2.18    2.05    1.85  154.40  156.20  153.90  155.40   14.40   14.75   15.95   18.08
  5 12 81 13 132  275.80  284.80  285.70  286.10    3.31    3.11    2.88    2.62  123.10  122.80  119.90  117.30   18.29   19.00   21.04   24.25
  5 12 81 14 132  275.40  285.40  286.20  286.70    3.31    3.06    2.84    2.53  126.90  127.90  124.90  122.10   15.38   16.09   15.46   16.78
  5 12 81 15 132  276.00  285.90  286.70  287.20    4.78    4.51    4.20    3.57  134.60  135.60  134.40  134.70   11.44   11.84   11.17   12.10
  5 12 81 16 132  275.50  286.40  287.20  287.60    6.82    6.41    6.05    4.81  122.00  122.30  120.20  119.40    8.67    9.19    8.74    8.88
  5 12 81 17 132  275.70  286.40  287.10  287.30    8.24    7.38    6.82    5.10  120.50  121.40  120.50  119.40    7.66    8.18    8.39    8.31
  5 12 81 18 132  276.20  286.20  286.80  286.80    6.22    5.63    5.07    3.61  139.60  141.20  140.80  142.70   15.02   15.64   15.86   17.09
  5 12 81 19 132  277.60  285.80  286.30  286.20    5.83    4.72    3.98    2.62  136.40  133.20  129.70  126.90   10.89   13.49   13.51   16.12
  5 12 81 20 132  276.70  285.60  285.80  285.50    8.84    7.09    5.87    3.85  128.00  125.40  123.60  123.70    7.34    9.57   10.29   11.30
  5 12 81 21 132  277.10  285.20  285.50  285.10    9.23    7.08    5.90    3.95  125.70  123.30  120.60  118.40    6.90    8.81    9.26   10.97
  5 12 81 22 132  277.10  285.00  285.50  285.30    4.37    3.12    2.54    1.79  119.80  109.50  100.60   94.22    3.53    6.92   11.40   19.56
  5 12 81 23 132  277.60  284.70  285.00  284.60    5.52    4.52    3.81    2.88  109.90   99.01   92.59   94.86    4.90    5.34    5.94    6.85
  5 12 81 24 132  277.90  284.30  284.50  284.20    6.21    5.60    4.67    3.58  112.20   98.85   94.81  101.00    8.61    9.15   10.48   11.33
  5 13 81  1 133  278.20  284.10  284.20  283.90    7.65    6.11    5.02    3.81  123.30  111.30  106.60  110.30    1.79    1.78    2.14    2.28
  5 13 81  2 133  279.10  283.80  284.00  283.80    9.00    6.79    5.69    3.72  133.00  127.90  124.70  129.70    3.41    4.77    5.46    5.71
  5 13 81  3 133  279.70  283.40  283.60  283.40    9.27    6.96    5.88    3.73  139.60  135.00  132.30  138.70    2.64    1.34    1.77    2.56
  5 13 81  4 133  280.20  283.30  283.50  283.20    9.78    7.69    5.92    3.20  145.10  141.90  139.70  141.50    1.76    3.11    3.77    4.66
  5 13 81  5 133  280.60  283.30  283.70  283.50    8.72    6.83    5.43    3.34  151.20  147.60  143.00  146.00    2.24    2.22    2.62    1.97
  5 13 81  6 133  280.90  283.40  283.80  283.70    7.73    5.99    4.71    2.64  153.00  147.60  141.50  144.10    0.84    1.36    2.25    3.25
  5 13 81  7 133  281.10  283.70  284.30  284.40    7.56    6.07    5.24    3.71  151.00  148.70  145.70  148.00    1.58    1.31    1.81    1.66
  5 13 81  8 133  281.30  284.30  285.00  285.30    6.90    5.93    5.29    4.06  151.20  149.90  147.70  149.60    1.91    2.33    3.76    3.53
  5 13 81  9 133  281.80  285.10  285.80  286.20    7.01    6.87    6.72    5.61  156.50  157.00  156.00  155.30    1.63    2.29    2.43    3.31
  5 13 81 10 133  282.20  285.90  286.70  287.10    4.83    4.69    4.56    3.99  157.70  158.80  157.30  156.50    3.89    4.36    4.50    4.46
  5 13 81 11 133  282.50  286.50  287.20  287.70    4.60    4.49    4.34    3.71  151.10  151.90  151.80  152.10    3.30    3.55    3.73    4.21
  5 13 81 12 133  282.80  286.70  287.50  287.80    5.03    4.97    4.79    4.12  155.40  156.40  154.50  155.50    4.73    5.25    6.88    6.48
  5 13 81 13 133  282.80  286.20  287.00  287.30    6.11    6.01    5.65    4.42  148.50  149.00  147.60  149.60    3.12    3.24    3.55    3.04
  5 13 81 14 133  283.30  285.60  286.30  286.60    4.43    4.10    3.81    2.89  129.10  128.30  125.30  124.80    9.35   10.78   10.80   13.84
  5 13 81 15 133  283.80  285.70  286.40  286.70    4.98    4.69    4.43    3.47  121.30  120.40  118.40  117.70    8.83    9.54    9.30   10.98
  5 13 81 16 133  283.90  285.50  286.30  286.50    5.22    4.86    4.59    3.79  112.40  112.70  110.60  110.10    2.25    3.15    3.87    5.36
  5 13 81 17 133  284.10  285.30  285.90  286.20    5.00    4.22    3.84    3.13  117.10  113.20  109.70  108.00    1.79    2.82    3.13    3.44
  5 13 81 18 133  284.40  285.40  286.00  286.10    4.85    3.89    3.30    2.77  103.60   93.95   90.72   90.31    3.00    4.96    6.70    8.30
  5 13 81 19 133  284.80  285.70  286.30  286.30    6.27    4.88    4.24    3.32  119.80  114.40  110.30  107.50    6.33    8.18    8.60    7.32
  5 13 81 20 133  285.10  286.00  286.40  286.40    5.86    4.53    3.81    2.99  120.10  110.50  105.50  104.20    4.07    5.86    6.60    6.66
  5 13 81 21 133  285.30  286.10  286.50  286.50    6.28    4.83    4.02    3.00  124.30  116.10  111.80  108.90    3.02    3.78    4.49    4.78
  5 13 81 22 133  285.40  286.20  286.80  286.80    6.84    5.23    4.45    3.09  129.90  125.00  121.40  119.00    1.34    2.13    1.85    2.40
  5 13 81 23 133  285.20  286.20  286.70  286.70    6.30    5.12    4.33    2.93  131.80  127.90  123.70  121.60    6.06    7.97    9.44   11.82
  5 13 81 24 133  285.00  286.00  286.50  286.50    6.86    5.49    4.69    3.17  135.00  127.10  123.80  121.00    1.44    2.49    3.05    4.18
  5 14 81  1 134  284.90  285.70  286.20  286.20    5.61    4.48    3.86    2.81  132.00  123.90  119.70  115.90    2.69    2.44    2.46    3.61
  5 14 81  2 134  284.80  285.70  286.30  286.30    5.80    4.60    3.97    2.87  129.00  123.90  119.60  117.90    2.93    3.39    3.62    2.85
  5 14 81  3 134  284.70  285.50  286.00  286.10    7.09    5.95    5.03    3.13  138.30  137.00  134.40  135.00    2.99    3.16    3.51    5.20
  5 14 81  4 134  284.60  285.60  286.10  286.10    6.81    5.46    4.34    2.52  145.50  141.80  139.00  139.50    1.75    2.83    3.41    5.44
  5 14 81  5 134  285.10  285.60  285.90  286.00    7.17    6.04    4.80    2.81  152.30  143.00  139.10  140.30    2.30    2.71    3.10    5.53
  5 14 81  6 134  285.10  285.60  286.00  286.10    7.01    5.68    4.67    3.03  144.20  138.30  135.00  135.30    1.82    2.30    2.23    3.05
  5 14 81  7 134  285.20  285.70  286.20  286.30    7.73    6.63    5.85    4.52  169.30  163.00  159.50  158.10   10.24   11.23   11.33   10.29
  5 14 81  8 134  285.30  286.10  286.50  286.70    7.54    6.45    5.56    4.29  214.50  209.50  204.50  202.00   18.39   21.22   22.02   22.86
  5 14 81  9 134  283.80  284.90  285.40  285.80    8.82    8.20    7.33    5.61  240.50  240.80  238.40  240.10    4.55    5.65    6.32    6.76
  5 14 81 10 134  283.20  284.50  284.90  285.30    8.22    7.79    7.04    5.42  240.40  240.50  238.30  240.60    3.03    3.07    2.97    3.28
  5 14 81 11 134  283.50  284.90  285.20  285.70    5.71    5.59    5.32    4.33  289.10  291.10  288.30  288.70   33.46   36.54   36.55   36.43
  5 14 81 12 134  282.90  283.70  284.10  284.50    4.62    4.51    4.39    3.77  339.30  340.80  338.00  337.00    3.86    4.58    4.87    6.18
  5 14 81 13 134  282.70  283.70  284.20  284.70    3.75    4.00    4.16    3.74  347.60  347.40  343.40  342.20    4.29    4.17    3.81    5.42
  5 14 81 14 134  282.30  283.10  283.80  284.20    5.06    5.07    5.21    4.58  345.90  347.20  343.30  341.90    4.62    5.55    6.49    7.27
  5 14 81 15 134  281.30  282.00  282.70  283.10    6.21    6.36    6.78    5.93  353.00  355.70  352.50  353.00    1.91    2.55    2.66    2.35
  5 14 81 16 134  280.90  281.40  282.20  282.50    8.52    7.63    8.07    7.07  349.00  350.90  347.60  347.80    1.32    1.38    2.04    2.75
  5 14 81 17 134  280.30  280.90  281.80  281.90    8.92    8.29    8.69    7.34  349.90  353.20  349.00  350.00    2.12    2.11    2.12    2.44
  5 14 81 18 134  279.50  279.90  280.60  280.90   11.46    9.55    9.98    8.62  345.70  349.10  344.60  344.00    1.47    1.61    1.63    2.06
  5 14 81 19 134  279.30  279.50  280.30  280.50   10.35    8.77    9.23    8.10  347.00  351.00  346.00  346.00    1.06    1.45    1.79    2.13
  5 14 81 20 134  278.80  279.10  280.00  280.10   11.65    9.49    9.66    8.49  345.40  349.70  345.40  345.30    2.21    2.43    2.35    2.35
  5 14 81 21 134  278.70  278.90  280.00  279.90   11.45    9.40    9.78    8.32  345.80  349.80  345.20  346.40    1.60    0.83    1.51    1.91
  5 14 81 22 134  278.60  279.10  280.60  280.30    9.07    8.32    8.65    7.54  351.20  354.90  350.20  350.50    3.31    3.47    3.73    4.27
  5 14 81 23 134  277.70  279.50  280.90  280.80    9.14    9.21    9.08    7.63    3.71    5.21    0.78    2.27    2.01    2.62    2.62    3.65
  5 14 81 24 134  277.40  280.60  281.30  281.30   10.42    9.59    8.81    7.27   10.82   12.65    7.18    7.84    2.26    3.75    3.20    4.43
  5 15 81  1 135  277.30  280.70  281.30  281.30    9.95    8.76    7.67    5.91  340.80  342.00  337.30  337.40   22.56   22.07   20.92   21.07
  5 15 81  2 135  277.20  279.60  280.20  280.20    9.88    8.07    6.65    4.84  318.20  320.00  316.90  316.90    3.41    3.06    2.83    3.09
  5 15 81  3 135  276.90  279.30  279.60  279.50   10.00    7.81    6.39    4.60  318.30  319.70  315.60  316.30    3.54    4.77    3.98    4.06
  5 15 81  4 135  275.60  281.10  279.80  279.40    9.39    6.38    4.85    3.35  324.60  313.00  304.60  303.70    3.36    2.95    4.47    3.98
  5 15 81  5 135  274.90  281.20  279.00  278.90    9.42    6.16    4.71    3.55  304.50  297.90  294.40  295.80    6.09    2.64    2.16    3.44
  5 15 81  6 135  275.50  279.60  278.80  278.80    9.45    5.47    4.16    3.16  299.40  300.20  298.80  300.10    2.82    4.78    5.68    6.88
  5 15 81  7 135  276.70  279.20  279.80  280.20    6.81    4.91    4.35    3.43  305.10  308.10  306.40  308.10    3.85    5.53    5.26    5.90
  5 15 81  8 135  278.10  281.80  282.60  283.00    7.02    6.01    5.53    4.50  309.00  313.20  309.90  309.20    1.13    2.06    3.31    4.27
  5 15 81  9 135  279.20  284.20  285.10  285.60    7.65    7.38    6.99    5.72  303.80  307.20  304.80  305.20    2.99    3.10    3.31    4.98
  5 15 81 10 135  279.90  285.30  286.10  286.70    6.83    6.48    6.14    5.19  298.20  303.60  301.60  301.60    3.28    3.16    4.15    5.65
  5 15 81 11 135  280.80  286.30  287.20  287.80    4.87    4.64    4.45    3.87  302.50  306.60  304.20  304.10    7.10    6.94    6.18    7.16
  5 15 81 12 135  281.20  287.60  288.40  288.90    4.42    4.35    4.24    3.65  290.30  297.50  296.90  298.50    7.80    8.59    7.88    7.79
  5 15 81 13 135  281.20  289.20  290.00  290.50    4.34    4.28    4.08    3.47  280.50  284.10  282.90  284.00   10.06   15.76   17.94   19.06
  5 15 81 14 135  279.90  290.70  291.50  292.00    4.57    4.30    4.14    3.58  287.40  296.40  294.60  295.60   11.09   14.33   15.28   17.59
  5 15 81 15 135  278.50  291.40  292.30  292.80    6.31    5.95    5.66    4.69  307.30  310.30  306.90  306.60    4.04    4.55    4.72    6.50
  5 15 81 16 135 -999.99  292.30  293.40  293.80    5.86    5.44    5.14    4.35  315.40  317.70  314.20  316.40    6.72    8.84   10.10   11.44
  5 15 81 17 135 -999.99  292.60  293.40  293.80    3.39    3.39    3.41    2.99  341.30  345.10  343.40  346.60   12.13   15.04   16.35   18.80
  5 15 81 18 135  275.70  292.50  293.30  293.40    2.02    2.20    2.09    1.98  341.30  348.80  348.10  351.80    8.56   10.66   10.60   11.57
  5 15 81 19 135 -999.99  292.30  293.00  292.60    1.92    1.90    1.60    1.27  339.10  346.80  343.80  341.30   15.56   16.69   17.24   16.74
  5 15 81 20 135 -999.99  292.00  292.30  291.30    3.00    2.17    1.43    0.98  309.80  316.00  315.80  310.60   12.80   19.57   26.27   58.65
  5 15 81 21 135 -999.99  291.50  291.80  289.20    4.87    4.30    3.12    1.16   52.58   61.11   56.21   63.24    9.81   11.31   11.41   12.27
  5 15 81 22 135 -999.99  290.60  290.40  288.40    6.59    5.05    3.57    1.71   79.29   82.38   75.75   78.14    8.67    6.45    5.05   10.65
  5 15 81 23 135 -999.99  289.10  288.50  287.00    9.26    6.20    4.73    2.98  105.50  108.90  103.10  103.90    6.59    8.96    9.62   10.37
  5 15 81 24 135 -999.99  288.80  288.00  286.30    8.85    5.42    3.85    2.07  111.00  115.60  109.90  107.90    3.03    2.70    3.91    7.69
  5 16 81  1 136 -999.99  289.40  287.70  285.90    9.01    5.81    3.88    1.80  124.80  131.10  126.90  126.50    3.40    3.55    3.56    3.74
  5 16 81  2 136 -999.99  289.20  287.00  284.70    8.90    5.63    3.84    1.39  138.00  150.00  145.70  145.60    2.15    3.98    4.12    4.88
  5 16 81  3 136 -999.99  288.90  286.50  284.40    8.99    5.81    3.77    1.74  138.20  143.40  131.30  120.70    1.67    4.25    4.93    7.41
  5 16 81  4 136 -999.99  288.90  287.00  284.30    8.82    7.09    4.46    1.82  141.60  147.20  138.50  137.50    3.68    2.49    4.21    7.73
  5 16 81  5 136 -999.99  288.60  286.70  283.90    8.76    6.32    4.03    1.57  151.30  152.50  139.70  131.70    1.78    2.48    4.75    9.86
  5 16 81  6 136 -999.99  289.20  287.70  284.50    7.84    6.54    3.96    1.85  144.30  148.10  133.60  118.60    1.91    3.16    4.08    8.07
  5 16 81  7 136 -999.99  288.70  286.70  285.90    8.09    5.30    3.60    2.38  152.10  154.80  149.10  150.00    6.27    7.70   10.81   15.91
  5 16 81  8 136  281.30  287.90  288.10  288.50    5.85    4.57    4.14    3.05  142.70  144.90  137.40  134.60    2.56    2.34    4.30    2.97
  5 16 81  9 136  282.10  289.40  290.20  290.70    4.98    4.90    4.61    3.64  128.10  133.70  125.00  125.30    7.04    7.09    7.32    8.20
  5 16 81 10 136  280.10  290.70  291.50  292.00    6.23    5.96    5.65    5.07  110.90  114.60  105.80  105.20    2.38    3.16    2.81    4.00
  5 16 81 11 136  278.60  291.00  291.80  292.30    6.82    6.51    6.19    5.24  117.40  122.60  113.30  111.80    5.93    5.69    5.63    4.90
  5 16 81 12 136  277.40  291.50  292.40  293.00    6.47    6.23    5.97    5.28  113.60  117.70  108.30  107.10    4.21    5.70    6.43    4.35
  5 16 81 13 136  276.30  291.90  292.80  293.50    7.68    7.21    6.77    5.37  129.10  134.90  126.20  126.00    5.30    5.11    5.10    6.81
  5 16 81 14 136  276.70  292.10  292.90  293.60    7.60    7.13    6.62    5.15  129.30  133.90  124.20  124.70    4.69    4.73    5.12    5.04
  5 16 81 15 136  277.00  292.20  293.00  293.60    7.21    6.83    6.31    4.99  127.50  131.80  123.40  121.60    5.65    6.80    7.87    9.89
  5 16 81 16 136  276.30  292.00  292.80  293.30    7.63    7.18    6.68    4.97  127.30  133.00  124.60  123.80    7.36    7.71    7.55    9.72
  5 16 81 17 136  276.80  291.90  292.70  293.10    7.16    6.66    6.15    4.64  126.30  132.10  124.30  123.40    2.94    2.67    2.67    3.19
  5 16 81 18 136 -999.99  291.70  292.30  292.40    7.22    6.44    5.67    3.75  134.70  139.50  131.20  132.80    4.86    5.04    5.27    7.05
  5 16 81 19 136 -999.99  291.40  291.80  291.30    6.87    5.37    4.30    3.01  120.40  122.00  112.50  110.60    1.84    2.98    3.12    3.49
  5 16 81 20 136 -999.99  291.20  291.30  290.20    7.49    5.86    4.58    2.95  118.90  115.10  103.50  103.30    2.17    1.93    2.32    2.71
  5 16 81 21 136 -999.99  291.10  290.90  289.30    7.79    6.00    4.69    2.75  126.50  119.60  107.40  104.20    2.17    2.31    2.31    3.44
  5 16 81 22 136 -999.99  291.10  290.50  288.70    8.51    6.15    4.67    2.77  117.30  109.60   95.86   90.13    2.71    3.25    3.80    4.39
  5 16 81 23 136 -999.99  290.80  289.90  288.30    9.10    6.18    4.72    3.05  115.40  108.10   92.94   87.42    2.77    3.69    4.60    6.18
  5 16 81 24 136 -999.99  289.50  288.90  287.50    8.67    5.62    4.41    2.90  111.60  107.00   94.33   86.26    1.03    1.97    3.17    3.82
  5 17 81  1 137 -999.99  288.90  288.70  287.80    9.53    6.81    5.27    3.58  120.30  118.90  107.90  104.90    3.34    4.04    4.45    4.02
  5 17 81  2 137 -999.99  288.80  288.50  287.80    9.40    6.68    5.25    3.60  129.80  125.60  114.40  110.00    2.70    3.23    3.87    3.45
  5 17 81  3 137 -999.99  288.60  288.50  287.80    9.28    6.50    5.13    3.25  133.10  130.40  120.40  115.90    3.41    3.79    4.45    5.19
  5 17 81  4 137 -999.99  287.90  287.90  287.40    7.90    5.82    4.78    3.66  121.90  114.00  102.20   98.87    1.53    3.30    4.08    4.03
  5 17 81  5 137 -999.99  287.50  287.50  286.80    7.26    5.09    4.10    3.04  115.80  107.90   92.45   83.78    2.50    2.74    3.59    6.39
  5 17 81  6 137 -999.99  287.20  287.30  286.80    6.66    5.15    4.52    3.50  105.10   98.25   83.25   77.96    2.96    3.06    4.66    3.21
  5 17 81  7 137 -999.99  287.10  287.10  287.00    6.39    4.67    3.97    3.20  110.40  105.30   95.69   95.16    2.75    3.51    5.31    7.07
  5 17 81  8 137 -999.99  287.20  287.40  287.50    5.26    3.58    2.94    2.12  121.30  124.30  116.10  116.70    7.10   12.91   14.54   15.19
  5 17 81  9 137  280.70  287.30  287.80  288.00    5.16    3.82    3.27    2.62  119.40  120.90  111.80  110.80    2.64    2.93    3.13    3.63
  5 17 81 10 137  281.00  288.30  289.00  289.30    6.37    5.55    5.14    4.32  115.80  119.10  111.30  110.70    2.15    3.21    3.67    3.98
  5 17 81 11 137  280.90  288.90  289.60  289.60    5.51    4.83    4.33    3.72  102.70  104.80   96.01   95.28    7.35    7.88    7.62    8.14
  5 17 81 12 137  281.60  288.80  289.50  289.70    5.30    4.66    4.30    3.77   90.35   91.86   84.78   84.95    5.27    7.72    8.07    8.40
  5 17 81 13 137  282.10  288.70  289.40  289.50    5.60    4.63    4.18    3.69   87.42   88.06   79.62   78.76    4.83    5.28    5.33    4.97
  5 17 81 14 137  282.70  288.60  289.20  289.20    6.84    5.45    4.77    3.99   81.84   80.77   72.51   70.44    2.32    2.99    3.06    3.42
  5 17 81 15 137  281.60  288.00  288.70  288.70    9.06    7.52    6.58    5.55   82.14   83.68   76.03   75.77    1.73    2.68    2.41    2.36
  5 17 81 16 137  281.50  286.70  287.30  287.30    9.90    8.11    7.03    5.84   83.72   86.86   79.54   79.34    3.09    4.10    5.10    5.52
  5 17 81 17 137  282.50  285.40  286.40  286.40    9.88    8.05    7.06    5.86   77.31   79.09   70.41   69.48    3.79    3.77    3.95    4.68
  5 17 81 18 137  283.20  284.70  286.00  286.20   10.73    9.05    7.97    6.66   71.62   73.61   66.80   66.14    1.89    1.73    2.10    2.28
  5 17 81 19 137  282.60  284.40  285.50  285.50   12.47   10.67    9.47    8.11   77.62   81.00   73.38   73.75    3.83    3.95    4.28    5.30
  5 17 81 20 137  281.90  284.50  285.30  285.40   11.68    9.85    8.78    7.52   76.64   77.73   70.61   70.02    5.40    6.32    6.68    7.35
  5 17 81 21 137  282.00  284.00  285.10  285.20    9.71    7.86    6.91    5.94   63.81   64.69   57.80   57.28    3.21    3.08    3.23    2.67
  5 17 81 22 137  281.90  283.60  284.70  284.70   12.12   10.14    9.04    7.49   71.13   73.36   66.15   66.22    5.29    5.15    6.07    6.19
  5 17 81 23 137  281.50  283.90  284.70  284.70   13.75   11.98   10.75    9.06   84.36   86.78   80.01   78.94    4.29    5.00    5.87    5.09
  5 17 81 24 137  282.20  283.80  284.70  284.80   14.03   12.25   11.01    9.32   80.84   83.46   75.91   74.69    2.34    3.43    2.90    3.07
  5 18 81  1 138  282.70  283.50  284.10  284.30   11.69    9.99    8.82    7.34   76.33   77.40   68.91   67.55    2.17    3.04    3.86    3.88
  5 18 81  2 138  282.90  283.60  284.20  284.30   14.61   12.61   11.42    9.78   78.28   80.71   72.64   71.21    2.70    3.26    3.10    3.98
  5 18 81  3 138  282.50  283.30  283.80  283.90   17.77   15.67   14.35   12.59   77.86   80.78   73.69   72.88    2.86    3.57    3.68    4.42
  5 18 81  4 138  282.30  283.00  283.60  283.70   16.49   14.60   13.23   11.47   80.89   84.39   75.55   75.18    4.03    4.74    4.56    5.09
  5 18 81  5 138  282.10  282.80  283.40  283.50   16.70   14.96   13.69   11.93   80.63   83.63   76.06   76.69    1.81    2.71    2.67    3.09
  5 18 81  6 138  281.70  282.30  282.90  283.00   17.87   15.95   14.70   12.69   78.54   80.96   74.04   74.07    1.93    2.18    2.00    1.93
  5 18 81  7 138  281.20  281.80  282.30  282.60   17.39   15.67   14.25   12.42   76.76   79.50   71.58   70.31    2.85    3.13    3.65    4.74
  5 18 81  8 138  280.10  280.50  281.00  281.40   16.50   14.37   12.99   11.21   65.25   68.31   60.75   60.17    3.88    3.30    3.08    2.80
  5 18 81  9 138  278.10  278.30  278.80  279.30   16.77   14.84   13.58   11.50   68.58   72.33   64.76   64.20    3.56    4.33    4.30    4.62
  5 18 81 10 138  277.90  278.00  278.60  278.90   15.43   13.58   12.44   10.56   67.89   72.00   63.74   68.81    2.45    2.54    2.68    3.17
  5 18 81 11 138  278.30  278.40  279.00  279.20   15.76   14.09   12.76   10.89   70.99   74.08   66.15   71.02    1.64    1.64    2.06    2.03
  5 18 81 12 138  279.00  279.20  279.70  280.10   16.02   14.17   12.89   11.01   70.78   74.40   66.50   73.19    2.72    2.62    2.86    4.04
  5 18 81 13 138  278.80  279.10  280.20  280.10   15.75   14.02   12.79   11.09   75.67   79.74   71.71   76.71    5.47    5.63    5.47    6.82
  5 18 81 14 138  279.10  279.40  280.00  280.20   15.19   13.55   12.10   10.30   71.79   74.47   65.73   71.71    7.92    9.14    9.56    9.26
  5 18 81 15 138  279.50  279.80  280.80  281.00   18.28   16.26   14.77   12.58   68.33   71.76   63.84   69.44    3.28    3.77    3.17    3.32
  5 18 81 16 138  279.20  280.30  281.70  280.80   17.77   16.24   15.03   12.84   76.63   80.32   72.92   78.30    1.95    2.46    2.72    2.96
  5 18 81 17 138  279.20  281.00  281.90  282.00   16.63   15.40   14.13   12.38   81.87   85.98   77.96   82.17    1.13    1.00    1.30    1.71
  5 18 81 18 138  279.20  281.30  282.10  282.20   14.31   12.95   11.86   10.27   74.79   78.67   69.86   75.03    4.47    5.31    5.15    6.29
  5 18 81 19 138  279.00  281.10  281.80  281.90   13.56   11.90   10.69    9.07   65.61   68.82   60.56   66.46    2.67    3.26    2.36    2.37
  5 18 81 20 138  278.50  280.50  281.30  281.40   13.96   12.14   10.80    9.09   61.26   64.43   56.83   62.49    1.15    2.07    2.30    2.31
  5 18 81 21 138  277.30  280.20  281.00  281.20   15.05   13.24   11.77   10.08   65.97   70.73   62.02   67.65    2.01    2.98    1.93    3.04
  5 18 81 22 138  276.10  280.50  281.30  281.40   15.16   13.53   12.32   10.42   69.98   73.53   64.97   70.36    1.28    1.56    1.51    1.27
  5 18 81 23 138  275.40  280.60  281.40  281.40   13.03   11.25   10.16    8.48   69.26   72.80   63.75   68.14    2.74    2.57    1.95    2.87
  5 18 81 24 138  275.00  280.70  281.40  281.50   13.05   10.94    9.62    8.16   62.03   66.10   57.88   63.00    1.36    1.68    1.56    1.85
  5 19 81  1 139  274.10  280.90  281.60  281.70   12.98   10.90    9.78    8.23   61.17   65.32   56.86   63.09    1.48    2.42    2.78    2.87
  5 19 81  2 139  274.10  280.70  281.50  281.50   11.71    9.84    8.79    7.24   54.06   56.47   48.00   52.79    5.16    5.44    5.89    6.37
  5 19 81  3 139  274.70  280.50  281.10  281.10   12.34   10.48    9.37    7.56   48.07   50.54   41.98   48.46    1.24    1.44    1.77    2.07
  5 19 81  4 139  275.30  280.20  280.90  280.80   13.07   11.23   10.10    8.21   45.38   48.72   40.04   46.73    1.44    1.23    1.60    1.59
  5 19 81  5 139  275.60  280.00  280.60  280.50   10.68    8.71    7.78    6.27   49.15   51.40   42.49   48.38    2.48    2.95    2.71    3.41
  5 19 81  6 139  275.50  279.80  280.50  280.40    9.63    7.79    6.95    5.68   50.19   52.58   44.11   50.35    4.00    3.93    3.63    3.41
  5 19 81  7 139  275.40  280.20  280.90  280.80   11.63    9.89    9.05    7.37   41.69   45.28   35.93   41.24    2.56    2.84    2.87    4.33
  5 19 81  8 139  275.30  280.20  280.90  280.90   12.07   10.60    9.68    7.77   44.75   48.97   40.33   46.10    1.23    1.19    1.08    2.60
  5 19 81  9 139  275.60  280.80  281.60  281.80   11.80   10.27    9.45    7.81   47.32   50.36   41.67   48.26    1.57    1.25    1.71    1.76
  5 19 81 10 139  275.90  281.90  282.90  283.40   10.06    9.57    9.07    7.75   41.20   44.39   39.44   42.22    2.86    2.65    2.21    2.76
  5 19 81 11 139  276.00  284.10  285.10  285.70   11.01   10.45    9.92    8.65   39.20   43.06   40.42   41.62    2.47    3.10    3.88    3.92
  5 19 81 12 139  275.50  285.00  285.90  286.60   11.76   11.34   10.71    9.17   41.05   44.47   41.13   43.73    2.64    2.36    2.99    3.19
  5 19 81 13 139  274.90  286.20  287.10  287.50   12.61   12.05   11.32    9.58   39.43   43.12   39.80   41.55    3.53    2.92    3.10    3.60
  5 19 81 14 139  276.30  287.50  288.30  288.70   10.82   10.26    9.66    8.37   38.80   42.84   39.81   42.01    3.95    4.59    5.33    4.94
  5 19 81 15 139  276.60  288.80  289.70  290.10   10.79   10.14    9.52    8.09   40.18   45.44   41.58   44.94    5.67    6.30    7.02    8.29
  5 19 81 16 139  276.40  289.40  291.00  291.40   10.82   10.11   10.11    8.13   42.51   46.24   42.60   43.91    3.82    4.05    4.32    5.05
  5 19 81 17 139 -999.99  290.00  294.00  291.10   10.78    9.94   11.06    7.84   39.35   41.43   37.68   37.20    5.35    6.12    6.80    3.47
  5 19 81 18 139 -999.99  289.50  290.20  290.10   10.31    9.54    8.66    7.12   28.70   31.74   27.88   29.47    3.48    3.14    3.92    4.49
  5 19 81 19 139  276.00  288.40  288.90  288.40   10.36    8.85    7.82    5.82   28.03   30.45   25.06   25.14    1.54    1.57    1.53    2.09
  5 19 81 20 139 -999.99  287.50  287.80  286.80    9.88    7.72    6.63    4.47   29.00   29.32   22.92   23.04    2.28    2.14    1.66    2.85
  5 19 81 21 139 -999.99  286.80  286.60  285.60    9.89    6.90    5.70    3.66   31.57   28.45   22.64   21.31    1.07    1.05    1.26    1.53
  5 19 81 22 139 -999.99  286.30  285.80  284.50   10.36    6.89    5.48    3.46   35.77   29.85   24.05   21.69    1.08    1.29    0.81    2.80
  5 19 81 23 139 -999.99  285.30  285.10  283.60    9.91    7.02    5.75    3.69   43.82   39.59   31.25   28.12    2.21    2.64    1.84    2.48
  5 19 81 24 139 -999.99  284.60  284.30  283.20    9.81    6.31    4.92    3.34   49.24   46.87   39.09   35.68    1.97    2.18    2.57    4.06
  5 20 81  1 140 -999.99  283.50  283.20  282.60    9.38    6.07    4.83    3.45   55.47   56.43   50.87   51.47    2.96    3.54    4.08    5.84
  5 20 81  2 140 -999.99  283.70  282.50  281.70    9.77    5.47    4.02    2.63   54.81   54.94   49.08   48.11    1.08    1.75    2.84    3.36
  5 20 81  3 140 -999.99  284.50  282.40  281.40   10.58    5.73    3.94    2.44   60.31   58.36   53.85   55.71    3.15    3.47    4.59    8.45
  5 20 81  4 140 -999.99  284.90  282.50  281.30    9.83    5.56    3.83    2.34   69.21   61.85   54.34   49.05    1.58    1.33    2.45    6.70
  5 20 81  5 140 -999.99  283.70  282.00  280.80    7.09    4.11    2.97    1.97   68.70   47.36   28.80    6.33    4.09   10.91   14.83   21.94
  5 20 81  6 140 -999.99  283.00  281.90  280.20    5.43    3.74    2.76    2.35   57.72   27.14  358.50  334.90    9.15   12.77   14.74    5.41
  5 20 81  7 140 -999.99  282.40  281.50  281.50    4.96    3.10    2.63    2.38   37.19    5.36  351.20  347.30    3.92    3.41    4.69    7.02
  5 20 81  8 140  274.80  282.90  283.40  283.70    3.51    2.71    2.69    2.56   22.05    4.37  358.10  357.40    6.40    6.43    5.99    5.34
  5 20 81  9 140  275.10  284.90  285.70  286.10    3.06    2.95    2.84    2.56   21.65   20.53   15.47   15.80    5.75    8.20    9.90   10.84
  5 20 81 10 140  275.60  286.90  287.60  288.20    2.75    2.65    2.61    2.40   18.11   18.24   13.57   12.98   13.92   15.05   16.58   19.20
  5 20 81 11 140  275.70  288.30  289.10  289.60    2.81    2.85    2.85    2.62    4.71    8.81    5.24    7.96    5.73    4.59    3.86    3.96
  5 20 81 12 140  274.80  289.20  290.00  290.50    3.52    3.63    3.48    3.17    7.90    9.53    5.28    5.06   10.79   10.40   10.41   10.04
  5 20 81 13 140  274.40  289.90  290.80  291.30    2.91    2.86    2.71    2.51   10.93   10.50    5.02    2.27   19.58   22.63   23.95   21.90
  5 20 81 14 140  274.30  290.50  291.40  291.90    2.22    2.18    2.04    1.99  356.20    4.83    4.68    8.08   11.75   15.96   20.86   28.39
  5 20 81 15 140  274.30  291.10  291.90  292.30    2.04    2.02    1.86    1.90   15.70   20.11   18.95   21.20    8.93   12.91   11.39   15.72
  5 20 81 16 140  274.40  291.30  292.10  292.60    2.62    2.51    2.44    2.22   10.91   14.87    9.82   12.39   17.89   18.54   18.03   15.72
  5 20 81 17 140  274.30  291.60  292.30  292.60    2.74    2.70    2.52    2.23   12.68   16.77   12.22   13.82   17.82   16.78   15.02   16.31
  5 20 81 18 140  274.70  291.60  292.40  292.50    2.09    2.01    1.90    1.73  351.80  357.50  354.20  354.90   13.68   13.99   13.45   15.14
  5 20 81 19 140 -999.99  291.40  292.10  292.00    1.99    1.93    1.72    1.42  332.70  335.60  332.10  329.30   22.70   24.02   24.59   28.91
  5 20 81 20 140 -999.99  291.30  291.90  291.20    1.86    1.74    1.51    1.20  321.10  314.60  307.40  295.60    4.95    4.62    7.01    7.89
  5 20 81 21 140 -999.99  291.20  291.70  290.30    2.13    2.04    1.74    1.41  298.40  285.30  279.20  268.10   19.62   16.79   14.00   13.03
  5 20 81 22 140 -999.99  291.00  291.40  289.50    2.85    3.27    2.95    2.05  265.40  266.30  265.70  259.10    9.34    5.22    4.00    6.10
  5 20 81 23 140 -999.99  290.80  290.90  288.50    1.86    2.73    2.62    1.18  283.80  294.40  288.40  296.20   12.53   13.58    9.20   24.06
  5 20 81 24 140 -999.99  290.50  290.40  287.40    2.07    2.83    2.49    1.10  289.80  293.40  289.00  281.70    5.68    6.25    6.71   27.46
  5 21 81  1 141 -999.99  290.10  290.00  287.00    3.59    3.50    2.79    1.61  282.10  283.10  280.00  271.40    2.80    4.97    6.23   15.38
  5 21 81  2 141 -999.99  289.90  289.60  287.00    4.69    4.48    3.29    1.80  275.90  279.20  276.60  282.90    2.23    2.67    3.87    4.35
  5 21 81  3 141 -999.99  289.70  289.30  286.10    5.06    4.75    3.93    2.56  278.60  283.00  282.60  295.90    4.06    4.53    5.62   10.00
  5 21 81  4 141 -999.99  289.50  289.10  284.90    5.01    5.21    4.47    2.44  290.90  295.10  296.10  307.50    1.57    1.88    4.03    3.46
  5 21 81  5 141 -999.99  289.20  288.50  285.10    5.65    5.47    4.10    2.41  292.40  298.80  302.00  298.70    1.13    2.19    6.21    4.62
  5 21 81  6 141 -999.99  289.10  288.30  285.50    6.51    6.68    4.76    3.05  291.30  299.80  298.60  297.80    1.47    1.86    2.82    1.86
  5 21 81  7 141 -999.99  289.00  288.00  286.30    6.73    5.92    4.26    3.01  292.10  300.60  298.50  300.70    0.73    1.18    1.59    1.87
  5 21 81  8 141 -999.99  288.80  288.40  288.30    5.80    4.03    3.46    2.84  289.60  299.60  299.70  303.70    1.06    2.99    4.04    4.20
  5 21 81  9 141  278.20  289.50  290.20  290.50    3.63    3.69    3.61    3.19  289.30  298.30  298.70  300.90    5.54    6.03    5.62    6.63
  5 21 81 10 141  278.10  290.50  291.40  291.80    3.61    3.37    3.19    2.78  275.10  278.90  278.70  280.70   15.54   19.22   19.36   18.12
  5 21 81 11 141  278.00  291.20  292.00  292.60    4.23    4.06    3.93    3.25  253.10  253.20  251.20  251.50    4.83    6.76    7.25    9.41
  5 21 81 12 141  278.40  291.90  292.80  293.30    3.89    3.73    3.51    3.05  236.30  241.50  240.90  243.30    8.19    7.70    8.24    9.63
  5 21 81 13 141  278.70  292.40  293.30  293.90    4.01    3.77    3.53    3.14  226.00  227.40  227.10  226.50   10.26   13.97   14.52   15.78
  5 21 81 14 141  279.10  293.20  294.00  294.50    4.36    4.11    3.95    3.45  209.90  211.70  208.50  207.10   10.75   12.21   11.20   10.57
  5 21 81 15 141  279.30  293.70  294.50  294.90    4.60    4.37    4.22    3.85  176.10  178.00  177.50  177.40   15.24   16.90   18.60   19.87
  5 21 81 16 141  279.70  294.10  294.80  295.20    4.97    4.79    4.62    4.10  168.50  171.40  172.30  173.10   12.17   13.37   12.88   13.09
  5 21 81 17 141  279.80  294.20  294.90  295.20    5.96    5.90    5.73    5.22  165.10  166.30  165.60  165.80    4.76    5.51    5.81    5.62
  5 21 81 18 141  279.30  293.90  294.60  294.70    6.65    6.54    6.28    5.66  172.00  172.60  171.90  171.90    3.72    4.32    4.44    4.70
  5 21 81 19 141 -999.99  293.30  293.90  293.20    7.54    7.01    6.34    4.98  174.30  176.80  176.10  176.50    3.51    3.42    3.09    2.96
  5 21 81 20 141 -999.99  293.10  293.50  291.30    7.46    6.85    5.64    3.55  178.00  176.50  171.20  166.50    3.51    2.74    1.25    4.70
  5 21 81 21 141 -999.99  292.80  293.30  290.40    6.26    5.90    5.07    2.79  177.90  176.80  172.10  159.90    4.84    5.59    4.86    6.14
  5 21 81 22 141 -999.99  292.50  292.70  289.40    7.75    6.98    5.83    2.93  166.90  160.00  150.00  142.80    3.80    5.95    9.54    9.49
  5 21 81 23 141 -999.99  292.00  291.20  288.40   10.44    7.61    6.12    3.02  170.40  163.60  156.40  150.20    0.81    2.18    2.27    3.03
  5 21 81 24 141 -999.99  291.80  290.20  287.70   10.77    6.92    5.09    2.80  171.50  168.40  164.60  156.40    1.63    1.04    3.30    4.04
  5 22 81  1 142 -999.99  291.10  289.70  286.80   10.55    6.75    4.61    2.07  183.30  177.00  172.00  174.10    5.36    3.43    2.35    4.35
  5 22 81  2 142 -999.99  290.80  289.90  286.50   10.73    7.78    5.87    3.21  188.60  179.70  168.90  158.90    1.22    2.44    3.05    7.51
  5 22 81  3 142 -999.99  290.20  289.00  286.10   10.42    7.20    5.62    3.16  187.90  176.60  167.40  153.70    1.05    0.71    0.90    2.06
  5 22 81  4 142 -999.99  290.70  288.50  285.30    9.48    7.75    5.80    3.25  194.90  178.00  168.70  157.90    1.69    0.52    1.02    2.09
  5 22 81  5 142 -999.99  290.20  287.50  284.90    9.31    7.33    5.51    2.99  193.40  171.90  163.50  155.70    2.62    3.66    3.74    5.04
  5 22 81  6 142 -999.99  290.30  287.80  285.70   10.08    7.89    6.22    3.74  187.80  166.50  157.80  150.60    1.64    2.03    2.35    1.06
  5 22 81  7 142 -999.99  289.20  288.00  287.60    9.46    6.76    5.50    3.70  174.70  156.60  149.80  146.90    5.83    3.25    2.60    3.17
  5 22 81  8 142  281.10  289.30  289.80  290.00    6.60    5.76    5.52    4.98  172.90  169.20  166.90  166.40    3.05    5.38    6.68    8.01
  5 22 81  9 142  281.80  290.70  291.40  291.70    6.38    6.27    6.15    5.73  173.00  172.00  171.40  171.40    4.15    4.67    5.37    5.39
  5 22 81 10 142  281.50  292.10  292.80  293.10    7.73    7.59    7.48    6.92  178.80  179.00  178.00  177.80    1.71    1.84    1.67    1.63
  5 22 81 11 142  281.00  293.10  293.90  294.30    8.22    8.03    7.78    7.12  179.80  179.40  178.10  177.80    7.49    7.79    8.09    8.69
  5 22 81 12 142  281.60  293.70  294.40  294.80    7.85    7.64    7.43    6.70  167.10  167.70  167.00  167.10    5.12    5.32    5.42    5.14
  5 22 81 13 142  281.60  294.70  295.40  295.80    8.24    8.06    7.74    7.10  171.00  172.20  172.40  172.20    4.52    5.27    6.03    6.03
  5 22 81 14 142  282.30  295.10  295.90  296.40    9.09    8.94    8.70    7.73  164.30  164.50  164.20  165.40    3.58    4.87    5.29    5.72
  5 22 81 15 142  282.40  295.20  296.00  296.30    8.10    7.92    7.65    6.76  163.40  164.60  164.40  164.30    6.41    6.46    6.37    6.67
  5 22 81 16 142  282.10  295.60  296.30  296.60    9.76    9.63    9.30    7.62  156.90  157.20  157.20  157.40    2.50    2.97    3.35    2.76
  5 22 81 17 142  282.50  295.80  296.60  296.90   10.39   10.16    9.79    8.35  160.10  160.30  160.40  161.10    1.93    1.68    1.61    2.49
  5 22 81 18 142  282.90  295.60  296.30  296.30    9.64    8.94    8.44    6.62  158.30  158.20  157.60  156.90    0.88    1.28    1.71    3.01
  5 22 81 19 142 -999.99  295.10  295.50  295.20    8.84    7.43    6.33    4.27  153.40  149.90  147.90  149.40    2.37    3.47    4.60    3.78
  5 22 81 20 142 -999.99  294.70  294.80  294.10   11.97    9.56    8.18    5.77  160.00  157.10  155.90  154.80    2.38    2.86    3.83    4.39
  5 22 81 21 142 -999.99  294.60  294.50  293.50   14.41   11.83   10.32    7.63  162.80  160.00  159.90  158.80    1.45    1.29    1.17    1.75
  5 22 81 22 142 -999.99  294.00  294.10  293.20   13.44   10.97    9.75    7.67  166.80  165.10  165.00  164.20    1.16    1.72    1.91    2.29
  5 22 81 23 142 -999.99  293.40  293.30  292.30   12.70   10.11    8.73    6.72  168.30  167.30  167.40  167.20    0.88    1.08    1.29    1.49
  5 22 81 24 142 -999.99  292.90  292.80  291.70   12.01    9.54    8.13    5.81  167.70  164.10  162.80  161.50    3.15    3.22    3.49    4.11
  5 23 81  1 143 -999.99  292.70  292.40  291.30   11.46    9.73    8.09    5.57  165.30  157.10  154.40  154.30    2.22    4.28    4.87    3.40
  5 23 81  2 143 -999.99  291.80  291.90  291.30   10.64    9.17    7.89    5.34  158.70  151.80  149.30  149.50    2.26    1.33    1.80    2.36
  5 23 81  3 143 -999.99  290.90  291.20  290.90   12.05   10.34    9.06    6.33  156.40  151.10  149.40  149.80    3.45    3.12    2.58    2.66
  5 23 81  4 143 -999.99  290.70  290.40  289.90   12.90   10.54    8.76    5.74  160.70  150.30  147.10  147.70    4.73    4.43    4.56    2.80
  5 23 81  5 143 -999.99  290.80  290.30  290.00   11.31    8.46    6.72    4.17  149.40  144.70  141.90  145.60    2.49    1.91    3.14    3.93
  5 23 81  6 143 -999.99  290.20  289.90  289.50   10.52    8.27    6.64    4.13  149.70  141.40  138.30  139.00    6.40    5.71    6.34    8.87
  5 23 81  7 143 -999.99  290.70  289.90  289.60   14.13   12.02   10.34    7.65  170.00  163.30  159.00  157.00    7.19    8.67    8.22    5.95
  5 23 81  8 143 -999.99  290.40  289.30  289.90   13.98   11.33    9.95    8.07  174.50  171.60  170.00  168.20    5.26    6.74    8.07    9.57
  5 23 81  9 143  286.50  288.80  288.80  289.40   12.29   10.15    8.87    6.73  171.60  168.80  167.40  166.60   13.95   16.15   17.31   16.65
  5 23 81 10 143  286.80  289.80  289.80  290.10   11.05    9.80    8.69    6.20  147.60  143.90  142.60  144.10    5.60    7.18    8.04    9.09
  5 23 81 11 143  288.10  292.00  292.00  292.30   11.70   11.63   11.40   10.28  172.50  171.60  171.20  170.50    4.66    4.42    4.15    4.30
  5 23 81 12 143  288.80  294.30  294.10  294.50   11.67   11.55   11.19   10.16  185.80  186.20  185.50  183.40    2.46    2.80    3.14    3.35
  5 23 81 13 143  289.00  295.80  296.20  296.50   13.17   12.92   12.42   11.23  183.50  184.10  183.30  181.70    2.78    3.09    3.48    3.44
  5 23 81 14 143  287.90  296.00  296.60  296.70   12.48   12.25   11.84   10.62  173.90  174.30  174.40  173.70    5.54    6.16    6.27    6.20
  5 23 81 15 143 -999.99  292.70  293.60  294.70   11.83   10.78    9.85    8.30  179.90  180.10  179.90  179.60    3.60    4.34    5.21    6.67
  5 23 81 16 143 -999.99  295.40  295.20  295.50    9.18    8.75    8.33    6.86  162.00  159.70  158.20  157.70    3.37    4.37    4.90    4.89
  5 23 81 17 143 -999.99  296.00  296.30  296.30   12.48   12.15   11.68   10.34  167.30  167.00  167.10  166.80    4.50    4.92    4.80    4.93
  5 23 81 18 143 -999.99  295.30  295.80  295.50   12.38   11.30   10.41    9.06  171.50  170.70  169.60  169.80    1.44    2.00    2.30    2.25
  5 23 81 19 143 -999.99  294.50  295.10  294.40   11.09    9.33    8.22    6.69  172.30  171.30  170.10  169.90    2.85    3.22    2.93    3.56
  5 23 81 20 143 -999.99  294.30  294.60  293.80   11.80    9.54    8.30    6.48  178.20  176.20  174.40  173.90    1.28    2.10    2.48    3.31
  5 23 81 21 143 -999.99  294.00  294.30  293.20   11.05    8.58    7.30    5.51  175.80  171.70  168.70  167.00    0.84    1.08    1.24    1.85
  5 23 81 22 143 -999.99  293.80  293.80  292.30   10.57    7.79    6.39    4.35  176.10  170.20  165.20  160.60    1.43    1.62    2.74    5.57
  5 23 81 23 143 -999.99  293.30  293.40  292.10    9.80    7.07    5.78    3.55  173.90  164.80  157.90  150.30    3.52    2.47    3.56    5.16
  5 23 81 24 143 -999.99  293.30  293.50  292.30   11.25    8.90    7.59    5.59  175.80  169.50  165.90  164.70    4.56    5.15    5.91    7.92
  5 24 81  1 144 -999.99  293.70  293.30  292.10   12.49    9.36    7.72    5.71  188.10  182.70  180.70  180.40    3.10    3.15    3.09    2.99
  5 24 81  2 144 -999.99  293.20  293.20  292.30   13.61   10.66    9.24    7.28  180.90  175.30  173.60  172.60    4.75    5.21    5.32    5.22
  5 24 81  3 144 -999.99  292.80  292.70  291.80   12.07    9.28    7.90    6.06  185.90  181.30  178.70  177.60    3.15    1.93    2.77    3.94
  5 24 81  4 144 -999.99  292.10  292.30  291.70   11.07    9.12    7.96    6.37  192.60  188.30  185.40  182.50    5.29    4.95    3.78    3.07
  5 24 81  5 144 -999.99  291.50  291.50  290.80    9.87    7.76    6.55    4.80  186.70  182.40  180.30  179.70    6.40    8.33    9.61   11.38
  5 24 81  6 144 -999.99  290.90  290.90  290.60    8.48    6.06    4.66    2.90  219.50  222.40  220.90  219.00   13.67   12.27   11.25    9.28
  5 24 81  7 144 -999.99  290.70  291.20  291.20    6.62    5.20    4.43    3.37  228.30  226.90  223.20  221.10   12.60   13.95   14.38   15.21
  5 24 81  8 144  287.00  290.80  291.50  291.70    5.85    5.61    5.39    4.53  199.00  198.60  196.40  196.50    6.56    7.75    7.13    8.07
  5 24 81  9 144  286.80  291.80  292.60  292.90    4.56    4.40    4.19    3.67  200.70  200.00  197.60  196.00   22.61   23.97   23.35   22.01
  5 24 81 10 144  287.00  292.40  293.20  293.80    5.79    5.55    5.07    4.09  233.30  235.10  234.00  235.40    9.64    9.14    9.14    9.73
  5 24 81 11 144  287.30  292.60  293.40  293.80    5.37    5.11    4.81    3.91  219.80  220.70  218.00  217.30   10.20   10.77   11.67   12.99
  5 24 81 12 144  287.70  292.80  293.60  293.90    5.26    5.02    4.48    3.52  242.00  242.30  239.70  242.10   10.49   11.73   11.73   12.28
  5 24 81 13 144  288.30  292.80  293.60  294.00    3.21    3.07    2.97    2.44  242.10  242.10  238.10  235.90   18.94   17.85   18.91   19.47
  5 24 81 14 144  288.70  293.20  293.90  294.30    4.78    4.61    4.32    3.61  223.20  223.40  220.30  220.30   12.13   12.30   12.62   13.80
  5 24 81 15 144  288.90  293.10  293.90  294.20    6.77    6.39    6.15    4.93  261.20  262.00  257.70  257.90    7.15    6.99    5.91    5.10
  5 24 81 16 144  288.60  292.60  293.30  293.60    5.49    5.30    5.20    4.29  267.10  266.80  261.60  260.60    4.16    4.59    4.44    2.94
  5 24 81 17 144  288.20  292.30  293.10  293.40    4.57    4.27    4.06    3.39  267.30  269.00  264.80  264.30   10.14    9.19    8.68    6.33
  5 24 81 18 144 -999.99  292.30  293.00  293.20    5.21    5.00    4.74    3.88  268.10  266.60  262.40  261.70    3.01    3.57    4.26    3.95
  5 24 81 19 144 -999.99  291.90  292.60  292.70    6.43    5.27    4.73    3.82  282.50  283.40  279.60  276.20    9.88   11.89   12.93   14.51
  5 24 81 20 144 -999.99  291.00  291.40  291.30    7.55    6.01    4.85    3.53  297.70  301.20  298.60  298.70    4.10    4.26    3.69    5.42
  5 24 81 21 144 -999.99  290.50  290.80  290.40    5.91    4.25    3.67    2.78  287.70  286.10  279.80  272.70    3.06    5.38    8.13   12.99
  5 24 81 22 144 -999.99  290.50  290.40  289.40    5.28    4.29    3.58    2.48  280.70  274.50  265.00  251.20    4.18    4.40    6.91   12.86
  5 24 81 23 144 -999.99  290.00  289.90  288.50    5.55    4.33    3.51    2.16  280.20  268.30  254.60  238.00    5.22    3.90    4.04    6.16
  5 24 81 24 144 -999.99  289.70  289.50  288.00    4.08    3.06    2.93    2.00  302.00  279.40  259.30  236.90    9.08    6.91    5.84    5.75
  5 25 81  1 145 -999.99  289.60  289.10  287.10    2.12    2.28    2.15    1.64  291.70  263.50  243.70  214.10   11.01   20.73   27.76   20.02
  5 25 81  2 145 -999.99  289.00  288.90  285.80    3.32    4.17    3.20    1.85  241.70  233.60  220.20  211.30   18.33    4.33    6.28    8.81
  5 25 81  3 145 -999.99  289.80  289.40  285.50    4.88    4.58    3.95    1.90  232.60  230.30  218.70  221.00    2.65    5.50    3.72    4.81
  5 25 81  4 145 -999.99  289.50  288.80  285.70    6.69    6.98    4.91    2.58  224.00  217.30  214.30  217.60    4.99    3.97    3.52    4.19
  5 25 81  5 145 -999.99  289.90  289.00  285.80    7.71    7.46    4.80    2.38  229.10  226.10  224.30  227.90    6.24    6.86    8.31   11.77
  5 25 81  6 145 -999.99  289.30  287.60  286.00    6.83    5.65    4.19    2.60  224.00  205.70  199.80  195.80   12.67   19.01   22.79   25.65
  5 25 81  7 145 -999.99  290.80  287.90  287.80    7.40    4.72    3.79    2.90  224.80  208.80  203.60  202.00    3.93    3.31    3.51    4.04
  5 25 81  8 145 -999.99  291.60  291.30  291.50    6.95    5.23    4.91    4.10  211.60  206.50  202.50  202.10    2.63    3.79    3.55    4.42
  5 25 81  9 145 -999.99  292.70  293.50  293.90    6.74    6.16    5.44    4.39  226.10  227.70  225.30  224.20    4.14    5.07    6.11    7.17
  5 25 81 10 145 -999.99  293.50  294.30  294.70    7.14    6.78    6.07    4.88  223.70  225.30  224.10  222.30    3.42    3.94    4.53    6.75
  5 25 81 11 145 -999.99  294.30  295.10  295.50    7.33    7.02    6.44    5.18  218.70  220.50  218.30  216.80    4.16    5.18    5.90    5.68
  5 25 81 12 145 -999.99  295.00  295.80  296.30    7.96    7.32    6.55    5.32  222.00  224.70  221.80  220.30    3.05    3.61    3.77    4.36
  5 25 81 13 145 -999.99  295.70  296.50  297.00    8.01    7.63    7.04    5.85  220.70  221.90  219.60  217.80    2.64    2.89    2.83    3.71
  5 25 81 14 145 -999.99  296.20  297.00  297.40    8.56    8.36    7.97    6.54  208.50  210.40  207.70  207.50    6.04    5.84    5.21    5.76
  5 25 81 15 145 -999.99  296.20  296.90  297.20    8.52    8.23    7.86    6.41  207.20  208.40  207.00  206.70    3.37    4.78    5.52    5.35
  5 25 81 16 145 -999.99  296.00  296.80  297.10    8.81    8.55    8.25    6.95  202.30  202.60  200.90  200.30    2.21    3.20    2.92    3.73
  5 25 81 17 145 -999.99  295.90  296.70  296.90    8.63    8.30    8.00    6.53  198.10  199.00  198.00  197.90    3.62    4.45    4.47    4.98
  5 25 81 18 145 -999.99  295.50  296.10  295.90    9.01    8.70    8.14    7.01  189.20  189.40  188.50  187.00    1.61    2.10    2.47    3.12
  5 25 81 19 145 -999.99  295.00  295.30  294.70    8.69    7.32    6.42    5.08  185.40  184.10  182.40  181.90    2.66    3.16    3.78    3.72
  5 25 81 20 145 -999.99  294.70  294.60  293.40    8.95    7.15    5.89    4.15  184.40  180.60  178.40  179.10    1.91    1.52    1.48    2.10
  5 25 81 21 145 -999.99  294.30  293.60  292.30    8.35    5.78    4.52    2.99  186.80  184.90  186.40  193.80    1.81    2.02    2.81    5.28
  5 25 81 22 145 -999.99  294.30  293.10  291.30    8.56    5.45    4.03    2.22  190.00  189.80  190.60  193.00    0.56    0.70    1.92    4.53
  5 25 81 23 145 -999.99  294.10  293.20  290.80    7.77    5.27    3.56    1.82  193.30  196.70  194.80  194.80    1.41    2.75    4.21    7.31
  5 25 81 24 145 -999.99  293.90  293.00  290.70    6.78    4.73    3.25    1.54  199.80  211.00  214.50  218.40    2.58    5.44    7.18    8.02
  5 26 81  1 146 -999.99  293.10  292.70  290.90    5.03    3.91    2.86    1.58  216.20  239.30  249.50  256.80    8.86   14.64   12.49   16.75
  5 26 81  2 146 -999.99  292.70  292.80  290.50    4.54    4.03    3.07    1.46  233.90  252.10  262.60  260.50   15.92   15.56   18.03   31.94
  5 26 81  3 146 -999.99  293.20  293.30  290.40    4.15    3.55    2.76    1.50  270.30  278.80  283.00  332.10    9.24    9.01   14.68   58.73
  5 26 81  4 146 -999.99  293.70  293.80  289.80    3.46    2.55    1.05    0.90  262.20  268.60  255.90  123.40    7.73   11.73   32.97   33.02
  5 26 81  5 146 -999.99  294.00  293.10  290.10    3.11    2.03    1.12    1.18  308.10  327.60    2.44   56.34   14.35   19.47   22.40   12.77
  5 26 81  6 146 -999.99  294.10  293.20  289.80    1.73    1.17    1.68    1.16  322.10   40.14   76.26  102.20    8.06   41.50   28.03   25.14
  5 26 81  7 146 -999.99  293.10  291.50  289.90    1.57    3.04    2.70    1.90   66.78  112.30  117.00  122.40   63.65   49.88   41.47   40.14
  5 26 81  8 146 -999.99  291.80  291.10  290.80    5.90    5.07    4.52    3.51  157.00  162.40  158.50  154.20    7.57    8.79    5.83    3.98
  5 26 81  9 146 -999.99  291.10  291.40  291.60    8.64    7.26    6.84    5.37  157.50  160.40  156.30  152.40    1.92    1.67    1.99    2.62
  5 26 81 10 146 -999.99  291.00  291.70  292.10    6.90    6.48    6.37    5.81  172.00  173.20  170.70  168.50    4.89    2.86    4.49    6.65
  5 26 81 11 146 -999.99  291.90  292.60  293.00    6.31    6.11    5.81    4.88  154.40  155.50  153.20  153.90   10.99   10.46   10.80   10.25
  5 26 81 12 146 -999.99  292.20  293.00  293.40    5.35    5.22    4.94    3.94  116.70  119.20  117.80  117.40    8.38    8.87    8.02    9.50
  5 26 81 13 146 -999.99  292.50  293.30  293.60    3.80    3.67    3.52 -999.99  107.80  110.80  110.60  108.60    4.54    3.98    4.94    6.22
  5 26 81 14 146 -999.99  292.00  292.70  293.10    5.17    4.85    4.58    3.90  109.80  111.70  110.60  110.10   10.12    8.94    8.23    8.49
  5 26 81 15 146 -999.99  291.90  292.60  292.90    4.30    4.23    4.05    3.66   93.68   91.32   88.97   87.80    7.18    8.52    8.41    7.44
  5 26 81 16 146 -999.99  292.30  293.00  293.20    2.98    2.90    2.80    2.51   73.23   72.62   71.42   72.86   17.28   16.59   16.70   16.63
  5 26 81 17 146 -999.99  292.00  292.70  293.00    3.18    3.24    3.16    2.76  145.50  142.70  139.80  139.70   21.99   23.89   23.40   21.23
  5 26 81 18 146 -999.99  291.70  292.40  292.60    2.67    2.66    2.55    2.36  195.00  195.90  192.80  192.50   18.07   16.68   16.05   15.79
  5 26 81 19 146 -999.99  291.60  292.30  292.40    1.65    1.68    1.48    1.36  167.30  164.50  162.50  162.30   12.42   11.16    9.65    7.37
  5 26 81 20 146 -999.99  291.40  292.00  292.00    0.44    0.40    0.31    0.37 -999.99  150.50  119.90  123.20 -999.99   74.66   65.97   78.26
  5 26 81 21 146 -999.99  291.50  292.10  291.90    1.16    1.12    0.99    1.03 -999.99  199.40  207.30  196.80    6.46   48.70   57.60   80.57
  5 26 81 22 146 -999.99  291.20  291.70  290.60    4.10    4.34    3.89    2.25  129.00  128.00  124.90  118.30    2.69    5.19    5.50    4.46
  5 26 81 23 146 -999.99  290.40  290.00  288.80    4.65    4.85    3.38    1.69  138.90  145.30  144.30  151.60    9.28    8.49   11.78   21.64
  5 26 81 24 146 -999.99  290.00  289.60  288.20    4.93    4.18    2.79    1.34  139.70  140.20  138.20  137.90    4.40    5.36    8.66   20.59
  5 27 81  1 147 -999.99  290.00  289.70  288.10    3.41    2.83    1.74    1.01  129.40  152.20  162.70  194.60    3.66   25.75   35.96   52.25
  5 27 81  2 147 -999.99  289.10  289.00  288.20    1.70    0.88    0.70    0.90  150.70  244.00  275.30  314.80   21.05   24.11   30.70   14.21
  5 27 81  3 147 -999.99  289.10  288.90  288.00    0.98    1.36    1.50    1.23 -999.99  321.10  324.90  338.90    7.23   80.46   36.84   30.43
  5 27 81  4 147 -999.99  288.80  288.90  287.50    1.67    2.97    2.85    1.77  316.70  315.30  315.80  322.60   29.73    9.11    6.74   11.02
  5 27 81  5 147 -999.99  288.80  289.30  287.60    2.85    3.14    2.78    1.45  330.00  330.60  339.20  350.80   11.82    9.20   10.31   16.67
  5 27 81  6 147 -999.99  289.10  289.50  288.00    3.08    3.35    3.23    1.91  330.30  334.80  335.90  342.90    8.32    7.95    7.64   12.53
  5 27 81  7 147 -999.99  289.50  289.80  289.60    2.98    2.79    2.55    2.28 -999.99   19.81   20.40   24.61    1.11   16.23   13.10   11.73
  5 27 81  8 147 -999.99  289.40  290.10  290.50    3.29    3.20    3.15    2.96   45.28   52.82 -999.99   55.68    6.62    9.26    4.85   12.49
  5 27 81  9 147 -999.99  290.70  291.50  291.90    3.48    3.37    3.29    2.99   36.61   40.83   36.16   35.17    7.63   10.04   11.48   11.98
  5 27 81 10 147 -999.99  291.80  292.50  293.00    2.33    2.39    2.32    2.20    6.24    8.08    6.25    6.35   15.09   17.01   16.17   19.36
  5 27 81 11 147 -999.99  293.10  293.80  294.00    1.65    1.65    1.54    1.56   19.26   33.44   29.55   37.45   27.96   32.05   36.94   50.17
  5 27 81 12 147 -999.99  294.10  294.80  295.20    2.06    1.96    1.84    1.87   14.60   21.17   20.84   23.18   14.24   18.14   19.98   25.33
  5 27 81 13 147 -999.99  295.00  295.70  296.20    2.61    2.54    2.35    2.22  348.30  350.50  349.00  353.00   25.47   29.05   29.76   32.00
  5 27 81 14 147 -999.99  295.60  296.40  296.80    2.87    2.72    2.67    2.57  352.50  357.70  354.80    0.35   21.10   24.04   22.00   20.54
  5 27 81 15 147 -999.99  296.30  297.10  297.40    2.71    2.65    2.55    2.41  353.60  358.50  356.40    2.77   19.72   25.13   25.66   25.99
  5 27 81 16 147 -999.99  296.40  297.10  297.30    3.63    3.54    3.46    3.06  341.20  343.80  340.40  339.00   11.21   12.88   13.29   16.98
  5 27 81 17 147 -999.99  296.40  297.20  297.40    3.23    3.54    3.66    3.21  349.70  354.70  351.60  353.70   10.90   13.71   14.68   16.71
  5 27 81 18 147 -999.99  296.00  296.70  296.80    5.00    4.65    4.33    3.62   23.56   27.95   24.29   25.78   15.25   14.53   13.16   13.29
  5 27 81 19 147 -999.99  295.40  296.10  296.10    4.13    3.57    3.27    2.66   44.58   48.46   43.70   44.89    5.22    5.08    5.54    5.99
  5 27 81 20 147 -999.99  295.20  295.70  295.30    3.35    2.86    2.46    1.73   39.86   37.53   30.73   25.80    1.81    3.48    4.52    9.20
  5 27 81 21 147 -999.99  295.20  295.50  294.60    3.74    2.87    2.23    1.43   47.13   38.64   27.30   27.90    4.43    9.28    9.21   12.28
  5 27 81 22 147 -999.99  294.70  294.80  293.30    4.77    3.66    2.54    1.69   52.97   50.61   44.99   66.79    6.85    9.07   10.99   21.95
  5 27 81 23 147 -999.99  292.10  292.50  292.20    7.91    6.11    5.11    4.04   80.52   82.81   78.06   80.13    2.73    3.58    3.51    4.69
  5 27 81 24 147 -999.99  290.70  290.90  290.80    7.62    5.61    4.60    3.62   82.20   81.72   76.42   78.66    1.87    1.24    1.80    2.28
  5 28 81  1 148 -999.99  290.00  289.90  289.80    7.12    4.50    3.40    2.81   85.01   80.45   74.80   77.82    1.08    1.82    1.24    4.37
  5 28 81  2 148 -999.99  289.50  289.20  289.00    7.40    4.52    3.46    2.66   87.47   83.53   76.42   76.78    1.78    3.05    2.91    3.41
  5 28 81  3 148 -999.99  289.40  288.60  288.30 -999.99    4.68    3.54    2.74   94.39   83.98   76.38   75.54    5.33    3.35    3.38    4.18
  5 28 81  4 148 -999.99  289.50  288.20  287.70 -999.99    5.23    3.96    2.81  101.20   92.50   84.32   84.79    1.94    3.48    4.00    4.67
  5 28 81  5 148 -999.99  289.10  287.80  287.10    6.99    4.35    3.04    2.09  107.60  103.50   96.91   91.93    0.90    1.90    2.91    2.43
  5 28 81  6 148 -999.99  287.80  287.50  287.40    5.99    3.61    2.87    2.32  107.00  103.20   94.56   89.97    1.70    2.32    4.29    5.74
  5 28 81  7 148 -999.99  287.80  288.30  288.50    4.01    3.03    2.95    2.79  105.10  106.60  105.30  109.30    4.33    3.76    2.72    4.64
  5 28 81  8 148 -999.99  289.30  290.00  290.30    2.47    2.35    2.31    2.23  120.10  118.00  111.80  110.30   11.39    8.80    5.74    5.99
  5 28 81  9 148 -999.99  291.30  292.10  292.50    2.89    2.82    2.57    2.38  139.40  144.10  138.20  135.20   10.14   10.72    8.82   11.09
  5 28 81 10 148 -999.99  293.10  293.90  294.30    3.00    2.90    2.75    2.57  159.90  160.90  159.70  158.10    5.27    5.99    8.38    7.73
  5 28 81 11 148 -999.99  294.90  295.60  295.90    2.71    2.66    2.55    2.38  180.00  184.00  183.10  181.80   12.42   17.30   19.43   21.12
  5 28 81 12 148 -999.99  295.80  296.50  296.80    2.57    2.45    2.25    2.18  163.30  162.40  158.60  157.30   26.92   32.47   34.71   39.93
  5 28 81 13 148 -999.99  296.60  297.30  297.70    3.20    3.07    2.84    2.53  201.80  203.10  201.70  201.20   25.35   28.18   29.51   30.08
  5 28 81 14 148 -999.99  297.30  298.10  298.50    3.39    3.12    2.94    2.68  206.40  205.20  203.80  199.20   21.14   26.91   27.69   28.63
  5 28 81 15 148 -999.99  298.00  298.70  299.00    3.19    3.00    2.76    2.51  220.80  229.30  224.70  224.30   22.33   39.67   25.99   32.14
  5 28 81 16 148 -999.99  298.40  299.10  299.40    3.38    3.05    2.77    2.52  230.50  232.30  231.30  229.30   14.50   16.89   17.30   19.60
  5 28 81 17 148 -999.99  298.50  299.20  299.40    3.80    3.60    3.34    2.92  213.90  212.40  208.40  207.30    9.24   10.97   10.73   12.31
  5 28 81 18 148 -999.99  298.30  299.10  299.30    4.31    4.14    3.92    3.42  208.10  210.70  209.30  208.00   19.60   20.73   20.82   20.42
  5 28 81 19 148 -999.99  297.80  298.50  298.40    5.10    4.78    4.45    3.80  190.70  190.00  187.80  187.00   10.33   11.31   11.47   10.88
  5 28 81 20 148 -999.99  296.80  297.20  296.80    6.45    5.55    4.83    3.44  167.30  164.20  160.80  157.90    6.08    5.32    5.31    6.39
  5 28 81 21 148 -999.99  296.70  296.60  295.60    8.25    6.70    5.35    3.49  168.00  165.60  162.30  160.90    1.95    3.67    4.81    4.81
  5 28 81 22 148 -999.99  296.60  295.90  294.60    9.50    7.03    5.75    3.79  170.20  167.90  164.40  161.90    1.76    3.25    4.50    6.36
  5 28 81 23 148 -999.99  295.70  295.10  294.00    9.02    6.08    4.66    2.94  168.30  168.50  166.10  162.10    2.09    1.80    2.62    5.32
  5 28 81 24 148 -999.99  294.70  294.40  293.60    9.25    6.19    4.83    3.33  176.80  173.90  170.90  169.60    1.99    0.97    1.90    2.97
  5 29 81  1 149 -999.99  294.10  293.70  292.80    9.17    6.39    5.14    3.53  179.40  172.60  167.80  165.60    1.81    1.34    1.95    2.14
  5 29 81  2 149 -999.99  293.60  293.00  292.30    8.99    6.22    5.00    3.41  176.00  166.10  161.00  159.00    4.59    4.03    4.93    6.68
  5 29 81  3 149 -999.99  293.10  292.70  291.80    9.23    6.24    4.92    3.13  171.40  164.10  157.60  154.40    1.51    1.96    3.23    2.26
  5 29 81  4 149 -999.99  293.00  292.60  291.90   10.74    7.58    6.16    4.44  174.40  167.90  165.00  163.70    0.89    0.94    1.34    2.86
  5 29 81  5 149 -999.99  292.70  292.30  291.70   10.73    7.48    6.18    4.66  177.10  171.50  168.30  167.30    0.94    1.29    1.62    2.07
  5 29 81  6 149 -999.99  292.40  292.40  292.10   10.95    8.35    7.28    5.98  175.20  170.90  168.10  167.40    1.44    2.33    2.50    2.26
  5 29 81  7 149 -999.99  292.60  293.20  293.30    8.73    7.35    6.84    6.02  177.70  176.50  174.60  173.90    1.15    1.67    2.18    2.28
  5 29 81  8 149 -999.99  292.90  293.60  293.80    8.97    7.95    7.56    6.73  184.50  183.60  182.10  181.40    2.81    2.57    2.70    2.58
  5 29 81  9 149 -999.99  293.20  293.90  294.00    8.94    8.38    8.14    7.28  184.10  183.20  181.60  180.50    1.73    1.84    1.84    2.12
  5 29 81 10 149 -999.99  294.70  295.50  295.90    8.17    8.15    7.93    7.27  181.40  179.90  178.80  177.60    1.34    1.79    2.32    2.55
  5 29 81 11 149 -999.99  297.10  297.90  298.40    7.67    7.56    7.43    6.67  188.50  188.40  186.40  185.50    5.87    7.50    7.23    7.21
  5 29 81 12 149 -999.99  298.30  299.20  299.70    8.19    7.93    7.69    6.85  194.60  195.70  193.50  191.90    4.46    5.19    4.40    5.68
  5 29 81 13 149 -999.99  298.90  299.70  300.30    8.11    7.98    7.81    6.98  191.70  193.40  191.80  189.90    4.99    6.19    6.20    6.54
  5 29 81 14 149 -999.99  299.80  300.50  301.10    7.35    7.09    6.84    5.98  195.10  196.00  194.70  194.10    8.25    9.35    8.99    9.87
  5 29 81 15 149 -999.99  299.80  300.60  301.10    8.53    8.38    8.11    7.05  195.20  197.00  195.90  195.70    7.68    8.92    8.71    9.67
  5 29 81 16 149 -999.99  299.50  300.30  300.70    9.21    9.03    8.78    7.85  189.90  190.30  189.10  187.80    5.06    5.21    5.48    6.50
  5 29 81 17 149 -999.99  299.10  299.80  300.10    8.49    7.83    7.02    5.52  215.00  214.40  212.40  211.40   16.88   20.13   20.75   21.58
  5 29 81 18 149 -999.99  298.20  299.10  299.30   11.69   11.16    9.81    7.44  237.30  237.90  235.50  237.00    3.55    4.12    3.95    5.81
  5 29 81 19 149 -999.99  296.90  297.60  297.60    9.02    8.03    7.34    5.47  247.30  247.60  244.90  245.80    3.96    4.95    4.81    4.85
  5 29 81 20 149 -999.99  296.20  296.80  296.70    7.48    6.20    5.54    3.98  254.90  254.40  251.40  251.00    4.04    5.11    5.15    5.39
  5 29 81 21 149 -999.99  295.80  296.20  296.00    6.77    5.33    4.28    2.90  249.50  246.50  242.60  244.10    3.55    5.42    6.54    6.54
  5 29 81 22 149 -999.99  295.10  295.60  295.40    6.08    4.82    4.03    2.69  257.00  251.90  247.70  246.50    3.88    5.56    6.58    5.90
  5 29 81 23 149 -999.99  294.00  294.70  294.70    6.48    5.62    5.07    3.84  262.40  260.00  256.00  255.40    2.96    2.87    2.91    4.16
  5 29 81 24 149 -999.99  293.40  294.00  294.00    7.45    6.03    5.37    3.93  261.30  261.80  258.10  259.00    3.45    4.61    4.27    3.96
  5 30 81  1 150 -999.99  293.30  293.80  293.90    7.13    5.69    5.06    3.79  263.20  262.80  260.20  260.10    4.16    4.77    4.10    4.26
  5 30 81  2 150 -999.99  292.90  293.60  293.70    6.73    5.77    5.23    4.14  269.20  269.20  265.60  266.50    4.08    3.03    2.57    2.45
  5 30 81  3 150 -999.99  292.70  293.30  293.30    6.96    5.14    4.56    3.51  282.60  285.70  284.20  283.20    3.69    7.31    7.61    8.47
  5 30 81  4 150 -999.99  292.30  292.90  293.00    7.18    5.46    4.59    3.44  302.10  303.90  300.60  301.40    4.74    4.86    4.88    4.03
  5 30 81  5 150 -999.99  292.20  292.80  292.90    7.30    5.96    5.07    3.65  314.20  316.20  312.90  312.70    5.12    6.16    5.85    6.68
  5 30 81  6 150 -999.99  292.00  292.50  292.50    5.98    4.98    4.47    3.49  338.80  338.30  333.20  332.40    9.53    9.17    8.69    9.49
  5 30 81  7 150 -999.99  291.80  292.50  292.60    4.04    3.56    3.30    2.71    0.02  356.90  351.50  351.10   11.99   10.99   11.19   12.08
  5 30 81  8 150 -999.99  291.90  292.60  292.90    5.01    4.65    4.57    3.90  355.90  356.20  351.30  350.80   14.14   12.94   12.58   12.74
  5 30 81  9 150 -999.99  292.80  293.50  293.90    3.32    3.46    3.39    3.13   14.35   16.65   10.65    8.75   10.85   10.31    9.30    9.86
  5 30 81 10 150 -999.99  293.00  293.80  294.00    3.69    3.80    3.84    3.41   14.70   17.46   13.48   13.91    8.03    8.04    7.96    8.25
  5 30 81 11 150 -999.99  292.90  293.60  293.90    3.66    4.18    4.31    3.81    3.82    6.62    2.72    3.58    4.84    4.55    4.81    5.54
  5 30 81 12 150 -999.99  293.20  294.00  294.20    4.47    4.75    4.65    4.17    9.44   13.93    9.70   10.25    5.33    6.53    6.33    6.10
  5 30 81 13 150 -999.99  293.40  294.10  294.40    4.76    4.88    4.78    4.21   11.56   13.90    9.57    9.66    5.04    5.86    6.13    7.24
  5 30 81 14 150 -999.99  293.50  294.30  294.60    5.34    5.43    5.24    4.48   13.15   15.68   11.93   13.36    7.77    7.86    7.73    8.34
  5 30 81 15 150 -999.99  292.50  293.30  293.60    7.45    7.17    6.71    5.66   17.45   22.42   17.19   17.14    4.20    4.10    4.53    6.11
  5 30 81 16 150 -999.99  292.50  293.30  293.40    7.28    6.76    6.14    5.12   17.47   21.76   17.38   17.71    3.25    4.82    5.72    6.07
  5 30 81 17 150 -999.99  292.30  293.10  293.30    6.95    6.68    6.30    5.26   27.47   31.11   27.21   28.20    3.45    5.15    5.92    6.61
  5 30 81 18 150 -999.99  292.10  292.80  292.90    7.28    6.85    6.38    5.23   36.41   39.61   35.08   36.96    8.44    9.84   10.01   12.69
  5 30 81 19 150 -999.99  291.50  292.10  292.00    6.69    5.82    5.24    4.21   43.71   48.65   44.48   47.16   10.61   12.15   13.21   12.87
  5 30 81 20 150 -999.99  290.70  291.30  291.30    7.62    6.68    5.98    4.75   34.48   36.81   31.26   32.10    9.96   10.07   10.51   11.94
  5 30 81 21 150 -999.99  290.20  290.80  290.70    5.85    5.07    4.45    3.65   49.05   50.27   45.21   46.35    9.57   10.49   10.52    9.93
  5 30 81 22 150 -999.99  289.20  289.70  289.60    5.93    4.54    3.77    2.98   73.12   77.13   73.61   76.86    7.35    7.05    6.91    7.81
  5 30 81 23 150 -999.99  288.40  288.60  288.30    5.90    4.05    3.22    2.38   79.04   81.75   76.32   77.87    3.22    4.15    5.75    7.29
  5 30 81 24 150 -999.99  287.80  288.00  287.40    5.11    3.48    2.59    1.63   82.27   89.25   85.45   92.67    4.13    6.46    8.16   11.58
  5 31 81  1 151 -999.99  287.30  287.50  287.00    4.09    2.59    1.91    1.28   82.53   75.96   66.13   59.03    3.40    6.54    9.35   17.34
  5 31 81  2 151 -999.99  287.00  287.20  286.50    4.05    2.83    2.25    1.47   87.84   73.64   64.12   52.78    2.57    3.26    4.69    8.61
  5 31 81  3 151 -999.99  287.10  287.00  286.00    5.24    3.20    2.69    1.73  107.20  105.90   90.51   92.46    5.93   13.36   10.94   10.70
  5 31 81  4 151 -999.99  286.50  286.50  285.10    2.05    2.42    2.98    2.33   33.10    2.23  350.60  340.40   44.81   50.75   43.51   39.99
  5 31 81  5 151 -999.99  286.60  286.80  285.00    2.76    3.11    2.61    1.98   12.97    1.69  353.40  347.70    6.41    4.40    4.25    4.98
  5 31 81  6 151 -999.99  287.10  286.50  285.60    4.29    3.97    3.24    2.36   36.21   25.84   20.73   23.93    4.94   10.65   12.03   14.93
  5 31 81  7 151 -999.99  286.80  286.50  286.60    4.56    3.15    2.94    2.65   55.51   54.45   47.18   45.98    6.58    7.09    5.05    5.77
  5 31 81  8 151 -999.99  287.70  288.30  288.60    4.48    3.94    3.76    3.40   60.59   59.93   55.62   57.56    3.20    6.92    9.44   11.86
  5 31 81  9 151 -999.99  289.60  290.30  290.70    4.51    4.40    4.29    3.99   67.39   71.14   66.42   69.04    4.99    6.95    8.20    8.46
  5 31 81 10 151 -999.99  291.20  292.00  292.60    5.91    5.76    5.41    4.98   78.79   82.57   77.98   78.41    4.99    7.23    6.53    7.25
  5 31 81 11 151 -999.99  292.30  293.10  293.80    5.66    5.34    5.08    4.66   68.88   71.09   66.71   67.96    6.12    7.36    8.79   11.28
  5 31 81 12 151 -999.99  293.30  294.10  294.70    5.68    5.41    4.97    4.55   74.22   76.45   71.78   71.84    6.38    8.85    9.12    9.45
  5 31 81 13 151 -999.99  294.40  295.20  295.80    5.40    5.18    5.03    4.64   88.40   91.59   88.80   91.63   11.64   12.16   12.27   13.96
  5 31 81 14 151 -999.99  295.10  295.80  296.40    5.67    5.28    5.11    4.62   92.93   98.43   94.69   97.47    9.26   10.86   11.28   12.69
  5 31 81 15 151 -999.99  295.60  296.40  297.00    6.24    5.98    5.73    5.20   97.25  100.30   96.54   99.39    8.26    8.81    7.36    9.01
  5 31 81 16 151 -999.99  295.90  296.70  297.10    6.23    5.99    5.75    5.14  105.90  111.00  107.60  109.20   10.92   11.50   11.17   11.36
  5 31 81 17 151 -999.99  295.70  296.50  296.90    6.64    6.26    5.98    5.14  105.60  105.80  103.80  109.80    6.72    8.00    9.11    8.49
  5 31 81 18 151 -999.99  295.50  296.20  296.40    6.99    6.40    6.01    5.03  107.10  107.10  106.30  111.60    6.87    7.44    7.22    7.96
  5 31 81 19 151 -999.99  294.70  295.20  295.10    7.32    6.10    5.23    4.15  106.40  106.90  105.70  111.50    3.01    3.61    4.12    3.34
  5 31 81 20 151 -999.99  294.00  294.30  293.60    7.46    5.77    4.46    3.06  108.40  109.10  106.70  112.80    4.06    3.55    3.72    4.33
  5 31 81 21 151 -999.99  293.40  293.70  293.30    8.40    6.31    5.15    3.89   94.14   94.33   92.58  100.30    2.15    4.34    5.53    6.71
  5 31 81 22 151 -999.99  292.30  292.80  292.70    8.89    7.41    6.48    5.35   92.52   91.89   90.44   96.03    1.30    1.44    2.22    2.88
  5 31 81 23 151 -999.99  291.30  291.90  291.90    9.27    7.85    7.04    5.96   94.93   95.03   93.06   99.17    1.61    1.62    2.09    2.18
  5 31 81 24 151 -999.99  290.50  291.00  290.90    9.27    7.45    6.41    5.24   95.41   92.86   89.93   94.84    1.78    2.66    3.32    3.56
  6  1 81  1 152 -999.99  290.30  290.80  290.80    9.01    7.34    6.42    5.43   98.65   96.07   92.52   99.55    1.86    1.70    2.24    3.04
  6  1 81  2 152 -999.99  289.90  290.40  290.40    8.24    7.00    6.01    4.93   93.55   89.62   86.98   93.03    1.79    2.15    2.21    2.44
  6  1 81  3 152 -999.99  289.50  290.20  290.30    8.37    7.06    6.31    5.35   97.75   95.65   94.25   99.61    3.92    4.71    5.53    6.19
  6  1 81  4 152 -999.99  289.00  289.60  289.40    8.03    6.74    5.87    4.79   99.94   96.12   92.55   99.18    1.93    2.85    3.73    3.64
  6  1 81  5 152 -999.99  288.90  289.40  289.40    8.52    6.85    6.01    5.06   99.68   96.65   93.73   99.43    1.88    1.90    2.10    1.82
  6  1 81  6 152 -999.99  288.90  289.50  289.50    8.17    6.74    6.02    5.18  104.30  101.40   98.11  103.80    0.68    0.83    1.37    2.38
  6  1 81  7 152 -999.99  289.00  289.70  289.90    7.74    6.74    6.20    5.37  105.40  104.10  101.60  107.20    1.36    2.05    2.41    2.23
  6  1 81  8 152 -999.99  287.90  288.00  288.60    6.79    5.57    4.83    3.95  104.70  102.20   99.13  104.00    6.76    8.53    9.00    9.33
  6  1 81  9 152 -999.99  287.20  287.50  287.60    6.36    5.75    5.31    4.65   88.74   86.68   82.10   84.52    9.17   11.37   13.31   12.27
  6  1 81 10 152 -999.99  287.30  287.80  288.00    8.85    7.39    6.77    5.94  104.80  105.80  101.50  103.60    3.84    5.23    5.05    4.81
  6  1 81 11 152 -999.99  288.30  288.80  289.40    6.75    6.00    5.65    4.92  110.00  112.40  107.90  109.80    2.58    2.01    2.06    2.50
  6  1 81 12 152 -999.99  289.40  290.00  290.60    5.63    5.14    4.79    4.15  109.20  111.40  106.20  107.70    2.59    3.11    3.62    3.25
  6  1 81 13 152 -999.99  290.70  291.40  291.30    4.81    4.10    3.62    2.88  120.80  122.90  116.60  114.60    3.46    3.53    4.76    2.97
  6  1 81 14 152 -999.99  291.00  291.40  291.20    3.40    2.97    2.46    2.02  112.10   84.85   77.07   69.75   47.99   68.36   67.81   77.62
  6  1 81 15 152 -999.99  291.40  291.60  291.50    2.03    1.95    1.96    2.00  123.20    2.95  354.50  357.60   89.43   72.69   43.80   37.25
  6  1 81 16 152 -999.99  294.50  292.60  294.20    1.84    2.55    2.65    2.55   20.23   18.01   11.53   11.93   53.35   48.31   52.90   18.31
  6  1 81 17 152  290.90  295.30  293.50  295.40    1.85    2.03    1.94    1.94   45.62   30.97   23.06   22.83   27.74   20.84   19.75   18.06
  6  1 81 18 152  291.20  294.20  293.70  294.90    2.15    2.39    2.40    2.23    9.49    9.94    6.76    6.63   14.74   13.61   13.67   12.84
  6  1 81 19 152  291.20  292.90  293.30  293.80    2.44    2.64    2.63    2.27  341.30  345.10  341.90  342.50   14.18   13.74   12.96   12.83
  6  1 81 20 152  290.90  291.70  292.70  292.30    2.12    2.26    2.09    1.70   20.98   19.28   15.37   17.14   13.53   11.10   11.45   13.07
  6  1 81 21 152  290.40  291.30  292.40  291.70    1.43    1.96    1.64    1.23    4.24   10.09    4.34  359.10   15.22   13.43   17.56   26.42
  6  1 81 22 152  290.20  291.00  292.20  291.20    0.91    1.52    1.45    1.08   12.58   21.31   10.12    1.08   39.11   20.85   24.39   29.21
  6  1 81 23 152  290.30  291.10  291.70  290.80    1.70    1.94    1.68    1.47  148.70  146.00  150.80  168.80   40.87   44.48   49.63   47.39
  6  1 81 24 152  290.60  291.80  292.10  290.50    4.27    3.10    2.32    1.54  209.90  214.00  221.40  232.10   11.80   11.19    9.95   15.96
  6  2 81  1 153  290.00  292.30  292.80  290.40    4.69    4.43    3.30    1.61  225.30  230.40  230.00  241.30   12.82   17.29   22.33   30.07
  6  2 81  2 153  289.50  292.40  293.00  290.50    3.79    3.16    2.05    1.28  235.10  251.60  257.20  296.00    8.62   10.50   16.05   68.65
  6  2 81  3 153  289.80  291.60  291.50  289.40    2.77    2.43    2.34    1.79  201.10  176.60  148.20  132.90   12.16   30.89   34.22   24.85
  6  2 81  4 153  289.70  290.50  290.10  289.70    4.57    4.35    3.70    2.63  186.80  169.10  164.20  163.70    8.47   11.74   13.21   14.83
  6  2 81  5 153  289.00  289.60  289.80  289.80    4.71    3.52    3.03    2.34  224.30  219.00  216.30  216.10   12.16   13.41   13.94   15.70
  6  2 81  6 153  288.90  289.40  289.70  289.80    4.00    2.70    2.27    1.74  240.90  237.20  234.50  234.60    7.50    9.38    9.77   10.80
  6  2 81  7 153  289.30  289.90  290.10  290.20    3.74    2.71    2.49    2.04  269.20  263.20  258.30  257.00   10.97    9.72    8.71    9.59
  6  2 81  8 153  289.60  291.70  291.60  292.40    2.85    2.62    2.42    2.00  264.50  258.40  256.10  258.50   10.50    9.74    9.56   11.09
  6  2 81  9 153 -999.99  294.10  292.50  294.80    1.82    1.82    1.68    1.61  293.20  299.60  297.90  297.60   18.09   25.89   25.48   27.57
  6  2 81 10 153 -999.99  295.50  293.80  296.20    1.44    1.45    1.26    1.48    9.55   16.87   15.74   23.82   41.59   42.51   45.08   51.81
  6  2 81 11 153 -999.99  296.70  294.70  297.60    2.65    2.67    2.57    2.39  173.40  171.50  168.90  170.60   29.62   28.71   30.04   28.71
  6  2 81 12 153 -999.99  297.80  295.80  298.80    3.02    2.90    2.70    2.56  164.20  162.10  160.20  158.40   19.86   27.45   30.57   34.89
  6  2 81 13 153 -999.99  296.30  296.40  298.10    5.04    4.95    4.75    4.17  164.00  162.70  161.80  162.20    5.46    7.40    7.90    7.15
  6  2 81 14 153 -999.99  296.10  297.20  299.40    4.89    4.69    4.55    4.12  179.00  178.30  176.20  177.10   10.19    8.90    9.32    9.29
  6  2 81 15 153 -999.99  296.60  297.40  298.80    5.04    4.93    4.80    4.32  188.30  187.60  185.60  185.40    6.40    7.05    6.69    7.32
  6  2 81 16 153 -999.99  296.80  297.50  297.50    4.72    4.53    4.32    3.65  196.80  196.90  194.60  197.00    8.54    8.75    8.86    9.70
  6  2 81 17 153 -999.99  296.90  297.60  297.50    4.26    4.10    3.83    3.15  190.80  192.90  191.40  192.40    9.32   10.79   10.42   10.69
  6  2 81 18 153 -999.99  296.80  297.40  297.40    3.87    3.61    3.28    2.52  158.10  155.80  151.40  152.40   10.41   10.98   11.16    9.81
  6  2 81 19 153 -999.99  296.60  297.10  296.60    5.21    4.40    3.42    1.84  145.50  142.50  138.60  137.30    3.92    4.82    4.83    7.03
  6  2 81 20 153 -999.99  296.10  296.40  295.60    5.56    4.57    3.68    1.73  152.50  146.90  141.50  141.90    5.50    3.12    2.29    1.57
  6  2 81 21 153 -999.99  295.00  295.50  295.00    4.93    4.24    3.59    2.41  163.10  162.40  161.30  164.30    8.37    8.17    6.92    7.15
  6  2 81 22 153 -999.99  294.00  294.40  294.00    5.48    4.49    3.92    2.89  189.70  189.10  188.50  191.20    6.77   10.26   10.71   10.10
  6  2 81 23 153 -999.99  293.80  294.00  293.40    5.89    4.83    3.97    2.86  194.90  195.50  192.80  188.90    9.31   13.90   16.81   18.83
  6  2 81 24 153 -999.99  293.10  293.50  293.00    4.21    3.37    2.56    1.49  202.40  206.70  204.70  201.60    5.83    6.33    7.93   15.11
  6  3 81  1 154  291.10  292.80  292.90  292.40    5.83    4.07    3.15    2.13  202.60  195.20  187.30  178.50    5.19    8.84   12.57   18.85
  6  3 81  2 154  291.30  292.70  292.80  292.20    6.66    4.68    3.60    2.16  209.40  201.40  198.00  199.50    7.69    7.80   10.00   12.39
  6  3 81  3 154  291.40  292.70  292.50  292.10    7.35    5.02    3.72    2.29  226.10  215.90  212.50  212.90    4.13    5.59    7.46    7.70
  6  3 81  4 154  291.10  292.00  292.20  292.00    6.64    4.90    3.67    2.43  232.80  226.60  224.00  225.30    5.44    7.67    8.75    9.05
  6  3 81  5 154  291.00  291.70  292.10  292.10    5.85    5.00    4.55    3.25  250.90  248.30  246.00  247.80    3.94    4.98    5.07    4.67
  6  3 81  6 154  290.80  291.50  291.90  291.90    4.94    4.31    4.05    3.12  253.20  249.30  246.20  246.10    4.83    4.43    3.74    4.11
  6  3 81  7 154  291.30  291.70  292.30  292.30    5.49    5.02    4.73    3.59  253.50  251.50  249.10  250.50    2.13    3.00    3.57    4.39
  6  3 81  8 154  291.40  292.40  292.80  293.30    4.69    4.50    4.29    3.49  252.30  252.40  250.30  250.90    1.77    3.04    4.15    3.93
  6  3 81  9 154 -999.99  294.00  294.40  295.00    5.09    4.97    4.73    3.80  254.80  253.30  250.50  252.70    2.51    2.82    2.58    4.97
  6  3 81 10 154 -999.99  294.60  295.70  296.10    4.95    4.65    4.43    3.62  269.10  267.10  263.30  263.00    6.52    7.23    7.73    8.07
  6  3 81 11 154 -999.99  295.30  296.20  296.70    4.98    4.82    4.49    3.60  251.20  250.40  247.40  247.70    6.07    8.12    7.93    8.60
  6  3 81 12 154 -999.99  296.00  296.80  297.30    5.49    5.16    4.80    3.70  240.30  241.50  240.30  241.00    5.58    5.09    4.70    6.72
  6  3 81 13 154  290.80  297.00  297.70  298.30    6.06    5.81    5.50    4.49  250.50  251.30  249.00  249.40    9.12   10.27    9.93   11.49
  6  3 81 14 154 -999.99  297.60  298.40  298.90    5.91    5.58    5.26    4.12  248.80  249.40  247.40  249.20    5.19    5.22    5.29    5.95
  6  3 81 15 154 -999.99  298.20  299.00  299.50    5.88    5.66    5.41    4.48  268.60  268.00  265.60  267.80   11.05   12.11   12.93   12.69
  6  3 81 16 154 -999.99  298.40  299.20  299.50    5.80    5.12    4.89    4.03  283.90  288.90  287.60  289.70    2.98    5.38    5.81    5.34
  6  3 81 17 154 -999.99  298.40  299.10  299.30    5.06    4.15    3.81    3.12  280.90  284.70  283.20  282.40    1.58    3.02    5.42    6.42
  6  3 81 18 154 -999.99  298.30  298.90  298.90    4.71    3.48    3.04    2.44  275.20  274.80  272.40  272.20    2.69    3.89    4.79    5.33
  6  3 81 19 154 -999.99  297.40  297.70  297.70    5.32    4.39    3.72    2.74  248.10  246.10  243.60  243.70   18.98   19.82   18.62   16.20
  6  3 81 20 154 -999.99  296.70  296.70  296.30    4.53    4.08    3.40    2.40  267.10  257.30  252.30  252.80   17.06   17.68   17.18   17.16
  6  3 81 21 154 -999.99  296.90  297.30  296.20    3.26    2.88    2.43    1.73  295.30  288.10  279.20  266.20    8.07    7.38   10.17   18.61
  6  3 81 22 154 -999.99  296.80  297.40  296.10    2.36    2.23    1.71    1.24  312.70  298.90  287.70  270.30    4.72    6.85    6.70   14.69
  6  3 81 23 154 -999.99  296.60  296.90  294.50    1.78    1.88    1.83    1.57  295.30  278.80  262.00  226.30   16.86   18.02   17.49   17.19
  6  3 81 24 154 -999.99  295.70  295.00  293.80    3.05    3.86    3.32    1.94  223.60  216.80  207.60  206.00   13.91   10.58   10.52   12.52
  6  4 81  1 155 -999.99  293.90  294.10  293.90    5.34    3.99    3.12    1.93  224.40  214.90  211.20  211.60    5.85    5.63    5.64    6.43
  6  4 81  2 155 -999.99  293.40  293.70  293.60    4.98    3.78    2.97    1.96  240.50  237.50  234.60  235.90   10.39   13.42   14.16   16.78
  6  4 81  3 155 -999.99  293.10  293.70  293.40    3.82    3.31    2.75    1.90  304.40  316.70  319.10  322.30    7.32    5.21    5.74    6.76
  6  4 81  4 155 -999.99  293.70  293.70  293.00    3.69    3.63    2.98    2.06  355.00  351.80  341.90  338.90   22.69   20.36   19.13   20.80
  6  4 81  5 155 -999.99  294.50  293.70  292.70    5.59    4.00    3.16    2.04   42.77   40.59   28.17   18.61    8.11    3.29    4.31    7.96
  6  4 81  6 155 -999.99  294.70  293.70  292.80    5.57    3.61    2.84    1.83   53.92   44.39   30.86   23.92    2.66    5.08    5.39    6.59
  6  4 81  7 155 -999.99  294.20  293.90  293.80    4.63    3.09    2.63    2.13   59.62   53.74   46.81   47.35    4.93    6.40    8.04   10.83
  6  4 81  8 155 -999.99  294.20  294.70  295.00    2.58    2.32    2.30    2.15   65.28   59.99   52.14   52.62    2.50    4.05    3.37    3.81
  6  4 81  9 155 -999.99  295.10  295.80  296.00    2.27    2.29    2.16    2.10   76.35   74.86   68.69   68.94   11.94   11.60    9.92    6.81
  6  4 81 10 155 -999.99  296.00  296.70  297.10    2.48    2.41    2.29    2.23   94.45   94.90   89.00   89.88   13.44   13.14   15.30   15.30
  6  4 81 11 155 -999.99  297.00  297.70  298.00    1.70    1.65    1.47    1.59  136.00  119.20  116.70  112.40   20.81   56.36   58.45   60.16
  6  4 81 12 155 -999.99  297.90  298.60  298.90    1.81    1.69    1.48    1.60  184.10  147.10  127.70  134.70   53.00   76.44   63.80   71.46
  6  4 81 13 155 -999.99  298.50  299.30  299.70    2.70    2.63    2.40    2.25  240.80  247.40  247.50  250.30   16.25   27.03   35.59   40.27
  6  4 81 14 155  288.10  299.00  299.80  300.10    2.98    2.69    2.37    2.24  205.50  207.40  205.00  202.10   31.22   30.39   34.27   51.99
  6  4 81 15 155  288.70  299.30  300.10  300.40    3.80    3.59    3.24    2.89  225.60  228.00  224.80  224.80    6.63    7.59    9.25   12.95
  6  4 81 16 155  289.40  299.90  300.60  301.00    3.30    3.12    2.79    2.43  227.40  227.40  230.50  235.70   19.84   26.82   22.94   30.85
  6  4 81 17 155  289.90  300.20  301.00  301.40    4.31    4.21    3.97    3.23  241.20  243.50  242.10  244.40    8.86   11.26   11.07   12.98
  6  4 81 18 155  290.70  300.20  300.90  301.20    3.71    3.63    3.40    2.93  199.50  200.30  197.40  199.60   31.14   33.19   33.25   34.30
  6  4 81 19 155 -999.99  299.90  300.70  300.80    5.20    5.02    4.86    4.21  187.90  188.20  186.10  185.50    9.62    9.68    9.53   10.35
  6  4 81 20 155 -999.99  298.80  299.40  299.20    7.57    6.20    5.49    4.19  197.80  197.30  194.80  194.80    2.75    4.15    4.63    5.78
  6  4 81 21 155 -999.99  298.20  298.40  298.00    7.87    5.64    4.68    3.53  193.10  189.40  186.00  183.90    1.79    2.48    1.76    1.95
  6  4 81 22 155 -999.99  297.80  297.60  297.10    9.36    6.59    5.41    4.01  193.60  189.40  186.00  183.40    1.25    2.58    2.87    2.63
  6  4 81 23 155 -999.99  297.00  297.00  296.50    8.23    5.68    4.59    3.30  191.20  184.90  181.40  180.20    2.65    3.98    4.82    5.52
  6  4 81 24 155 -999.99  296.60  296.60  296.20    8.60    5.96    4.91    3.48  204.50  198.80  194.90  193.70    4.23    3.41    3.20    3.62
  6  5 81  1 156 -999.99  296.40  296.60  296.30    7.88    5.49    4.16    2.87  221.90  215.80  212.50  208.40    9.63   10.42   11.85   10.17
  6  5 81  2 156 -999.99  296.00  296.30  296.10    5.93    4.62    3.56    2.27  230.30  223.90  218.80  215.90    4.22    5.40    7.18    8.99
  6  5 81  3 156 -999.99  295.40  295.80  295.50    5.45    4.41    3.70    2.58  207.30  202.40  197.20  193.80    8.29    6.74    5.85    5.83
  6  5 81  4 156 -999.99  295.20  295.50  295.00    4.54    3.10    2.25    1.22  196.40  190.10  190.00  201.20    6.31    9.05    7.68    4.14
  6  5 81  5 156 -999.99  294.90  295.20  294.90    4.48    3.11    2.23    1.40  190.90  178.50  171.90  164.00    4.59    2.62    2.95   14.81
  6  5 81  6 156 -999.99  294.70  295.10  295.00    5.33    3.65    3.03    2.27  194.50  189.10  186.70  186.50    6.38    5.52    5.63    5.11
  6  5 81  7 156 -999.99  294.80  295.50  295.70    6.14    5.29    4.94    3.88  209.90  206.40  204.20  204.20    2.70    3.01    2.83    3.47
  6  5 81  8 156  292.60  295.20  295.90  296.20    6.40    6.03    5.26    4.11  222.00  220.70  217.60  216.10    2.96    3.64    4.78    5.79
  6  5 81  9 156  292.60  295.20  296.00  296.30    6.43    6.07    5.45    4.30  221.00  221.20  218.70  217.60    3.22    3.56    5.03    7.11
  6  5 81 10 156  292.30  295.30  296.00  296.50    6.07    5.95    5.53    4.30  237.80  238.30  237.00  239.60    2.34    3.23    3.10    3.93
  6  5 81 11 156 -999.99  295.70  296.50  297.00    5.55    5.33    5.03    4.03  242.60  241.70  239.30  242.50    6.16    6.13    5.91    7.31
  6  5 81 12 156  292.90  296.70  297.50  298.20    4.70    4.52    4.31    3.56  240.10  240.40  239.70  239.60    8.20    8.71    8.26    8.32
  6  5 81 13 156  292.30  298.40  299.30  299.90    5.08    4.82    4.56    3.78  254.30  255.00  252.30  251.00    6.58    8.92    9.58   12.17
  6  5 81 14 156  292.10  298.90  299.70  300.20    5.17    4.89    4.64    3.74  251.70  251.50  249.60  250.90    4.10    4.30    3.76    4.08
  6  5 81 15 156  292.00  299.50  300.30  300.90    5.83    5.59    5.26    4.26  248.50  249.00  246.20  247.50    7.53    7.14    5.76    5.35
  6  5 81 16 156  292.40  299.40  300.20  300.80    6.44    6.12    5.60    4.43  241.10  240.70  238.50  240.50   21.87   26.33   27.20   27.08
  6  5 81 17 156  291.70  298.60  299.30  299.60    7.73    7.08    6.48    4.98  240.60  241.00  238.70  239.60   23.34   24.83   23.96   23.55
  6  5 81 18 156  291.20  296.50  296.70  296.80   10.46    8.43    7.30    5.57  251.10  252.70  250.90  251.90   13.86   15.86   16.01   16.56
  6  5 81 19 156  292.50  296.30  296.40  296.40    7.69    5.40    4.41    3.20  234.50  230.50  227.20  224.90    8.99   14.32   16.13   17.85
  6  5 81 20 156  293.80  296.10  296.30  296.30    6.87    5.28    4.46    3.22  213.90  205.00  201.30  200.70    4.95    6.04    6.64    6.21
  6  5 81 21 156  293.60  296.20  296.40  296.10    5.94    4.26    3.40    2.23  220.90  206.30  200.90  197.40    3.70    4.65    4.24    4.14
  6  5 81 22 156  292.80  296.10  296.10  295.60    6.40    4.58    3.49    2.09  229.20  217.30  211.30  205.70    5.73    8.50    8.77    7.86
  6  5 81 23 156  292.90  295.60  295.40  295.10    6.43    4.90    3.91    2.58  214.80  199.00  196.70  196.30    4.61    3.70    4.03    4.56
  6  5 81 24 156  292.80  295.20  295.00  294.70    7.00    4.68    3.55    2.13  219.40  204.30  200.90  201.80    4.51    5.66    6.68    8.00
  6  6 81  1 157  292.40  295.20  294.90  294.50    7.18    4.67    3.13    1.70  230.10  218.70  218.50  221.60    2.19    3.53    4.46    6.60
  6  6 81  2 157  292.40  294.60  294.50  294.10    6.04    4.09    2.67    1.41  231.60  221.50  221.00  225.20    4.09    7.85    5.50    8.21
  6  6 81  3 157  292.40  294.40  294.30  293.80    5.74    3.77    2.51    1.29  236.70  229.00  227.90  226.70    4.32    5.56    6.82   10.65
  6  6 81  4 157  292.40  294.50  294.30  293.80    6.11    4.11    2.86    1.67  244.90  235.10  233.70  236.60    8.65    7.98    8.49    9.61
  6  6 81  5 157  292.50  294.50  294.40  293.90    5.51    4.27    3.29    2.11  264.60  247.60  241.60  235.80    4.14    5.55    6.31    6.94
  6  6 81  6 157  292.50  294.20  294.10  293.90    4.29    3.40    2.65    1.72  276.90  253.60  244.20  234.20    7.78    6.62    5.91    9.17
  6  6 81  7 157  292.60  294.00  294.50  294.70    3.80    2.77    2.45    1.89  315.90  306.30  299.40  297.40   16.93   23.98   25.72   28.25
  6  6 81  8 157  292.80  294.60  295.30  295.60    3.73    3.58    3.49    3.19  358.00  357.60  353.80  355.90   15.81   17.45   18.61   19.21
  6  6 81  9 157  291.10  296.20  297.00  297.50    7.87    7.51    7.05    6.06   33.39   36.01   31.37   32.71    8.29    7.84    9.39   10.94
  6  6 81 10 157  287.10  297.50  298.20  298.50    8.20    7.75    7.18    6.02   35.17   37.37   33.45   34.02    7.31    8.20    8.00    9.66
  6  6 81 11 157  284.00  298.30  299.10  299.40    8.34    7.82    7.40    6.25   39.00   41.54   37.67   39.63    6.10    6.46    7.58    7.35
  6  6 81 12 157 -999.99  299.30  300.00  300.30    6.82    6.44    5.99    5.14   30.41   32.35   28.37   30.81   12.25   14.72   15.40   15.67
  6  6 81 13 157 -999.99  299.10  299.80  300.00    5.86    6.15    6.15    5.24    8.44    8.79    4.65    6.34    3.38    3.46    4.06    4.70
  6  6 81 14 157 -999.99  299.20  299.90  300.20    5.67    5.61    5.45    4.82   12.01   15.05    9.74   10.07    6.44    7.55    6.88    6.91
  6  6 81 15 157 -999.99  298.60  299.30  299.50    6.24    5.98    5.75    4.87   16.69   19.86   14.24   14.96    3.69    4.62    5.25    4.93
  6  6 81 16 157 -999.99  299.00  299.70  300.00    5.10    5.14    5.05    4.43    7.16   13.11   10.06   12.66   12.02   12.28   10.98   11.29
  6  6 81 17 157 -999.99  299.40  300.20  300.50    4.59    4.50    4.69    4.15  348.50  352.30  349.50  350.40    4.61    5.25    5.46    7.47
  6  6 81 18 157 -999.99  299.20  299.90  300.10    5.49    5.08    4.81    4.00  326.90  330.00  327.10  327.70    7.58    7.53    7.51    8.24
  6  6 81 19 157 -999.99  298.60  299.20  299.00    4.94    4.25    3.69    3.03  334.30  335.00  331.50  330.80    5.72    4.71    5.12    4.12
  6  6 81 20 157 -999.99  298.40  298.70  297.30    3.96    3.85    3.44    2.31  347.10  345.60  337.30  331.50   12.35   10.20    7.99    9.09
  6  6 81 21 157 -999.99  297.90  298.10  296.20    3.49    3.53    3.06    1.96  359.80    4.00    2.98    6.02    8.30   10.77   10.56   16.49
  6  6 81 22 157 -999.99  297.20  297.60  295.60    3.73    3.16    2.68    1.56   26.12   12.34    0.24  347.60    4.97    4.52    7.39   15.28
  6  6 81 23 157 -999.99  296.60  296.90  294.50    2.21    2.24    2.64    1.49   17.23  348.00  334.90  322.80   11.74   10.02    4.35    7.62
  6  6 81 24 157 -999.99  296.50  296.90  293.60    1.99    2.52    2.73    1.64  354.80  343.80  345.30  335.10    9.19    4.11    6.16   10.43
  6  7 81  1 158 -999.99  295.60  295.50  291.70    3.29    3.28    2.88    1.77   61.17   63.47   57.41   45.87   22.70   34.90   34.44   46.55
  6  7 81  2 158 -999.99  295.30  295.40  292.10    2.15    1.56    1.54    0.95   64.71   41.67   25.60  350.00   12.76   10.64    9.54   16.68
  6  7 81  3 158 -999.99  295.70  294.60  291.50    2.01    1.90    1.97    0.79  105.30   88.72   70.86   65.78   12.37   28.82   26.41   40.32
  6  7 81  4 158 -999.99  296.30  294.40  290.10    3.04    2.14    2.49    1.37  129.20  157.10  130.80  151.10   10.73   15.78   14.31   14.26
  6  7 81  5 158 -999.99  294.40  293.20  288.80    4.39    5.03    2.95    1.11  146.00  142.40  129.70  114.50    9.52    5.96    6.56   14.93
  6  7 81  6 158 -999.99  294.10  293.20  289.40    7.05    6.13    3.86    1.60  161.70  158.20  146.50  137.50    5.65    4.50    8.32   23.86
  6  7 81  7 158 -999.99  294.00  293.50  293.00    7.45    5.31    4.04    3.11  172.00  168.50  161.00  156.50    2.38    1.46    3.68    2.54
  6  7 81  8 158 -999.99  294.70  295.50  295.80    6.40    6.18    6.02    5.36  164.50  163.70  161.50  162.10    1.48    2.68    3.28    3.13
  6  7 81  9 158  282.20  296.00  296.70  297.20    7.46    7.47    7.37    6.67  167.40  167.60  165.60  166.30    3.07    4.22    4.07    4.88
  6  7 81 10 158  282.80  296.80  297.70  298.20    6.08    6.02    5.90    5.38  175.70  174.30  172.80  172.80    4.68    5.98    6.19    6.40
  6  7 81 11 158  281.50  297.70  298.50  299.00    5.15    5.04    4.90    4.42  167.80  166.80  165.50  166.40    9.48    9.71   10.89   12.43
  6  7 81 12 158 -999.99  298.60  299.30  299.80    4.26    4.10    3.90    3.51  165.50  164.00  163.10  161.50   13.03   16.51   15.77   19.34
  6  7 81 13 158 -999.99  299.20  300.00  300.50    5.07    4.72    4.41    3.88  190.50  192.60  189.70  189.80   17.35   20.05   21.58   22.36
  6  7 81 14 158 -999.99  299.70  300.50  301.10    5.51    5.31    5.09    4.44  198.60  199.20  198.20  199.10   12.60   14.73   15.28   16.69
  6  7 81 15 158 -999.99  299.80  300.60  301.10    5.18    4.87    4.59    3.90  213.30  213.40  210.90  211.20   17.03   19.53   20.01   22.35
  6  7 81 16 158 -999.99  300.10  300.90  301.30    4.66    4.44    4.23    3.71  205.70  204.20  201.50  201.20   12.97   13.13   14.75   14.81
  6  7 81 17 158 -999.99  300.10  300.90  301.30    5.37    5.17    5.01    4.42  196.00  193.70  189.50  190.40   11.01   10.90   11.55   13.47
  6  7 81 18 158 -999.99  300.10  300.90  301.30    6.09    5.80    5.56    4.80  203.60  202.40  199.50  200.30   11.95   12.29   12.85   12.27
  6  7 81 19 158 -999.99  299.40  300.10  300.20    7.45    6.85    6.44    5.58  182.20  181.60  179.40  179.70    5.74    6.70    6.88    6.97
  6  7 81 20 158 -999.99  298.60  299.00  298.60    7.59    5.95    4.98    3.64  173.90  170.70  167.60  167.60    2.11    3.43    4.37    5.98
  6  7 81 21 158 -999.99  298.20  297.90  297.30   10.25    7.66    6.33    4.66  170.70  166.30  163.50  163.50    2.48    1.99    2.17    3.46
  6  7 81 22 158 -999.99  297.50  297.20  296.80   10.56    7.80    6.64    5.16  174.90  170.40  167.50  167.60    0.98    1.75    1.44    1.71
  6  7 81 23 158 -999.99  296.70  296.60  296.20   10.01    7.18    6.10    4.68  177.10  173.90  171.40  172.30    1.90    2.07    2.57    2.72
  6  7 81 24 158 -999.99  296.00  295.90  295.60   10.83    7.75    6.60    5.30  186.00  182.70  180.30  180.80    1.82    2.20    2.91    2.73
  6  8 81  1 159  289.40  295.90  296.00  295.80   11.59    8.80    7.70    5.94  195.90  192.60  189.50  189.70    6.83    7.99    8.55    8.71
  6  8 81  2 159 -999.99  295.40  295.70  295.50   12.45    9.81    7.86    5.39  223.40  222.00  218.50  217.70    7.67    8.46    8.36    7.87
  6  8 81  3 159 -999.99  295.20  294.90  295.20   17.34   14.27   11.43    8.08  232.60  229.00  226.10  224.50    4.97    4.98    5.13    6.42
  6  8 81  4 159 -999.99  295.00  294.40  294.90   14.38   11.65    9.19    6.33  233.60  233.60  232.30  233.10    1.06    1.86    2.15    2.88
  6  8 81  5 159 -999.99  295.10  294.80  294.80   11.07    8.45    6.49    4.41  226.80  224.30  223.40  221.70    3.42    4.04    3.64    4.88
  6  8 81  6 159 -999.99  294.80  294.80  294.70    9.67    7.28    5.56    3.88  230.90  227.00  224.40  221.90    5.42    6.66    7.43    6.69
  6  8 81  7 159 -999.99  296.40  296.90  296.90   11.90    9.95    8.03    5.75  235.60  235.30  233.60  234.80    2.50    3.22    3.35    4.95
  6  8 81  8 159 -999.99  297.30  297.60  298.30   12.39   11.02    9.41    6.91  233.90  233.80  231.70  232.60    3.28    4.36    3.88    5.99
  6  8 81  9 159 -999.99  298.50  299.10  299.60   12.17   11.27   10.44    8.06  242.30  242.40  240.80  241.60    1.70    2.13    2.67    2.68
  6  8 81 10 159 -999.99  300.20  301.00  301.60   12.50   11.96   10.75    8.11  240.10  240.50  238.90  240.00    3.24    4.36    4.45    4.41
  6  8 81 11 159 -999.99  301.20  302.10  302.90   11.67   10.97   10.29    7.95  245.80  245.80  244.60  247.40    2.44    2.52    2.87    3.71
  6  8 81 12 159 -999.99  301.90  302.80  303.70   10.64   10.15    9.44    7.22  243.50  244.20  244.00  244.60    2.83    3.07    2.65    4.83
  6  8 81 13 159  290.40  301.70  302.40  302.80   11.58   10.87    9.41    6.83  231.20  230.40  229.20  229.40    4.90    5.55    5.89    6.65
  6  8 81 14 159  290.20  301.20  301.90  302.10   11.11   10.21    8.83    6.82  219.70  220.10  219.80  217.90    7.52    7.97    7.59    8.19
  6  8 81 15 159  289.60  302.50  303.30  303.80   11.29   10.83    9.86    7.89  215.20  214.90  213.10  212.20    4.00    4.21    5.08    3.69
  6  8 81 16 159  289.90  303.70  304.50  305.00   12.89   11.99   10.59    8.11  217.80  218.20  216.60  216.00    5.04    6.00    6.40    5.87
  6  8 81 17 159  290.20  304.00  304.70  305.10   13.06   12.46   11.27    8.61  214.60  214.40  212.50  211.70    7.34    8.16    8.74    9.83
  6  8 81 18 159  290.80  303.60  304.30  304.50   14.33   13.50   12.37    9.43  208.40  207.40  205.80  205.10    3.48    4.28    4.35    4.45
  6  8 81 19 159  291.60  302.50  303.10  303.00   12.35   10.63    9.69    6.82  207.40  206.70  203.60  204.80    1.70    1.51    1.71    2.55
  6  8 81 20 159  291.50  301.60  302.10  301.70    9.47    7.61    6.62    4.83  214.80  209.40  205.70  203.20    3.15    3.29    4.51    5.75
  6  8 81 21 159 -999.99  300.60  300.90  300.20    9.32    6.92    5.90    4.06  210.20  203.80  199.00  196.80    1.97    2.01    2.19    2.97
  6  8 81 22 159 -999.99  300.30  300.60  300.00    7.40    6.11    5.22    3.99  247.00  246.50  241.80  238.70   41.14   49.84   54.67   57.90
  6  8 81 23 159 -999.99  299.50  299.80  299.30    7.44    5.81    4.83    3.13  239.90  244.50  243.90  246.20    3.80    6.51    9.02   12.04
  6  8 81 24 159 -999.99  299.50  299.30  298.60   11.47    8.44    7.00    4.47  252.80  250.70  247.90  246.40    4.51    3.27    2.66    2.73
  6  9 81  1 160  293.80  296.50  297.10  297.10    6.15    5.76    5.56    4.55  339.40  341.40  338.30  338.20   33.24   34.52   33.96   33.45
  6  9 81  2 160  291.40  293.10  293.80  294.00    7.40    7.34    7.26    5.90    7.05    8.48    4.27    4.10    7.69    7.61    7.24    7.45
  6  9 81  3 160  289.60  291.70  292.40  292.40    5.87    5.06    4.52    3.67   38.92   41.14   37.70   37.25   13.02   13.52   14.21   15.96
  6  9 81  4 160  289.40  291.50  292.00  291.70    3.74    3.00    2.35    1.58   48.61   50.80   44.12   36.38    6.25   10.39   10.20   10.35
  6  9 81  5 160 -999.99  291.50  291.80  291.50    2.71    1.72    1.22    0.88   55.09   54.87   50.62   56.40    5.72   13.23   20.16   47.09
  6  9 81  6 160 -999.99  291.70  292.10  291.90    2.91    2.20    1.72    1.38   48.62   41.02   26.17   15.36    7.50   10.11   10.12   12.15
  6  9 81  7 160 -999.99  291.90  292.50  292.90    3.18    3.05    2.92    2.69   38.41   42.06   39.68   41.34    6.94    7.66    8.57   11.17
  6  9 81  8 160 -999.99  292.50  293.20  293.70    3.60    3.57    3.48    3.11   49.83   48.76   45.09   45.02   15.22    9.93    9.48   10.21
  6  9 81  9 160  288.20  293.90  294.60  295.00    2.60    2.46    2.37    2.23   91.95   89.23   83.35   82.78   12.49   12.52   13.51   14.19
  6  9 81 10 160  286.70  295.50  296.30  296.70    3.07    3.01    2.96    2.74  106.20   99.04   96.43   94.66   11.52   13.50   11.72   13.04
  6  9 81 11 160  285.20  296.90  297.70  298.30    4.74    4.56    4.40    3.99  111.90  105.80  104.80  104.50    9.32    8.83    8.77   11.20
  6  9 81 12 160  284.70  298.60  299.20  300.10    6.33    6.08    5.78    4.93  124.20  119.90  117.40  118.10    8.00   10.16   10.08   10.43
  6  9 81 13 160  284.30  300.00  300.80  301.40    4.82    4.59    4.50    4.03  117.20  108.90  105.70  102.60    6.89    8.98    8.81   10.84
  6  9 81 14 160  284.60  300.90  301.60  302.30    5.19    4.95    4.79    4.41  110.60  105.00  102.20   99.51   10.98   11.78   10.78   11.41
  6  9 81 15 160  286.30  301.30  302.00  302.50    5.92    5.52    5.17    4.43  125.90  118.30  114.70  113.10    7.09    7.77    8.84    9.23
  6  9 81 16 160  289.30  301.00  301.80  302.30    7.40    7.28    6.69    4.94  139.90  134.50  131.50  133.40    7.39    7.58    7.97    9.50
  6  9 81 17 160  290.80  300.20  300.90  301.20    6.49    6.04    5.56    4.22  124.70  120.20  118.00  117.20    6.10    5.62    6.00    7.04
  6  9 81 18 160  291.50  299.80  300.50  300.80    6.55    5.99    5.69    4.91  114.20  107.80  104.40  104.80    2.42    3.27    4.12    4.35
  6  9 81 19 160  292.90  299.50  300.20  300.40    5.91    5.04    4.62    3.78  114.00  108.70  105.50  105.70    3.61    4.84    5.64    6.04
  6  9 81 20 160  291.50  298.60  298.90  298.90    6.56    6.05    5.40    4.30   57.20   58.71   55.09   53.20   40.85   35.03   33.65   34.21
  6  9 81 21 160  293.10  295.00  294.30  294.80    4.29    4.48    4.20    3.39  355.60    2.19    1.02    5.31   74.88   66.50   62.86   63.11
  6  9 81 22 160  292.20  293.40  293.80  294.00    5.42    4.55    4.06    3.37   47.20   47.98   45.49   46.24   18.02   17.65   18.70   20.95
  6  9 81 23 160  292.20  293.40  293.60  293.70    3.83    3.04    2.74    2.34   43.89   32.67   25.94   25.72   19.84   25.57   26.31   30.32
  6  9 81 24 160  291.80  292.80  293.20  293.50    4.80    4.15    3.81    3.24   28.24   24.03   19.46   18.63   14.42   17.16   17.31   19.04
  6 10 81  1 161  291.80  292.60  293.00  293.30    4.04    3.88    3.63    3.19   25.74   26.46   20.55   18.65   15.43   14.58   13.75   14.36
  6 10 81  2 161 -999.99  291.90  292.30  292.60    3.90    3.69    3.59    3.12   16.71   15.64   10.85    9.52   14.46   15.03   14.95   16.63
  6 10 81  3 161  288.40  290.70  291.30  291.40    5.12    4.83    5.03    4.30  351.20  352.00  349.70  348.30    5.04    4.95    5.34    6.10
  6 10 81  4 161  288.00  289.70  290.50  290.50    6.79    5.61    5.32    4.41  342.70  343.10  340.70  339.60    2.22    1.75    1.59    1.89
  6 10 81  5 161  287.40  289.10  289.90  289.90    5.15    4.42    4.64    4.08  348.20  349.60  346.50  344.20    1.26    1.72    1.76    2.48
  6 10 81  6 161  287.10  289.10  289.90  290.00    4.85    4.75    4.85    4.23  355.10  355.50  353.50  352.00    4.20    3.73    4.20    5.78
  6 10 81  7 161  287.10  289.80  290.50  290.60    5.13    4.82    4.84    4.13  352.10  352.70  348.80  347.80    7.28    7.11    7.21    7.84
  6 10 81  8 161  287.10  290.80  291.20  291.40    3.73    3.59    3.45    3.02  334.90  334.60  332.70  333.60   11.36   10.88   10.76    9.40
  6 10 81  9 161  287.20  291.80  292.10  292.20    3.44    3.28    3.22    2.83  317.40  317.30  314.70  315.00   11.66   12.61   12.92   13.22
  6 10 81 10 161  287.60  292.10  292.70  292.80    5.87    5.35    5.22    4.47  336.70  338.50  336.40  335.30    3.76    5.35    5.75    7.17
  6 10 81 11 161 -999.99  290.70  292.30  292.20    5.00    4.35    3.88    3.10  303.90  304.30  300.90  298.80   24.68   29.31   30.09   32.67
  6 10 81 12 161 -999.99  292.30  292.40  292.60    4.65    4.48    4.40    3.51  265.00  261.10  258.00  256.90    7.33    7.59    7.86    6.67
  6 10 81 13 161 -999.99  293.90  293.40  293.80    5.66    5.56    5.32    4.34  261.90  261.30  258.50  257.10    4.97    4.81    4.77    5.61
  6 10 81 14 161 -999.99  294.80  294.50  295.00    5.94    5.76    5.59    4.65  272.50  271.70  269.10  267.70    6.49    8.77    9.02   10.10
  6 10 81 15 161  286.80  294.80  295.80  296.30    7.04    6.28    5.95    5.08  281.90  283.00  281.70  282.00    2.75    4.25    5.20    8.38
  6 10 81 16 161  286.60  295.30  296.30  296.80    7.13    6.70    6.38    5.28  294.80  298.80  299.00  300.40    5.81    7.22    7.81    9.00
  6 10 81 17 161 -999.99  296.10  296.90  297.30    8.19    7.55    6.94    5.65  303.60  305.70  303.90  303.10    5.21    5.32    5.12    5.81
  6 10 81 18 161 -999.99  296.20  297.00  297.30    7.75    6.93    6.23    4.80  306.30  309.20  307.80  308.40    4.79    5.77    5.72    5.69
  6 10 81 19 161 -999.99  295.70  296.20  296.10    6.70    5.57    4.64    3.19  305.80  307.60  305.90  306.60    2.36    3.00    4.25    5.62
  6 10 81 20 161 -999.99  295.50  295.80  294.70    4.79    4.13    3.48    2.03  271.40  259.00  251.10  245.90   14.08   20.55   21.93   23.43
  6 10 81 21 161 -999.99  295.00  294.30  293.00    6.21    4.57    2.79    1.23  242.00  225.80  220.30  222.90    8.00   11.81   14.10   17.95
  6 10 81 22 161 -999.99  294.90  293.30  292.00    6.01    4.06    1.81    0.64  237.60  221.10  216.80  200.70    4.62    5.73    3.78   25.73
  6 10 81 23 161 -999.99  293.60  292.30  291.30    7.33    4.59    2.99    1.40  238.30  224.90  218.90  212.80    5.09    6.35    5.52   10.17
  6 10 81 24 161 -999.99  293.20  291.80  290.70    8.45    4.98    3.32    1.60  248.90  237.40  230.80  225.70    2.01    1.72    2.31    5.59
  6 11 81  1 162 -999.99  292.80  291.30  290.10    9.07    5.23    3.56    1.81  248.10  238.50  232.30  230.60    1.56    2.09    3.38    5.48
  6 11 81  2 162 -999.99  292.30  291.00  289.90    9.08    5.53    3.84    2.05  244.50  237.10  231.40  224.60    3.88    1.93    1.86    3.49
  6 11 81  3 162 -999.99  291.50  290.80  289.90    8.14    4.78    3.37    1.77  247.50  241.80  238.60  230.10    4.61    6.10    6.46    9.67
  6 11 81  4 162 -999.99  292.30  291.10  290.20    6.41    3.59    2.72    1.76  270.20  275.60  276.60  274.20    6.94   11.61   17.94   27.08
  6 11 81  5 162 -999.99  293.00  291.00  290.20    5.80    3.52    2.28    1.46  297.60  310.30  319.70  329.90    8.12    8.04    8.18    9.13
  6 11 81  6 162 -999.99  293.90  291.50  290.80    4.86    2.80    1.63    1.00  310.60  323.40  323.60  331.80    5.62   12.10   15.49   14.08
  6 11 81  7 162 -999.99  293.50  291.80  291.40    3.36    1.27    0.77    0.60  337.40   25.33   50.95   85.12    9.48   24.69   20.93   33.13
  6 11 81  8 162 -999.99  293.90  291.90  291.90    2.93    2.38    2.28    2.21   24.88   80.49   86.59   93.44   11.80   11.62   15.71   17.19
  6 11 81  9 162 -999.99  293.60  292.80  293.00    3.15    2.35    2.29    2.23   66.47   89.42   87.81   90.19   10.53   11.89   12.34   12.97
  6 11 81 10 162 -999.99  292.90  293.50  293.70    2.81    2.69    2.50    2.19   48.82   50.55   48.62   51.15   11.54   11.92   11.16   10.32
  6 11 81 11 162 -999.99  293.50  294.10  294.30    2.18    2.02    1.92    1.88   82.82   84.66   79.69   79.49    7.33   10.96   12.36   13.67
  6 11 81 12 162 -999.99  293.90  294.50  294.60    1.40    1.38    1.18    1.12 -999.99  321.50  345.60  358.30   69.04   83.01   71.01   66.60
  6 11 81 13 162 -999.99  294.40  294.40  294.40    3.51    3.09    2.82    2.41   88.35   94.63   95.22  101.30   10.60   16.04   17.02   17.98
  6 11 81 14 162 -999.99  294.40  294.90  295.00    5.42    4.85    4.22    2.84  134.60  135.20  134.40  138.90   12.52   11.19   10.86   11.16
  6 11 81 15 162 -999.99  294.60  295.10  294.90    7.86    6.35    5.34    3.62  135.00  132.20  128.50  127.40    5.72    7.40    9.00   12.37
  6 11 81 16 162 -999.99  294.60  295.20  295.10    5.87    4.91    4.42    3.56  145.70  147.00  145.40  148.10   20.63   25.88   27.89   28.65
  6 11 81 17 162 -999.99  294.50  295.00  295.10    5.08    4.50    4.00    3.02  133.10  133.50  131.00  130.10   16.04   18.77   20.18   21.14
  6 11 81 18 162 -999.99  294.50  295.10  295.20    3.86    3.18    2.82    2.18  120.00  118.20  115.90  116.70   13.11   14.61   13.48   13.87
  6 11 81 19 162 -999.99  294.40  295.00  294.80    4.17    3.40    2.86    1.78  135.00  133.00  129.00  127.50    3.00    3.17    3.31    3.73
  6 11 81 20 162 -999.99  294.20  294.60  294.10    4.74    3.91    3.15    1.91  135.40  125.30  116.10  109.80    1.84    4.45    7.18    9.59
  6 11 81 21 162 -999.99  293.90  294.30  293.80    4.37    3.94    3.29    2.14  133.50  117.40  106.40  103.40    3.35    4.30    5.81    8.86
  6 11 81 22 162 -999.99  293.80  294.10  293.10    5.10    4.60    3.48    1.60  146.50  133.60  127.40  132.10    4.77    4.88    6.59   10.00
  6 11 81 23 162 -999.99  293.70  293.50  292.50    6.47    4.86    3.43    1.66  148.70  139.00  132.30  135.70    1.48    2.35    2.13    4.12
  6 11 81 24 162 -999.99  293.10  293.10  292.10    7.27    5.35    4.05    1.93  156.80  149.30  143.50  146.80    3.69    3.35    4.15    4.43
  6 12 81  1 163 -999.99  292.90  292.60  291.90    8.59    5.99    4.60    2.97  170.50  164.20  161.10  161.90    3.58    3.37    3.16    3.23
  6 12 81  2 163  290.40  292.40  292.70  292.20    6.08    4.30    3.29    1.68  164.60  153.00  143.80  137.50    3.93    5.54    6.95    7.26
  6 12 81  3 163  291.20  292.40  292.90  292.70    6.27    5.05    4.32    3.15  171.20  164.40  160.10  159.30    1.83    2.27    3.76    4.70
  6 12 81  4 163  291.60  292.40  292.80  292.80    6.76    5.44    4.84    4.05  179.20  176.60  174.40  175.60    3.31    4.27    4.33    3.82
  6 12 81  5 163  292.10  292.70  293.10  293.10    6.70    5.18    4.48    3.58  185.40  182.00  178.90  177.60    1.21    1.85    2.19    2.83
  6 12 81  6 163  292.50  293.00  293.50  293.50    6.51    5.40    4.78    3.99  189.70  187.40  184.70  183.80    3.29    3.65    3.89    3.80
  6 12 81  7 163  292.80  293.50  293.90  294.10    5.99    4.97    4.45    3.55  199.60  196.90  195.80  195.10    5.06    5.15    4.92    6.33
  6 12 81  8 163  293.10  294.30  294.70  294.90    5.95    5.21    4.81    3.78  210.00  205.30  204.10  203.60    3.11    3.65    2.95    4.29
  6 12 81  9 163  293.10  294.50  295.30  295.40    5.70    4.80    4.33    3.35  240.50  239.60  238.30  238.20   17.62   20.46   20.18   21.09
  6 12 81 10 163 -999.99  292.30  292.90  293.00    5.95    3.92    3.17    2.52  336.10  344.50  343.20  342.30   13.18   13.71   14.05   13.69
  6 12 81 11 163 -999.99  292.50  292.90  293.10    6.98    6.99    6.41    5.39  170.10  164.40  162.00  164.00   65.94   58.44   53.35   52.01
  6 12 81 12 163 -999.99  294.60  294.60  294.60    4.37    3.96    3.79    3.45  161.00  158.10  155.20  155.30   21.66   42.25   46.85   48.35
  6 12 81 13 163 -999.99  297.90  297.20  297.10    4.08    4.06    3.91    3.58  172.30  172.00  169.60  170.30    9.19    9.70    9.08    8.75
  6 12 81 14 163 -999.99  300.40  298.80  298.40    3.19    3.16    3.02    2.68  189.90  190.50  188.30  187.80   13.25   14.13   13.77   14.51
  6 12 81 15 163 -999.99  300.50  299.60  300.00    3.57    3.39    3.22    2.86  200.50  199.00  195.00  195.20    6.57    9.04    9.08   10.18
  6 12 81 16 163 -999.99  301.60  300.80  301.00    5.21    5.05    4.82    4.22  196.50  196.20  193.20  193.80    5.47    7.22    7.26    9.01
  6 12 81 17 163 -999.99  301.30  301.10  301.10    5.19    5.00    4.84    4.26  183.20  183.80  180.70  181.40    8.40    8.67    8.62    8.40
  6 12 81 18 163 -999.99  300.90  301.20  301.00    4.78    4.42    4.11    3.33  159.80  159.40  157.30  158.70    5.73    6.07    5.71    5.37
  6 12 81 19 163 -999.99  300.50  301.20  300.40    4.94    4.00    3.10    1.69  154.20  146.60  138.10  133.20    3.51    2.64    5.58    8.32
  6 12 81 20 163 -999.99  299.80  300.70  299.40    6.14    5.11    3.87    1.98  150.80  140.30  132.60  131.10    5.60    5.02    5.66    8.87
  6 12 81 21 163 -999.99  299.50  300.00  298.80    7.35    6.04    4.83    2.39  171.80  159.70  149.00  147.00    3.04    3.93    4.15    4.94
  6 12 81 22 163 -999.99  298.50  299.10  298.60    8.24    6.73    5.80    4.34  178.70  174.40  170.30  169.10    5.25    7.10    8.24    9.16
  6 12 81 23 163 -999.99  298.00  298.40  298.00   10.55    8.49    7.32    5.79  190.70  188.90  186.10  185.40    0.53    1.26    1.11    1.91
  6 12 81 24 163 -999.99  297.30  297.80  297.50    9.87    7.86    6.85    5.54  187.30  185.90  183.40  183.40    1.42    2.21    2.28    2.44
  6 13 81  1 164 -999.99  296.80  297.40  297.20    9.71    7.90    7.04    5.62  190.90  189.10  186.30  185.50    3.58    3.76    4.36    3.94
  6 13 81  2 164 -999.99  296.50  296.90  296.80    9.07    7.07    6.15    4.77  197.40  193.70  190.90  189.90    1.49    2.20    2.35    3.22
  6 13 81  3 164 -999.99  296.40  296.80  296.60    8.07    6.19    5.30    4.11  187.50  182.40  179.30  178.90    4.17    3.28    3.23    2.55
  6 13 81  4 164 -999.99  296.20  296.60  296.40    8.41    6.52    5.50    4.24  179.40  174.00  170.90  171.30    2.93    4.29    4.38    4.91
  6 13 81  5 164 -999.99  296.20  296.50  296.30    9.26    7.01    6.03    4.69  181.40  178.20  176.20  176.40    1.45    2.40    3.01    2.36
  6 13 81  6 164 -999.99  296.20  296.70  296.60    9.81    7.90    7.03    5.80  184.00  181.00  178.40  178.00    1.14    0.78    0.84    1.33
  6 13 81  7 164 -999.99  296.60  297.10  297.10    9.42    7.74    6.99    5.71  193.20  191.50  188.90  188.80    4.74    5.81    6.25    5.98
  6 13 81  8 164 -999.99  297.10  297.80  297.90   10.29    9.26    8.57    6.73  200.90  200.20  198.10  198.00    1.51    1.64    1.74    1.57
  6 13 81  9 164  294.60  297.50  298.20  298.30   11.49   10.41    9.65    7.29  206.70  204.90  203.10  202.60    2.70    3.30    3.15    4.13
  6 13 81 10 164  294.40  297.70  298.40  298.50   10.58    9.58    8.83    6.88  211.50  210.50  207.70  208.30    2.61    3.19    2.65    3.01
  6 13 81 11 164  294.50  298.10  298.90  299.10   10.53    9.79    8.96    6.84  212.20  210.70  208.00  208.60    2.55    1.99    2.13    2.50
  6 13 81 12 164 -999.99  298.70  299.40  299.50   10.37    9.52    8.58    6.68  214.60  214.20  212.20  212.00    1.29    1.24    1.88    2.16
  6 13 81 13 164  294.60  298.60  299.20  299.30    9.89    8.82    8.07    6.00  208.70  207.30  203.80  203.90    2.78    2.88    3.05    3.16
  6 13 81 14 164  294.20  299.50  300.20  300.40   10.14    9.34    8.40    6.49  216.20  215.60  212.30  213.30    4.11    4.29    5.07    4.85
  6 13 81 15 164  294.40  299.80  300.50  300.60    9.36    8.64    7.86    6.07  209.10  209.20  206.00  205.90    9.42    9.41    9.30    9.39
  6 13 81 16 164 -999.99 -999.99 -999.99 -999.99 -999.99 -999.99 -999.99 -999.99 -999.99 -999.99 -999.99 -999.99    4.02    7.20    7.25    8.78
  6 13 81 17 164  295.10  297.70  298.00  298.00    8.77    7.05    6.24    4.76  205.50  204.80  202.40  201.10    5.16    4.14    4.50    4.92
  6 13 81 18 164 -999.99  299.20  299.10  299.30   10.01    8.75    7.85    5.86  209.00  209.80  207.60  207.90    4.03    5.36    5.45    5.46
  6 13 81 19 164 -999.99  298.80  299.10  298.70    9.42    7.42    6.48    4.62  205.00  203.70  201.50  200.00    5.46    6.50    6.74    7.60
  6 13 81 20 164 -999.99  298.80  299.20  298.40    9.45    6.69    5.40    3.93  193.20  188.20  185.50  184.40    1.46    2.68    3.25    3.48
  6 13 81 21 164 -999.99  298.40  299.20  298.40   11.61    8.76    7.45    5.73  185.70  181.40  178.70  177.60    4.22    3.46    3.36    3.58
  6 13 81 22 164 -999.99  297.70  299.10  298.50   11.39    9.24    8.06    6.50  189.90  187.60  185.50  184.50    0.97    1.07    0.98    1.02
  6 13 81 23 164 -999.99  297.60  298.80  298.10   11.11    8.91    7.77    6.15  195.10  192.20  190.30  188.00    1.54    1.62    1.72    1.63
  6 13 81 24 164 -999.99  298.10  298.40  297.70   10.92    8.51    7.38    5.70  197.10  193.20  192.60  190.80    1.05    1.77    1.34    1.60
  6 14 81  1 165 -999.99  297.70  297.90  297.30   10.91    8.23    7.06    5.41  196.60  191.40  190.60  189.20    0.75    1.99    1.46    2.40
  6 14 81  2 165 -999.99  297.30  297.20  296.40   10.16    7.56    6.28    4.59  191.80  184.00  182.60  180.90    0.89    0.85    1.78    1.93
  6 14 81  3 165 -999.99  296.90  297.00  296.50   10.55    8.05    6.79    5.37  191.10  183.60  184.30  183.10    1.57    0.85    2.20    2.40
  6 14 81  4 165 -999.99  296.50  296.80  296.30   10.65    8.31    7.23    5.72  188.10  183.70  183.00  182.30    0.95    0.81    1.55    1.37
  6 14 81  5 165 -999.99  296.50  296.70  296.40   11.18    8.86    7.69    6.18  189.40  184.70  184.20  183.60    0.63    0.71    0.81    0.99
  6 14 81  6 165 -999.99  296.50  296.80  296.60   10.22    8.14    7.11    5.80  189.60  185.10  183.20  182.90    1.18    0.92    1.12    0.94
  6 14 81  7 165 -999.99  296.70  297.20  297.10    9.66    7.93    7.09    5.87  190.70  186.30  185.70  184.60    0.75    0.73    0.89    1.66
  6 14 81  8 165 -999.99  297.10  297.70  297.80    9.57    8.32    7.70    6.39  193.60  190.80  189.50  188.40    1.93    3.04    2.12    2.56
  6 14 81  9 165 -999.99  297.80  298.60  298.80   10.42    9.79    9.19    7.39  198.80  198.00  196.20  195.00    2.02    1.59    1.88    2.72
  6 14 81 10 165 -999.99  299.50  300.20  300.60   11.95   11.29   10.54    8.23  208.50  208.00  206.50  204.90    3.68    3.56    3.82    4.41
  6 14 81 11 165  292.70  300.70  301.40  301.80   12.10   11.25   10.26    7.92  213.90  213.40  210.80  209.90    2.70    2.90    2.47    3.41
  6 14 81 12 165  292.10  301.70  302.50  303.00   11.69   10.85    9.49    7.41  216.60  216.60  215.00  213.50    2.91    3.83    5.23    4.95
  6 14 81 13 165 -999.99  302.20  302.90  303.20   10.05    9.26    8.53    6.73  212.80  212.30  210.10  210.30    5.62    6.30    6.83    6.87
  6 14 81 14 165 -999.99  302.20  302.80  302.90    8.98    8.12    7.34    5.66  209.30  208.60  206.90  206.00    5.26    5.83    6.56    6.32
  6 14 81 15 165 -999.99  302.20  302.80  302.80    9.01    8.15    7.59    5.84  202.90  202.10  200.00  200.10    4.01    4.02    3.60    4.61
  6 14 81 16 165 -999.99  302.50  303.20  303.30    8.83    8.19    7.69    5.95  204.30  202.80  200.60  200.90    3.55    3.49    2.88    5.03
  6 14 81 17 165 -999.99  302.60  303.20  303.20    8.72    7.86    7.12    5.41  205.50  204.90  201.60  202.00    4.02    4.44    4.40    4.79
  6 14 81 18 165 -999.99  302.20  302.60  302.60    8.97    7.48    6.80    5.75  193.00  189.90  188.00  186.70    1.88    2.45    2.22    2.18
  6 14 81 19 165 -999.99  301.60  301.90  301.40   10.62    8.66    7.61    6.00  195.40  192.90  190.50  190.10    1.81    1.34    1.90    1.52
  6 14 81 20 165 -999.99  301.20  301.10  300.20   11.98    9.27    7.81    5.87  197.20  194.10  191.20  189.70    1.82    2.39    2.26    2.37
  6 14 81 21 165 -999.99  300.30  299.90  299.00   12.51    9.39    7.81    5.86  188.70  184.40  181.50  181.30    2.96    2.72    2.75    2.41
  6 14 81 22 165 -999.99  299.50  299.30  298.60   12.75    9.51    8.03    6.16  189.90  186.60  184.00  183.60    1.59    1.26    1.36    1.21
  6 14 81 23 165 -999.99  299.10  299.00  298.30   12.69    9.65    8.18    6.34  193.20  189.10  186.40  184.60    1.78    2.23    2.08    2.28
  6 14 81 24 165 -999.99  298.70  298.70  297.90   11.51    8.72    7.25    5.52  195.50  191.10  187.70  185.60    1.76    2.39    2.94    2.95
  6 15 81  1 166  293.00  298.50  298.40  297.70   11.40    8.50    7.17    5.19  201.10  196.40  194.00  190.80    2.41    3.22    2.81    2.57
  6 15 81  2 166  292.90  298.00  298.10  297.60   10.05    7.50    6.34    4.79  196.10  190.10  186.90  186.00    4.08    5.47    5.36    4.72
  6 15 81  3 166  292.90  297.30  297.30  297.00   10.18    7.62    6.45    5.04  185.80  179.80  176.10  176.20    4.79    3.89    4.29    4.68
  6 15 81  4 166  292.60  296.80  296.90  296.60   11.55    8.79    7.57    5.92  184.50  180.20  178.20  178.10    1.91    2.10    2.18    2.20
  6 15 81  5 166  292.40  296.60  296.60  296.20   12.04    9.12    7.80    6.16  185.50  182.60  179.80  178.50    1.15    1.67    1.31    1.24
  6 15 81  6 166  292.60  296.50  296.70  296.50   11.41    8.83    7.67    6.27  187.10  183.90  180.30  179.80    1.17    1.17    1.11    1.51
  6 15 81  7 166  293.20  297.20  297.70  297.70   10.16    8.42    7.66    6.37  189.30  187.60  185.30  183.90    1.50    2.32    2.01    2.79
  6 15 81  8 166  293.30  298.40  299.10  299.30   11.34   10.38    9.76    8.24  192.80  190.90  189.60  187.70    1.94    1.98    1.74    2.49
  6 15 81  9 166  292.70  299.70  300.40  300.50   13.56   12.77   12.02    9.91  194.20  194.00  193.10  191.00    2.91    3.93    3.88    3.70
  6 15 81 10 166  292.20  300.30  301.00  301.00   13.59   12.68   11.96    9.27  199.80  201.10  199.40  197.70    1.86    2.42    2.14    3.09
  6 15 81 11 166  291.20  300.90  301.60  301.80   14.65   13.39   12.04    9.35  211.90  213.00  210.90  209.50    6.11    6.78    6.55    6.01
  6 15 81 12 166  291.30  300.80  301.50  301.60   13.56   12.41   11.15    8.53  215.90  217.10  214.30  212.90    3.88    4.09    4.55    4.36
  6 15 81 13 166  291.90  300.70  301.40  301.80   14.66   13.54   12.04    9.36  215.90  217.20  215.30  214.60    2.44    2.66    3.25    1.78
  6 15 81 14 166  291.00  301.30  302.10  302.60   12.33   11.42    9.99    7.75  224.00  225.50  224.70  222.80    4.65    4.66    5.00    5.56
  6 15 81 15 166  290.00  301.10  301.90  302.50   11.60   10.73    9.36    6.97  228.90  230.60  228.70  227.70    5.51    5.67    5.91    7.84
  6 15 81 16 166  291.20  301.00  301.70  302.10    9.80    8.90    7.74    6.01  224.30  226.90  226.10  224.00    7.12    8.33    8.72    9.96
  6 15 81 17 166  291.60  301.60  302.30  302.30   11.51   10.58    9.81    7.65  201.00  200.70  199.20  199.10    7.96    8.73    8.44    9.10
  6 15 81 18 166  291.70  301.30  301.90  301.90   11.10   10.23    9.39    7.90  187.90  186.70  186.30  186.00    3.27    3.45    3.18    2.88
  6 15 81 19 166  291.80  299.20  299.80  299.50   10.51    8.47    7.43    5.96  200.90  200.60  199.30  199.10   30.24   29.81   28.94   30.04
  6 15 81 20 166  290.90  291.80  292.30  292.50    6.06    4.95    4.25    3.13  228.60  223.10  218.00  215.50   21.52   24.35   25.60   24.89
  6 15 81 21 166  290.70  291.60  292.20  292.40    6.85    5.48    4.61    3.45  221.80  216.80  213.00  211.50    5.95    7.85    8.30    9.19
  6 15 81 22 166  290.90  292.20  292.70  292.60    7.16    5.34    4.37    3.18  222.10  217.60  215.00  212.90    5.12    5.96    5.51    5.82
  6 15 81 23 166  290.90  292.40  292.80  292.80    6.82    5.21    4.39    3.25  212.20  204.60  201.10  198.30    9.17   11.74   11.33   11.66
  6 15 81 24 166  291.20  292.70  293.10  293.10    7.99    6.26    5.16    3.79  212.70  209.60  208.70  207.90   12.14   16.25   18.16   18.69
  6 16 81  1 167 -999.99 -999.99 -999.99 -999.99 -999.99 -999.99 -999.99 -999.99 -999.99 -999.99 -999.99 -999.99 -999.99 -999.99 -999.99 -999.99
  6 16 81  2 167 -999.99 -999.99 -999.99 -999.99 -999.99 -999.99 -999.99 -999.99 -999.99 -999.99 -999.99 -999.99 -999.99 -999.99 -999.99 -999.99
  6 16 81  3 167 -999.99 -999.99 -999.99 -999.99 -999.99 -999.99 -999.99 -999.99 -999.99 -999.99 -999.99 -999.99 -999.99 -999.99 -999.99 -999.99
  6 16 81  4 167 -999.99 -999.99 -999.99 -999.99 -999.99 -999.99 -999.99 -999.99 -999.99 -999.99 -999.99 -999.99 -999.99 -999.99 -999.99 -999.99
  6 16 81  5 167 -999.99 -999.99 -999.99 -999.99 -999.99 -999.99 -999.99 -999.99 -999.99 -999.99 -999.99 -999.99 -999.99 -999.99 -999.99 -999.99
  6 16 81  6 167 -999.99 -999.99 -999.99 -999.99 -999.99 -999.99 -999.99 -999.99 -999.99 -999.99 -999.99 -999.99 -999.99 -999.99 -999.99 -999.99
  6 16 81  7 167 -999.99 -999.99 -999.99 -999.99 -999.99 -999.99 -999.99 -999.99 -999.99 -999.99 -999.99 -999.99 -999.99 -999.99 -999.99 -999.99
  6 16 81  8 167 -999.99 -999.99 -999.99 -999.99 -999.99 -999.99 -999.99 -999.99 -999.99 -999.99 -999.99 -999.99 -999.99 -999.99 -999.99 -999.99
  6 16 81  9 167 -999.99 -999.99 -999.99 -999.99 -999.99 -999.99 -999.99 -999.99 -999.99 -999.99 -999.99 -999.99 -999.99 -999.99 -999.99 -999.99
  6 16 81 10 167 -999.99 -999.99 -999.99 -999.99 -999.99 -999.99 -999.99 -999.99 -999.99 -999.99 -999.99 -999.99 -999.99 -999.99 -999.99 -999.99
  6 16 81 11 167 -999.99 -999.99 -999.99 -999.99 -999.99 -999.99 -999.99 -999.99 -999.99 -999.99 -999.99 -999.99 -999.99 -999.99 -999.99 -999.99
  6 16 81 12 167 -999.99 -999.99 -999.99 -999.99 -999.99 -999.99 -999.99 -999.99 -999.99 -999.99 -999.99 -999.99 -999.99 -999.99 -999.99 -999.99
  6 16 81 13 167 -999.99 -999.99 -999.99 -999.99 -999.99 -999.99 -999.99 -999.99 -999.99 -999.99 -999.99 -999.99 -999.99 -999.99 -999.99 -999.99
  6 16 81 14 167 -999.99 -999.99 -999.99 -999.99 -999.99 -999.99 -999.99 -999.99 -999.99 -999.99 -999.99 -999.99 -999.99 -999.99 -999.99 -999.99
  6 16 81 15 167 -999.99 -999.99 -999.99 -999.99 -999.99 -999.99 -999.99 -999.99 -999.99 -999.99 -999.99 -999.99 -999.99 -999.99 -999.99 -999.99
  6 16 81 16 167 -999.99 -999.99 -999.99 -999.99 -999.99 -999.99 -999.99 -999.99 -999.99 -999.99 -999.99 -999.99 -999.99 -999.99 -999.99 -999.99
  6 16 81 17 167 -999.99 -999.99 -999.99 -999.99 -999.99 -999.99 -999.99 -999.99 -999.99 -999.99 -999.99 -999.99 -999.99 -999.99 -999.99 -999.99
  6 16 81 18 167 -999.99 -999.99 -999.99 -999.99 -999.99 -999.99 -999.99 -999.99 -999.99 -999.99 -999.99 -999.99 -999.99 -999.99 -999.99 -999.99
  6 16 81 19 167 -999.99 -999.99 -999.99 -999.99 -999.99 -999.99 -999.99 -999.99 -999.99 -999.99 -999.99 -999.99 -999.99 -999.99 -999.99 -999.99
  6 16 81 20 167 -999.99 -999.99 -999.99 -999.99 -999.99 -999.99 -999.99 -999.99 -999.99 -999.99 -999.99 -999.99 -999.99 -999.99 -999.99 -999.99
  6 16 81 21 167 -999.99 -999.99 -999.99 -999.99 -999.99 -999.99 -999.99 -999.99 -999.99 -999.99 -999.99 -999.99 -999.99 -999.99 -999.99 -999.99
  6 16 81 22 167 -999.99 -999.99 -999.99 -999.99 -999.99 -999.99 -999.99 -999.99 -999.99 -999.99 -999.99 -999.99 -999.99 -999.99 -999.99 -999.99
  6 16 81 23 167 -999.99 -999.99 -999.99 -999.99 -999.99 -999.99 -999.99 -999.99 -999.99 -999.99 -999.99 -999.99 -999.99 -999.99 -999.99 -999.99
  6 16 81 24 167 -999.99 -999.99 -999.99 -999.99 -999.99 -999.99 -999.99 -999.99 -999.99 -999.99 -999.99 -999.99 -999.99 -999.99 -999.99 -999.99
  6 17 81  1 168 -999.99 -999.99 -999.99 -999.99 -999.99 -999.99 -999.99 -999.99 -999.99 -999.99 -999.99 -999.99 -999.99 -999.99 -999.99 -999.99
  6 17 81  2 168 -999.99 -999.99 -999.99 -999.99 -999.99 -999.99 -999.99 -999.99 -999.99 -999.99 -999.99 -999.99 -999.99 -999.99 -999.99 -999.99
  6 17 81  3 168 -999.99 -999.99 -999.99 -999.99 -999.99 -999.99 -999.99 -999.99 -999.99 -999.99 -999.99 -999.99 -999.99 -999.99 -999.99 -999.99
  6 17 81  4 168 -999.99 -999.99 -999.99 -999.99 -999.99 -999.99 -999.99 -999.99 -999.99 -999.99 -999.99 -999.99 -999.99 -999.99 -999.99 -999.99
  6 17 81  5 168 -999.99 -999.99 -999.99 -999.99 -999.99 -999.99 -999.99 -999.99 -999.99 -999.99 -999.99 -999.99 -999.99 -999.99 -999.99 -999.99
  6 17 81  6 168 -999.99 -999.99 -999.99 -999.99 -999.99 -999.99 -999.99 -999.99 -999.99 -999.99 -999.99 -999.99 -999.99 -999.99 -999.99 -999.99
  6 17 81  7 168 -999.99 -999.99 -999.99 -999.99 -999.99 -999.99 -999.99 -999.99 -999.99 -999.99 -999.99 -999.99 -999.99 -999.99 -999.99 -999.99
  6 17 81  8 168 -999.99 -999.99 -999.99 -999.99 -999.99 -999.99 -999.99 -999.99 -999.99 -999.99 -999.99 -999.99 -999.99 -999.99 -999.99 -999.99
  6 17 81  9 168 -999.99 -999.99 -999.99 -999.99 -999.99 -999.99 -999.99 -999.99 -999.99 -999.99 -999.99 -999.99 -999.99 -999.99 -999.99 -999.99
  6 17 81 10 168 -999.99 -999.99 -999.99 -999.99 -999.99 -999.99 -999.99 -999.99 -999.99 -999.99 -999.99 -999.99 -999.99 -999.99 -999.99 -999.99
  6 17 81 11 168 -999.99 -999.99 -999.99 -999.99 -999.99 -999.99 -999.99 -999.99 -999.99 -999.99 -999.99 -999.99 -999.99 -999.99 -999.99 -999.99
  6 17 81 12 168 -999.99 -999.99 -999.99 -999.99 -999.99 -999.99 -999.99 -999.99 -999.99 -999.99 -999.99 -999.99 -999.99 -999.99 -999.99 -999.99
  6 17 81 13 168 -999.99 -999.99 -999.99 -999.99 -999.99 -999.99 -999.99 -999.99 -999.99 -999.99 -999.99 -999.99 -999.99 -999.99 -999.99 -999.99
  6 17 81 14 168 -999.99 -999.99 -999.99 -999.99 -999.99 -999.99 -999.99 -999.99 -999.99 -999.99 -999.99 -999.99 -999.99 -999.99 -999.99 -999.99
  6 17 81 15 168 -999.99 -999.99 -999.99 -999.99 -999.99 -999.99 -999.99 -999.99 -999.99 -999.99 -999.99 -999.99 -999.99 -999.99 -999.99 -999.99
  6 17 81 16 168 -999.99 -999.99 -999.99 -999.99 -999.99 -999.99 -999.99 -999.99 -999.99 -999.99 -999.99 -999.99 -999.99 -999.99 -999.99 -999.99
  6 17 81 17 168 -999.99 -999.99 -999.99 -999.99 -999.99 -999.99 -999.99 -999.99 -999.99 -999.99 -999.99 -999.99 -999.99 -999.99 -999.99 -999.99
  6 17 81 18 168 -999.99 -999.99 -999.99 -999.99 -999.99 -999.99 -999.99 -999.99 -999.99 -999.99 -999.99 -999.99 -999.99 -999.99 -999.99 -999.99
  6 17 81 19 168 -999.99 -999.99 -999.99 -999.99 -999.99 -999.99 -999.99 -999.99 -999.99 -999.99 -999.99 -999.99 -999.99 -999.99 -999.99 -999.99
  6 17 81 20 168 -999.99 -999.99 -999.99 -999.99 -999.99 -999.99 -999.99 -999.99 -999.99 -999.99 -999.99 -999.99 -999.99 -999.99 -999.99 -999.99
  6 17 81 21 168 -999.99 -999.99 -999.99 -999.99 -999.99 -999.99 -999.99 -999.99 -999.99 -999.99 -999.99 -999.99 -999.99 -999.99 -999.99 -999.99
  6 17 81 22 168 -999.99 -999.99 -999.99 -999.99 -999.99 -999.99 -999.99 -999.99 -999.99 -999.99 -999.99 -999.99 -999.99 -999.99 -999.99 -999.99
  6 17 81 23 168 -999.99 -999.99 -999.99 -999.99 -999.99 -999.99 -999.99 -999.99 -999.99 -999.99 -999.99 -999.99 -999.99 -999.99 -999.99 -999.99
  6 17 81 24 168 -999.99 -999.99 -999.99 -999.99 -999.99 -999.99 -999.99 -999.99 -999.99 -999.99 -999.99 -999.99 -999.99 -999.99 -999.99 -999.99
  0  0  0  1 169 -999.99 -999.99 -999.99 -999.99 -999.99 -999.99 -999.99 -999.99 -999.99 -999.99 -999.99 -999.99 -999.99 -999.99 -999.99 -999.99
  0  0  0  2 169 -999.99 -999.99 -999.99 -999.99 -999.99 -999.99 -999.99 -999.99 -999.99 -999.99 -999.99 -999.99 -999.99 -999.99 -999.99 -999.99
  0  0  0  3 169 -999.99 -999.99 -999.99 -999.99 -999.99 -999.99 -999.99 -999.99 -999.99 -999.99 -999.99 -999.99 -999.99 -999.99 -999.99 -999.99
  0  0  0  4 169 -999.99 -999.99 -999.99 -999.99 -999.99 -999.99 -999.99 -999.99 -999.99 -999.99 -999.99 -999.99 -999.99 -999.99 -999.99 -999.99
  0  0  0  5 169 -999.99 -999.99 -999.99 -999.99 -999.99 -999.99 -999.99 -999.99 -999.99 -999.99 -999.99 -999.99 -999.99 -999.99 -999.99 -999.99
  0  0  0  6 169 -999.99 -999.99 -999.99 -999.99 -999.99 -999.99 -999.99 -999.99 -999.99 -999.99 -999.99 -999.99 -999.99 -999.99 -999.99 -999.99
  0  0  0  7 169 -999.99 -999.99 -999.99 -999.99 -999.99 -999.99 -999.99 -999.99 -999.99 -999.99 -999.99 -999.99 -999.99 -999.99 -999.99 -999.99
  0  0  0  8 169 -999.99 -999.99 -999.99 -999.99 -999.99 -999.99 -999.99 -999.99 -999.99 -999.99 -999.99 -999.99 -999.99 -999.99 -999.99 -999.99
  0  0  0  9 169 -999.99 -999.99 -999.99 -999.99 -999.99 -999.99 -999.99 -999.99 -999.99 -999.99 -999.99 -999.99 -999.99 -999.99 -999.99 -999.99
  0  0  0 10 169 -999.99 -999.99 -999.99 -999.99 -999.99 -999.99 -999.99 -999.99 -999.99 -999.99 -999.99 -999.99 -999.99 -999.99 -999.99 -999.99
  0  0  0 11 169 -999.99 -999.99 -999.99 -999.99 -999.99 -999.99 -999.99 -999.99 -999.99 -999.99 -999.99 -999.99 -999.99 -999.99 -999.99 -999.99
  0  0  0 12 169 -999.99 -999.99 -999.99 -999.99 -999.99 -999.99 -999.99 -999.99 -999.99 -999.99 -999.99 -999.99 -999.99 -999.99 -999.99 -999.99
  0  0  0 13 169 -999.99 -999.99 -999.99 -999.99 -999.99 -999.99 -999.99 -999.99 -999.99 -999.99 -999.99 -999.99 -999.99 -999.99 -999.99 -999.99
  0  0  0 14 169 -999.99 -999.99 -999.99 -999.99 -999.99 -999.99 -999.99 -999.99 -999.99 -999.99 -999.99 -999.99 -999.99 -999.99 -999.99 -999.99
  0  0  0 15 169 -999.99 -999.99 -999.99 -999.99 -999.99 -999.99 -999.99 -999.99 -999.99 -999.99 -999.99 -999.99 -999.99 -999.99 -999.99 -999.99
  0  0  0 16 169 -999.99 -999.99 -999.99 -999.99 -999.99 -999.99 -999.99 -999.99 -999.99 -999.99 -999.99 -999.99 -999.99 -999.99 -999.99 -999.99
  0  0  0 17 169 -999.99 -999.99 -999.99 -999.99 -999.99 -999.99 -999.99 -999.99 -999.99 -999.99 -999.99 -999.99 -999.99 -999.99 -999.99 -999.99
  0  0  0 18 169 -999.99 -999.99 -999.99 -999.99 -999.99 -999.99 -999.99 -999.99 -999.99 -999.99 -999.99 -999.99 -999.99 -999.99 -999.99 -999.99
  0  0  0 19 169 -999.99 -999.99 -999.99 -999.99 -999.99 -999.99 -999.99 -999.99 -999.99 -999.99 -999.99 -999.99 -999.99 -999.99 -999.99 -999.99
  0  0  0 20 169 -999.99 -999.99 -999.99 -999.99 -999.99 -999.99 -999.99 -999.99 -999.99 -999.99 -999.99 -999.99 -999.99 -999.99 -999.99 -999.99
  0  0  0 21 169 -999.99 -999.99 -999.99 -999.99 -999.99 -999.99 -999.99 -999.99 -999.99 -999.99 -999.99 -999.99 -999.99 -999.99 -999.99 -999.99
  0  0  0 22 169 -999.99 -999.99 -999.99 -999.99 -999.99 -999.99 -999.99 -999.99 -999.99 -999.99 -999.99 -999.99 -999.99 -999.99 -999.99 -999.99
  0  0  0 23 169 -999.99 -999.99 -999.99 -999.99 -999.99 -999.99 -999.99 -999.99 -999.99 -999.99 -999.99 -999.99 -999.99 -999.99 -999.99 -999.99
  0  0  0 24 169 -999.99 -999.99 -999.99 -999.99 -999.99 -999.99 -999.99 -999.99 -999.99 -999.99 -999.99 -999.99 -999.99 -999.99 -999.99 -999.99
  6 19 81  1 170 -999.99 -999.99 -999.99 -999.99 -999.99 -999.99 -999.99 -999.99 -999.99 -999.99 -999.99 -999.99 -999.99 -999.99 -999.99 -999.99
  6 19 81  2 170 -999.99 -999.99 -999.99 -999.99 -999.99 -999.99 -999.99 -999.99 -999.99 -999.99 -999.99 -999.99 -999.99 -999.99 -999.99 -999.99
  6 19 81  3 170 -999.99 -999.99 -999.99 -999.99 -999.99 -999.99 -999.99 -999.99 -999.99 -999.99 -999.99 -999.99 -999.99 -999.99 -999.99 -999.99
  6 19 81  4 170 -999.99 -999.99 -999.99 -999.99 -999.99 -999.99 -999.99 -999.99 -999.99 -999.99 -999.99 -999.99 -999.99 -999.99 -999.99 -999.99
  6 19 81  5 170 -999.99 -999.99 -999.99 -999.99 -999.99 -999.99 -999.99 -999.99 -999.99 -999.99 -999.99 -999.99 -999.99 -999.99 -999.99 -999.99
  6 19 81  6 170 -999.99 -999.99 -999.99 -999.99 -999.99 -999.99 -999.99 -999.99 -999.99 -999.99 -999.99 -999.99 -999.99 -999.99 -999.99 -999.99
  6 19 81  7 170 -999.99 -999.99 -999.99 -999.99 -999.99 -999.99 -999.99 -999.99 -999.99 -999.99 -999.99 -999.99 -999.99 -999.99 -999.99 -999.99
  6 19 81  8 170 -999.99 -999.99 -999.99 -999.99 -999.99 -999.99 -999.99 -999.99 -999.99 -999.99 -999.99 -999.99 -999.99 -999.99 -999.99 -999.99
  6 19 81  9 170 -999.99 -999.99 -999.99 -999.99 -999.99 -999.99 -999.99 -999.99 -999.99 -999.99 -999.99 -999.99 -999.99 -999.99 -999.99 -999.99
  6 19 81 10 170 -999.99 -999.99 -999.99 -999.99 -999.99 -999.99 -999.99 -999.99 -999.99 -999.99 -999.99 -999.99 -999.99 -999.99 -999.99 -999.99
  6 19 81 11 170 -999.99 -999.99 -999.99 -999.99 -999.99 -999.99 -999.99 -999.99 -999.99 -999.99 -999.99 -999.99 -999.99 -999.99 -999.99 -999.99
  6 19 81 12 170 -999.99 -999.99 -999.99 -999.99 -999.99 -999.99 -999.99 -999.99 -999.99 -999.99 -999.99 -999.99 -999.99 -999.99 -999.99 -999.99
  6 19 81 13 170 -999.99 -999.99 -999.99 -999.99 -999.99 -999.99 -999.99 -999.99 -999.99 -999.99 -999.99 -999.99 -999.99 -999.99 -999.99 -999.99
  6 19 81 14 170 -999.99 -999.99 -999.99 -999.99 -999.99 -999.99 -999.99 -999.99 -999.99 -999.99 -999.99 -999.99 -999.99 -999.99 -999.99 -999.99
  6 19 81 15 170 -999.99 -999.99 -999.99 -999.99 -999.99 -999.99 -999.99 -999.99 -999.99 -999.99 -999.99 -999.99 -999.99 -999.99 -999.99 -999.99
  6 19 81 16 170 -999.99 -999.99 -999.99 -999.99 -999.99 -999.99 -999.99 -999.99 -999.99 -999.99 -999.99 -999.99 -999.99 -999.99 -999.99 -999.99
  6 19 81 17 170 -999.99 -999.99 -999.99 -999.99 -999.99 -999.99 -999.99 -999.99 -999.99 -999.99 -999.99 -999.99 -999.99 -999.99 -999.99 -999.99
  6 19 81 18 170 -999.99 -999.99 -999.99 -999.99 -999.99 -999.99 -999.99 -999.99 -999.99 -999.99 -999.99 -999.99 -999.99 -999.99 -999.99 -999.99
  6 19 81 19 170 -999.99 -999.99 -999.99 -999.99 -999.99 -999.99 -999.99 -999.99 -999.99 -999.99 -999.99 -999.99 -999.99 -999.99 -999.99 -999.99
  6 19 81 20 170 -999.99 -999.99 -999.99 -999.99 -999.99 -999.99 -999.99 -999.99 -999.99 -999.99 -999.99 -999.99 -999.99 -999.99 -999.99 -999.99
  6 19 81 21 170 -999.99 -999.99 -999.99 -999.99 -999.99 -999.99 -999.99 -999.99 -999.99 -999.99 -999.99 -999.99 -999.99 -999.99 -999.99 -999.99
  6 19 81 22 170 -999.99 -999.99 -999.99 -999.99 -999.99 -999.99 -999.99 -999.99 -999.99 -999.99 -999.99 -999.99 -999.99 -999.99 -999.99 -999.99
  6 19 81 23 170 -999.99 -999.99 -999.99 -999.99 -999.99 -999.99 -999.99 -999.99 -999.99 -999.99 -999.99 -999.99 -999.99 -999.99 -999.99 -999.99
  6 19 81 24 170 -999.99 -999.99 -999.99 -999.99 -999.99 -999.99 -999.99 -999.99 -999.99 -999.99 -999.99 -999.99 -999.99 -999.99 -999.99 -999.99
  6 21 81  1 172 -999.99 -999.99 -999.99 -999.99 -999.99 -999.99 -999.99 -999.99 -999.99 -999.99 -999.99 -999.99 -999.99 -999.99 -999.99 -999.99
  6 21 81  2 172 -999.99 -999.99 -999.99 -999.99 -999.99 -999.99 -999.99 -999.99 -999.99 -999.99 -999.99 -999.99 -999.99 -999.99 -999.99 -999.99
  6 21 81  3 172 -999.99 -999.99 -999.99 -999.99 -999.99 -999.99 -999.99 -999.99 -999.99 -999.99 -999.99 -999.99 -999.99 -999.99 -999.99 -999.99
  6 21 81  4 172 -999.99 -999.99 -999.99 -999.99 -999.99 -999.99 -999.99 -999.99 -999.99 -999.99 -999.99 -999.99 -999.99 -999.99 -999.99 -999.99
  6 21 81  5 172 -999.99 -999.99 -999.99 -999.99 -999.99 -999.99 -999.99 -999.99 -999.99 -999.99 -999.99 -999.99 -999.99 -999.99 -999.99 -999.99
  6 21 81  6 172 -999.99 -999.99 -999.99 -999.99 -999.99 -999.99 -999.99 -999.99 -999.99 -999.99 -999.99 -999.99 -999.99 -999.99 -999.99 -999.99
  6 21 81  7 172 -999.99 -999.99 -999.99 -999.99 -999.99 -999.99 -999.99 -999.99 -999.99 -999.99 -999.99 -999.99 -999.99 -999.99 -999.99 -999.99
  6 21 81  8 172 -999.99 -999.99 -999.99 -999.99 -999.99 -999.99 -999.99 -999.99 -999.99 -999.99 -999.99 -999.99 -999.99 -999.99 -999.99 -999.99
  6 21 81  9 172 -999.99 -999.99 -999.99 -999.99 -999.99 -999.99 -999.99 -999.99 -999.99 -999.99 -999.99 -999.99 -999.99 -999.99 -999.99 -999.99
  6 21 81 10 172 -999.99 -999.99 -999.99 -999.99 -999.99 -999.99 -999.99 -999.99 -999.99 -999.99 -999.99 -999.99 -999.99 -999.99 -999.99 -999.99
  6 21 81 11 172 -999.99 -999.99 -999.99 -999.99 -999.99 -999.99 -999.99 -999.99 -999.99 -999.99 -999.99 -999.99 -999.99 -999.99 -999.99 -999.99
  6 21 81 12 172 -999.99 -999.99 -999.99 -999.99 -999.99 -999.99 -999.99 -999.99 -999.99 -999.99 -999.99 -999.99 -999.99 -999.99 -999.99 -999.99
  6 21 81 13 172 -999.99 -999.99 -999.99 -999.99 -999.99 -999.99 -999.99 -999.99 -999.99 -999.99 -999.99 -999.99 -999.99 -999.99 -999.99 -999.99
  6 21 81 14 172 -999.99 -999.99 -999.99 -999.99 -999.99 -999.99 -999.99 -999.99 -999.99 -999.99 -999.99 -999.99 -999.99 -999.99 -999.99 -999.99
  6 21 81 15 172 -999.99 -999.99 -999.99 -999.99 -999.99 -999.99 -999.99 -999.99 -999.99 -999.99 -999.99 -999.99 -999.99 -999.99 -999.99 -999.99
  6 21 81 16 172 -999.99 -999.99 -999.99 -999.99 -999.99 -999.99 -999.99 -999.99 -999.99 -999.99 -999.99 -999.99 -999.99 -999.99 -999.99 -999.99
  6 21 81 17 172 -999.99 -999.99 -999.99 -999.99 -999.99 -999.99 -999.99 -999.99 -999.99 -999.99 -999.99 -999.99 -999.99 -999.99 -999.99 -999.99
  6 21 81 18 172 -999.99 -999.99 -999.99 -999.99 -999.99 -999.99 -999.99 -999.99 -999.99 -999.99 -999.99 -999.99 -999.99 -999.99 -999.99 -999.99
  6 21 81 19 172 -999.99 -999.99 -999.99 -999.99 -999.99 -999.99 -999.99 -999.99 -999.99 -999.99 -999.99 -999.99 -999.99 -999.99 -999.99 -999.99
  6 21 81 20 172 -999.99 -999.99 -999.99 -999.99 -999.99 -999.99 -999.99 -999.99 -999.99 -999.99 -999.99 -999.99 -999.99 -999.99 -999.99 -999.99
  6 21 81 21 172 -999.99 -999.99 -999.99 -999.99 -999.99 -999.99 -999.99 -999.99 -999.99 -999.99 -999.99 -999.99 -999.99 -999.99 -999.99 -999.99
  6 21 81 22 172 -999.99 -999.99 -999.99 -999.99 -999.99 -999.99 -999.99 -999.99 -999.99 -999.99 -999.99 -999.99 -999.99 -999.99 -999.99 -999.99
  6 21 81 23 172 -999.99 -999.99 -999.99 -999.99 -999.99 -999.99 -999.99 -999.99 -999.99 -999.99 -999.99 -999.99 -999.99 -999.99 -999.99 -999.99
  6 21 81 24 172 -999.99 -999.99 -999.99 -999.99 -999.99 -999.99 -999.99 -999.99 -999.99 -999.99 -999.99 -999.99 -999.99 -999.99 -999.99 -999.99
